Power_Input_W,Pressure_Input_Torr,N2_Percent_Input,Power_Measured_W,Power_Measured_W_err,Pressure_Measured_Torr,N2_Percent_Measured,N2_Flow_Measured_sccm,Ar_Flow_Measured_sccm,Forward_Power_W,Forward_Power_W_err,Reflected_Power_W,Reflected_Power_W_err,Gamma,Gamma_err,N_s_cm3,N_s_cm3_err,T_gas_K,T_gas_K_err
30,1.5,0.0,30.066666666666663,0.0471404520791038,1.51,-0.005000250012500626,-0.004,80.0,37.5,0.0816496580927737,7.433333333333334,0.047140452079103,0.4452187724541725,0.0010189814784838,99228694077.84727,1153172506.497794,673.494332717957,19.14427877520209
30,1.5,0.3333333333333333,30.066666666666663,0.0942809041582076,1.509,0.3512017097649073,0.281,79.73,36.83333333333333,0.0471404520791038,6.766666666666667,0.047140452079103,0.4286131328479928,0.0017682533894762,86152418424.24321,1545072787.7659922,691.4280234633222,25.306504299026766
30,1.5,0.6666666666666666,30.03333333333333,0.1247219128924617,1.508,0.6712751728189807,0.537,79.46,36.23333333333333,0.0471404520791004,6.2,0.0816496580927726,0.413651088832139,0.0029594291261761,79422760578.45766,3076141746.9600463,674.5082787394057,52.08283189545015
30,1.5,1.0,30.03333333333333,0.1247219128924649,1.508,1.0049497525123743,0.804,79.2,35.36666666666667,0.0471404520791038,5.333333333333333,0.0942809041582064,0.3883173539088778,0.003579127337835,74188484704.18661,1917680062.811171,702.7049498955012,34.25543358070934
30,1.5,1.3333333333333333,30.0,0.0,1.507,1.3424328783560822,1.074,78.93,35.0,0.0,5.0,0.0,0.3779644730092271,5.551115123125783e-17,65578974637.64696,1253660080.200665,708.4292325251455,25.843829403630224
30,1.5,1.6666666666666663,30.03333333333333,0.0471404520791038,1.507,1.6454936480944282,1.316,78.66,34.833333333333336,0.0471404520791038,4.8,0.0,0.3712131896791517,0.0002510040628575,60629864261.052315,2584103213.094246,743.994396483537,63.100955137965464
30,1.5,2.0,30.0,0.1414213562373081,1.506,1.9950997549877494,1.596,78.4,34.800000000000004,0.1414213562373081,4.8,0.0,0.371392970919171,0.0007530199387731,51733158672.340515,1858104713.6730137,691.564969064201,49.47309255171952
30,1.5,2.333333333333333,30.0,0.0816496580927737,1.505,2.335350302545382,1.868,78.12,34.9,0.0816496580927737,4.9,0.0,0.3747021783903849,0.0004383155085191,46471831396.67682,1348795029.842825,714.6757085485115,36.81968531096809
30,1.5,2.6666666666666665,30.066666666666663,0.0471404520791038,1.505,2.669466106778645,2.136,77.88,34.96666666666667,0.0471404520791038,4.9,0.0,0.3743442955517735,0.0002525175534023,39624409466.51899,995546621.0253612,674.6184666185889,35.86134315459647
30,1.5,3.0,30.03333333333333,0.0471404520791038,1.5039999999999998,3.0003750468808597,2.4,77.59,34.96666666666667,0.0471404520791038,4.933333333333334,0.047140452079103,0.3756105403290513,0.0016787862780837,73957012555.89981,3766519377.599232,3072.3208342219605,262.0145490015779
35,1.5,0.0,35.1,0.0816496580927737,1.51,-0.002500375056258439,-0.002,79.99,45.9,0.0816496580927737,10.800000000000002,1.7763568394002505e-15,0.485071825673846,0.0004314383097747,101863868294.11618,4126344693.552929,654.8689332966067,49.58187305748741
35,1.5,0.3333333333333333,35.1,0.0816496580927737,1.509,0.33131212102269175,0.265,79.72,43.03333333333333,0.0471404520791038,7.933333333333334,0.047140452079103,0.4293623830501465,0.0014068283535161,100348197089.78954,1727798147.142087,697.7619902816082,25.764433744347933
35,1.5,0.6666666666666666,34.86666666666667,0.0471404520791038,1.508,0.6650665066506651,0.532,79.46,42.96666666666667,0.0471404520791038,8.1,0.0,0.4341870581778275,0.0002383207585335,80062549758.00461,2362169872.284981,705.9567430700765,39.30495503762138
35,1.5,1.0,35.03333333333333,0.0471404520791038,1.507,1.002349647552867,0.802,79.21,42.53333333333333,0.0471404520791038,7.5,0.0,0.4199195765217167,0.0002325655630259,77561633612.18314,1097911652.4928854,797.744644411069,18.4197754515636
35,1.5,1.3333333333333333,34.96666666666667,0.0471404520791038,1.507,1.3385659471822624,1.071,78.94,41.66666666666667,0.0471404520791038,6.7,0.0,0.4009989457232594,0.0002269755260752,66877612528.93792,2332933931.7067833,718.5307664819888,43.36864073339636
35,1.5,1.6666666666666663,34.93333333333334,0.1247219128924639,1.506,1.6586048720736932,1.327,78.68,40.833333333333336,0.1247219128924639,5.900000000000001,8.881784197001252e-16,0.3801194627419582,0.0005800169782886,63681291136.93315,928749419.9496922,776.6287672717652,20.845152806725753
35,1.5,2.0,35.0,0.0816496580927708,1.506,1.9955986796038814,1.596,78.38,40.8,0.0816496580927708,5.8,0.0,0.3770375176784094,0.0003772680281258,54867670762.80607,755260027.9356091,731.3180673519432,13.544364007341652
35,1.5,2.333333333333333,34.96666666666667,0.0471404520791038,1.505,2.3384284660859134,1.871,78.14,40.86666666666667,0.0471404520791038,5.900000000000001,8.881784197001252e-16,0.3799632685498643,0.0002192815380068,51510497883.393005,1994609472.1687129,785.0569082357381,60.221347273350084
35,1.5,2.6666666666666665,35.03333333333334,0.1247219128924639,1.505,2.661948761549907,2.129,77.85,40.833333333333336,0.1247219128924639,5.8,0.0,0.3768843446524799,0.000575080573809,43361979855.11287,469296761.6438926,688.4358645479067,12.730795196795782
35,1.5,3.0,35.0,0.0,1.5039999999999998,3.0064379023688974,2.405,77.59,40.8,0.0,5.8,0.0,0.3770369514319492,0.0,41093277400.03843,201309686.66098118,774.2042079024224,6.336004847903646
40,1.5,0.0,40.0,0.0816496580927708,1.51,-0.006250390649415588,-0.005,80.0,55.8,0.1632993161855446,15.800000000000002,0.081649658092773,0.532120201730289,0.0005963062257681,84361487524.93745,2645403666.3767242,716.0244057552667,44.29086020303126
40,1.5,0.3333333333333333,40.06666666666667,0.0942809041582076,1.509,0.3362542031775397,0.269,79.73,50.76666666666667,0.0942809041582043,10.699999999999998,1.7763568394002505e-15,0.4590955948643896,0.0004258837949813,90831992465.09888,4074678543.9664392,707.6242971265706,60.64631455035424
40,1.5,0.6666666666666666,39.86666666666667,0.0471404520791038,1.508,0.6687082057371415,0.535,79.47,48.96666666666667,0.0471404520791038,9.1,0.0,0.4310926086307026,0.0002076135442923,95867239022.62283,3886211994.4264464,687.9278430641725,58.29448825713507
40,1.5,1.0,39.93333333333334,0.0471404520791004,1.508,0.9939363630680753,0.795,79.19,49.13333333333333,0.0471404520791038,9.2,0.0,0.4327189843660095,0.0002074782894343,76286322210.02095,3240861008.9171066,767.630418493861,62.12637895886879
40,1.5,1.3333333333333333,40.0,0.0816496580927679,1.507,1.335033375834396,1.068,78.93,48.79999999999999,0.0816496580927708,8.8,0.0,0.424650735858072,0.0003552526192571,64741000810.53733,2388827774.8753333,716.2141368433907,56.66168490417613
40,1.5,1.6666666666666663,40.0,0.0,1.507,1.6733525787625438,1.339,78.68,47.93333333333334,0.0471404520791038,7.933333333333334,0.047140452079103,0.4068240759423764,0.0010070717460074,61332883742.44179,1915233529.7591019,738.6494555710273,42.15452897769685
40,1.5,2.0,40.06666666666666,0.0471404520791038,1.506,1.9968240869249911,1.597,78.38,47.03333333333333,0.0471404520791038,6.966666666666666,0.047140452079103,0.3848636901575704,0.0012190683754074,56442554056.325455,2774453169.406198,707.4765751773377,68.57029498613758
40,1.5,2.333333333333333,39.96666666666667,0.0471404520791038,1.505,2.345117255862793,1.876,78.12,46.66666666666666,0.0471404520791038,6.7,0.0,0.3789083510732748,0.0001914802511728,52903572622.27963,608993659.8157167,788.7967810055335,22.80740694387224
40,1.5,2.6666666666666665,40.06666666666666,0.0471404520791021,1.505,2.6633837847295996,2.131,77.88,46.7,0.0816496580927708,6.633333333333333,0.0471404520791034,0.3768808470338483,0.0010644236988931,45971597391.80773,405378458.2416184,713.3668993612844,15.377601818736116
40,1.5,3.0,40.03333333333333,0.0942809041582076,1.5039999999999998,2.988712641091986,2.391,77.61,46.56666666666667,0.1247219128924664,6.533333333333334,0.047140452079103,0.3745644871648637,0.0010236256527019,45192127012.8326,347699623.35200983,866.1640067878832,12.76170343747717
45,1.5,0.0,44.96666666666666,0.0471404520791004,1.51,-0.0037506094740395314,-0.003,79.99,65.56666666666666,0.0471404520791004,20.6,0.0,0.5605213273918143,0.0002015758368759,72727990456.88235,3722915966.190978,599.3239112988796,61.64605018298026
45,1.5,0.3333333333333333,44.86666666666667,0.0942809041582076,1.509,0.3449310137972406,0.276,79.74,57.93333333333334,0.1247219128924664,13.066666666666668,0.047140452079103,0.474916825624649,0.0005778635994214,98540108194.30649,19100777177.14487,789.6208704970603,296.8782149756318
45,1.5,0.6666666666666666,45.06666666666667,0.1247219128924664,1.508,0.6586923644181134,0.527,79.48,55.46666666666666,0.1247219128924664,10.4,0.0,0.4330135235033137,0.0004871505097862,90910176129.8786,1411647568.159344,766.8494982086822,24.208731272094003
45,1.5,1.0,45.03333333333333,0.0942809041582076,1.508,1.0061871133054183,0.805,79.2,55.03333333333333,0.0942809041582076,10.0,0.0,0.4262727484869766,0.0003654690515596,85813916359.27051,2806322645.4590282,682.0674968656483,40.66475730955469
45,1.5,1.3333333333333333,44.96666666666667,0.0471404520791004,1.507,1.3373328333958256,1.07,78.94,55.26666666666667,0.0471404520791004,10.3,0.0,0.431705016378535,0.0001841976811368,66262386352.06604,2435830842.6074324,721.0425765020332,49.86296689454935
45,1.5,1.6666666666666663,45.0,0.1414213562373081,1.507,1.6612707658845738,1.329,78.67,54.76666666666667,0.0942809041582043,9.766666666666667,0.0471404520791038,0.4222942283893018,0.0013825496325861,60831755435.31477,702218519.8805412,736.7973246144135,17.120820059867135
45,1.5,2.0,45.0,0.0,1.506,2.0103015452317847,1.608,78.38,54.29999999999999,7.105427357601002e-15,9.3,0.0,0.4138486658575139,0.0,53164323344.8604,966748630.6878086,668.2393695106039,22.870461478643108
45,1.5,2.333333333333333,44.96666666666667,0.0471404520791004,1.505,2.339649052642104,1.872,78.14,53.16666666666666,0.0471404520791038,8.2,0.0,0.3927239054437665,0.0001741871087484,54709000338.79751,1456577132.60703,773.0973935426211,37.22189434713599
45,1.5,2.6666666666666665,44.93333333333334,0.0942809041582043,1.505,2.671016286074968,2.137,77.87,52.73333333333333,0.0942809041582043,7.8,0.0,0.3845963960467185,0.0003441328244746,49701183982.875984,1053118594.6473907,756.6124517212174,25.223003039625628
45,1.5,3.0,44.96666666666667,0.0471404520791038,1.5039999999999998,3.006898620275945,2.406,77.61,52.53333333333333,0.0942809041582076,7.566666666666666,0.047140452079103,0.3795176856267719,0.0008433884595065,43678303471.549805,281229204.9264136,746.4691061259359,6.42538059982159
50,1.5,0.0,50.0,0.0,1.51,0.0049985004498650405,0.004,80.02,74.7,0.0,24.7,0.0,0.5750269186411896,0.0,70530716932.39122,3188279166.6600842,629.7581305838114,53.35028577512692
50,1.5,0.3333333333333333,50.0,0.1632993161855446,1.509,0.3375421927740968,0.27,79.72,67.7,0.1632993161855475,17.7,0.1632993161855446,0.5113136787269132,0.002118528451165,88866390135.49754,2251091319.800348,731.9996312155765,36.13084294120915
50,1.5,0.6666666666666666,50.2,0.0816496580927737,1.508,0.6697823207457577,0.536,79.49,64.8,0.0,14.6,0.0816496580927723,0.4746650190374417,0.0013272819947895,88657650560.65218,1291332282.9940944,718.1720562499652,22.236724779348688
50,1.5,1.0,49.93333333333334,0.0942809041582043,1.508,1.0013626532984963,0.801,79.19,60.4,0.1414213562373081,10.466666666666669,0.047140452079103,0.4162788740149357,0.0004510159484824,82733800499.59459,3241331780.951409,738.7201275109015,53.6712445880186
50,1.5,1.3333333333333333,50.03333333333333,0.0942809041582076,1.507,1.3276327632763276,1.062,78.93,61.13333333333333,0.0942809041582076,11.1,0.0,0.4261110914352943,0.000328847196859,78206688556.14081,1511026905.556886,707.5625121584204,30.16197380443718
50,1.5,1.6666666666666663,50.1,0.0816496580927737,1.507,1.6559395113416235,1.325,78.69,61.1,0.0816496580927737,11.0,0.0,0.4243029275741656,0.000283504357318,62526553273.024475,723877917.244657,739.3698884340708,20.53142969184262
50,1.5,2.0,49.96666666666667,0.0942809041582009,1.506,2.000500125031258,1.6,78.38,61.26666666666667,0.0942809041582043,11.300000000000002,1.7763568394002505e-15,0.4294647081560753,0.0003301740792607,54150308852.67702,1082241166.810394,696.8272560267395,20.09425791035642
50,1.5,2.333333333333333,50.0,0.1414213562373098,1.505,2.345117255862793,1.876,78.12,60.833333333333336,0.1247219128924639,10.833333333333334,0.047140452079103,0.4219977018112439,0.0010851387561787,53217486880.60551,696256804.1450831,802.7266639950215,22.021219826448515
50,1.5,2.6666666666666665,50.0,0.0816496580927679,1.505,2.6762165472931585,2.141,77.86,60.20000000000001,0.0816496580927708,10.2,0.0,0.4116253754484149,0.0002791454704257,45970703656.84382,1338373313.3703501,694.1695803267561,42.57139504218369
50,1.5,3.0,50.1,0.0816496580927737,1.5039999999999998,3.0081107764600024,2.407,77.61,59.0,0.0816496580927737,8.9,0.0,0.3883911357127516,0.0002687461537333,44216238473.76911,1208511611.3627205,703.1866873825601,34.445696600925466
55,1.5,0.0,55.0,0.1632993161855446,1.51,0.00999775050613612,0.008,80.01,82.66666666666667,0.1247219128924639,27.666666666666668,0.0471404520791021,0.5785136758728507,0.0008710209009026,64477732632.51285,1160464757.8464918,604.3260688070698,20.853129520480294
55,1.5,0.3333333333333333,55.0,0.1632993161855446,1.508,0.3325581976845948,0.266,79.72,77.60000000000001,0.0816496580927737,22.6,0.1414213562373098,0.5396614664637658,0.0017143135370569,87007623552.13129,3475857416.774939,750.4285851345996,55.413581850850335
55,1.5,0.6666666666666666,55.0,0.0,1.508,0.664900264960256,0.532,79.48,71.63333333333333,0.0942809041582076,16.633333333333336,0.094280904158206,0.4818698882523106,0.0010503553894339,87202165300.25885,2699665291.3824816,707.3333367719146,46.60105687546893
55,1.5,1.0,54.93333333333334,0.0942809041582076,1.508,0.9863856280238533,0.789,79.2,69.63333333333333,0.0942809041582076,14.699999999999998,1.7763568394002505e-15,0.4594628197459277,0.0003112713228803,82924458989.01476,2500237573.3460717,737.528508061256,43.15046331983558
55,1.5,1.3333333333333333,54.96666666666666,0.0471404520791071,1.507,1.3362667033337914,1.069,78.93,66.16666666666667,0.0471404520791071,11.199999999999998,1.7763568394002505e-15,0.411423851856823,0.0001466149109977,77939917805.73677,1934950178.9419627,794.1400398732319,33.35647521363309
55,1.5,1.6666666666666663,54.96666666666667,0.0942809041582043,1.507,1.667208238558252,1.334,78.68,66.60000000000001,0.1414213562373081,11.633333333333333,0.047140452079103,0.4179399460387134,0.0004023122345118,72134308119.00247,849741877.9317312,723.7568158135334,15.954819004992899
55,1.5,2.0,54.900000000000006,0.1414213562373148,1.506,2.0171469992751265,1.614,78.4,67.3,0.1414213562373148,12.4,0.0,0.4292437995845068,0.0004515010474057,57663803508.839134,407494973.8125324,734.8317670140228,22.673488312810743
55,1.5,2.333333333333333,55.0,4.1023203976182695e-15,1.505,2.3347665233476653,1.868,78.14,67.66666666666667,0.0471404520791071,12.666666666666666,0.047140452079103,0.4326560925818641,0.0006550595557811,53508087483.52496,1943095127.591283,789.6205109141129,56.29493907305139
55,1.5,2.6666666666666665,54.96666666666666,0.0471404520791071,1.505,2.6573007024473165,2.126,77.88,67.23333333333333,0.0942809041582076,12.266666666666666,0.0471404520791038,0.4271396544523592,0.0005220015991782,46931992465.343025,1089934233.5400944,715.0907476259167,27.55467730835121
55,1.5,3.0,55.16666666666666,0.1247219128924633,1.5039999999999998,2.991137832331287,2.393,77.61,66.76666666666667,0.0471404520791004,11.6,0.0816496580927723,0.4168185188541435,0.0015962568005949,46624490950.950645,892972318.4658946,831.349159105969,32.57724103922161
60,1.5,0.0,53.76666666666667,3.184685576665646,1.509,0.004999750012499375,0.004,80.0,81.19999999999999,3.307567081708243,27.433333333333334,0.1247219128924652,0.5815815665948786,0.0105511446174288,66950387663.914055,1725292135.5611913,617.6048454724512,29.229167705060508
60,1.5,0.3333333333333333,60.03333333333333,0.124721912892469,1.509,0.3436855589576955,0.275,79.74,86.66666666666667,0.0471404520791071,26.633333333333336,0.094280904158206,0.5543527258268456,0.0010651771657609,77991593486.31902,1947001494.0875225,673.2281792743855,29.82968489008953
60,1.5,0.6666666666666666,60.0,0.0816496580927708,1.508,0.6551310262052412,0.524,79.46,81.5,0.0816496580927679,21.5,0.0816496580927737,0.5136172475253465,0.0008754115626935,82500182348.7844,785276724.496645,683.0824946193785,17.128009556978043
60,1.5,1.0,59.900000000000006,4.1023203976182695e-15,1.507,0.9975249381234532,0.798,79.2,76.73333333333333,0.0471404520791004,16.833333333333332,0.0471404520791021,0.4683736764972752,0.0005115332213911,85669880433.33875,22853651617.33007,814.0437606661629,414.5185892210275
60,1.5,1.3333333333333333,60.0,0.0816496580927679,1.507,1.3338000175006561,1.067,78.93,75.03333333333333,0.0942809041582009,15.033333333333331,0.047140452079103,0.4476102609154266,0.0006111247177611,77058008686.42082,2336331198.95803,768.4949674926014,44.04016525148737
60,1.5,1.6666666666666663,60.0,0.0816496580927737,1.507,1.6588122054577046,1.327,78.67,71.4,0.0816496580927737,11.4,0.0,0.3995798069751783,0.0002284704805256,69650133530.24176,2107450437.3895497,736.4881743523397,46.92362978887908
60,1.5,2.0,60.1,0.1414213562373064,1.506,1.9914242496218417,1.593,78.4,73.06666666666668,0.1247219128924626,12.966666666666669,0.047140452079103,0.4212640610386808,0.0009062569468533,66050854691.34584,797084285.91573,702.8106472991261,15.581411122475949
60,1.5,2.333333333333333,59.96666666666668,0.0942809041582076,1.505,2.3384284660859134,1.871,78.14,73.76666666666667,0.0942809041582076,13.800000000000002,1.7763568394002505e-15,0.4325235206861721,0.0002762162608748,55926729793.402695,1544648941.8050992,790.6674052221647,39.7797290393498
60,1.5,2.6666666666666665,59.96666666666666,0.0471404520791055,1.5039999999999998,2.674665666791651,2.14,77.87,73.63333333333333,0.0471404520791071,13.666666666666666,0.047140452079103,0.4308175340625464,0.0006851286551576,47033190335.575966,562393412.5447763,698.1838417828509,15.538615897531947
60,1.5,3.0,60.0,5.801557143511545e-15,1.5039999999999998,2.9947753918456117,2.396,77.61,73.56666666666666,0.0471404520791004,13.566666666666668,0.047140452079103,0.4294327940641746,0.0006090773810007,45802217226.71275,698136094.862741,779.5659779629734,19.791284762379494
65,1.5,0.0,58.69999999999999,8.774204617323822,1.509,0.004999125153098208,0.004,80.01,85.5,8.55686858611256,26.8,0.2943920288775946,0.561965387103884,0.0290373394477304,62043527716.427155,3613951315.7584558,680.3331854858213,60.26092148084435
65,1.5,0.3333333333333333,64.93333333333334,0.0471404520791004,1.509,0.33131212102269175,0.265,79.72,95.8,0.0816496580927737,30.866666666666664,0.0471404520791021,0.5676256086607707,0.0002546740486066,79746619474.20654,1942134799.7855287,760.6048995315491,34.20061485907058
65,1.5,0.6666666666666666,64.83333333333334,0.0942809041582076,1.508,0.6562089869383163,0.525,79.48,91.5,0.0,26.666666666666668,0.094280904158206,0.5398500443184014,0.0009537363315013,81951200004.09445,1608074135.0544453,728.7977924806984,30.827545648858802
65,1.5,1.0,64.96666666666667,0.0942809041582009,1.508,0.9987624845310565,0.799,79.2,85.63333333333333,0.1699673171197563,20.666666666666668,0.1247219128924649,0.4912599526312273,0.0011066980172303,82578322148.58652,1913108605.2740552,748.0018918378879,33.60128805385011
65,1.5,1.3333333333333333,64.93333333333334,0.1247219128924626,1.507,1.3362667033337914,1.069,78.93,83.53333333333335,0.2054804667656324,18.6,0.0816496580927723,0.4718732309117386,0.0004641817730894,80654626607.30444,2648851646.4844217,825.9688552091843,54.43937050099315
65,1.5,1.6666666666666663,64.73333333333333,0.0471404520791071,1.507,1.664145234493192,1.331,78.65,79.43333333333334,0.0471404520791004,14.699999999999998,0.081649658092773,0.4301850825651165,0.0010860432348273,70743825853.64558,1586136618.3368304,748.9228819563848,32.330666389510924
65,1.5,2.0,65.03333333333333,0.0471404520791004,1.506,1.9914242496218417,1.593,78.4,77.53333333333333,0.0471404520791004,12.5,0.0,0.4015233802733195,0.0001220242546466,66551444090.79031,1875816306.0091162,777.1293497978519,42.18025417884721
65,1.5,2.333333333333333,64.96666666666665,0.1699673171197563,1.505,2.3347665233476653,1.868,78.14,78.86666666666667,0.1699673171197563,13.9,0.0,0.419818345782057,0.0004519951862329,63539510021.97739,1233282198.16012,807.1585943359008,31.171069089373603
65,1.5,2.6666666666666665,65.03333333333333,0.3091206165165258,1.505,2.6652665266526654,2.132,77.86,79.73333333333333,0.3091206165165258,14.699999999999998,1.7763568394002505e-15,0.4293793558666714,0.0008339223413158,53628997277.59036,936286894.1241349,796.4827312924962,27.71705100129783
65,1.5,3.0,65.03333333333335,0.1885618083164153,1.5039999999999998,3.008486757408727,2.407,77.6,79.63333333333334,0.1885618083164153,14.6,0.0,0.4281834649444274,0.0005063075386369,45666793800.21398,1396175228.4778297,750.5276830705989,38.699690889541614
70,1.5,0.0,70.0,0.0816496580927679,1.51,-0.0,-0.0,80.01,95.53333333333336,0.1247219128924639,25.53333333333333,0.0471404520791038,0.5169828510717452,0.0001929714546028,62155907054.45046,4040972591.8097615,702.6926386468233,88.64494744974174
70,1.5,0.3333333333333333,69.93333333333334,0.4921607686744418,1.509,0.3423972808157553,0.274,79.75,104.76666666666668,0.4496912521077323,34.833333333333336,0.0471404520791038,0.576619625616518,0.0015961145887775,82710619682.37708,16783596762.093525,882.3002984956865,341.9052376890171
70,1.5,0.6666666666666666,69.9,0.3741657386773956,1.508,0.6748312921769557,0.54,79.48,100.56666666666668,0.2357022603955158,30.666666666666668,0.1699673171197586,0.5522127927538905,0.0020314192013443,82000590483.41092,619729428.1729542,795.733605182211,10.131236283519996
70,1.5,1.0,69.96666666666667,0.2054804667656324,1.507,1.0085356861666896,0.807,79.21,96.26666666666668,0.2624669291337254,26.3,0.1414213562373098,0.5226832136522085,0.001104103092422,77835935076.54912,4177279365.5778337,715.8814328331176,72.17800780807171
70,1.5,1.3333333333333333,69.89999999999999,0.0816496580927737,1.507,1.3436660208736952,1.075,78.93,90.33333333333331,0.0471404520791071,20.433333333333334,0.0471404520791038,0.4756039060782921,0.0006198441632573,78128293102.67332,1111203796.6763828,778.865779923942,23.607953350571023
70,1.5,1.6666666666666663,70.0,0.0,1.507,1.6614784532873272,1.329,78.66,88.66666666666667,0.0471404520791071,18.666666666666668,0.0471404520791021,0.4588309961622092,0.000457725281247,95290738116.30298,24528192914.334972,1367.3662448544037,636.160249290795
70,1.5,2.0,70.03333333333335,0.1699673171197545,1.506,1.9975499387484688,1.598,78.4,86.06666666666668,0.1247219128924626,16.033333333333335,0.0471404520791038,0.431613211466459,0.0009357637725977,64261624761.86307,3196308709.538715,714.2782584791128,66.67357242540203
70,1.5,2.333333333333333,70.06666666666666,0.0942809041582076,1.505,2.3438964935308455,1.875,78.12,83.36666666666667,0.1247219128924639,13.300000000000002,0.081649658092773,0.3994176629572116,0.0010547768687884,61021252970.55781,1655645509.675927,757.5203979549543,34.46346045456941
70,1.5,2.6666666666666665,70.10000000000001,0.3559026084010501,1.505,2.657080337605502,2.125,77.85,84.73333333333333,0.3091206165165258,14.633333333333333,0.047140452079103,0.4155730374650342,0.0014261488297829,58595726671.66633,1666709244.5162697,786.0095101336283,43.18678278503427
70,1.5,3.0,69.93333333333334,0.249443825784933,1.5039999999999998,3.0109112724818456,2.409,77.6,85.63333333333333,0.2494438257849329,15.699999999999998,1.7763568394002505e-15,0.4281833588385406,0.0006241575700705,51228079227.994026,253734798.3966335,793.8808551870668,2.0156425740988486
75,1.5,0.0,75.1,0.0816496580927679,1.51,0.004999750012499375,0.004,80.0,106.13333333333333,0.1699673171197563,31.03333333333333,0.0942809041582076,0.5407390253152945,0.0004148895603558,62261436956.59586,1281746638.579795,744.6619754933841,32.408777272863055
75,1.5,0.3333333333333333,81.16666666666667,9.669309983424649,1.509,0.33496650334966505,0.268,79.74,113.76666666666668,8.674227471205848,32.6,1.019803902718556,0.5367906448645595,0.0297624804041171,78604668512.85722,877897279.2940366,781.3810868737544,32.17264932335449
75,1.5,0.6666666666666666,74.96666666666665,0.2054804667656324,1.508,0.668791799487468,0.535,79.46,110.16666666666669,0.1247219128924639,35.2,0.1414213562373081,0.5652566133125213,0.0012375618359048,73072716062.07378,1216600989.857245,672.0268474756871,21.202804047143204
75,1.5,1.0,75.03333333333333,0.2624669291337295,1.507,1.0037123607864706,0.803,79.2,106.6,0.2160246899469295,31.566666666666663,0.094280904158206,0.544171958565807,0.0011204476475788,77699483795.78047,1122311783.1281414,729.7080294680268,22.875862243094463
75,1.5,1.3333333333333333,74.93333333333334,0.0471404520791004,1.507,1.339966500837479,1.072,78.93,99.86666666666667,0.1247219128924639,24.933333333333337,0.1247219128924652,0.4996641165381568,0.0009660741564541,72199141341.3011,1464494603.7847407,714.4151593912353,28.944145268338744
75,1.5,1.6666666666666663,74.96666666666668,0.124721912892469,1.506,1.6586048720736932,1.327,78.68,95.66666666666669,0.1699673171197628,20.700000000000003,0.0816496580927723,0.4651617262795711,0.0006831100829029,77016832475.80214,1937557659.6161664,829.3198696076174,39.582983148563834
75,1.5,2.0,75.06666666666666,0.0471404520791038,1.506,2.0083232313133457,1.607,78.41,94.96666666666664,0.0471404520791004,19.9,0.0816496580927723,0.4577621450475124,0.0008426305238977,64301520876.92542,1234446513.5122051,711.3635223493866,28.539690742106504
75,1.5,2.333333333333333,75.03333333333333,0.0942809041582009,1.505,2.332325075619329,1.866,78.14,92.0,0.1414213562373081,16.966666666666665,0.0471404520791038,0.4294413421870873,0.0002668669762732,63302872197.491684,1282129790.9909017,808.4885977837887,29.02646183941208
75,1.5,2.6666666666666665,74.89999999999999,0.0816496580927737,1.505,2.6628328541067634,2.13,77.86,89.10000000000001,0.0816496580927737,14.199999999999998,1.7763568394002505e-15,0.3992137185516796,0.0001829162899659,58295814912.12007,2918794818.761826,798.2459883340823,76.46644004096481
75,1.5,3.0,74.93333333333334,0.1699673171197563,1.5039999999999998,3.003637363598865,2.403,77.6,90.46666666666664,0.1247219128924639,15.533333333333331,0.047140452079103,0.4143699721660267,0.0009036077086781,53176229732.96906,2127985061.8545756,743.0875297397622,56.26079468430702
80,1.5,0.0,80.0,0.1414213562373115,1.51,0.004999125153098208,0.004,80.01,117.43333333333332,0.3399346342395238,37.43333333333333,0.2054804667656327,0.5645879252723477,0.0007556889975745,61800275590.4768,722369721.8797184,773.7114573542046,16.80270788798755
80,1.5,0.3333333333333333,75.76666666666667,10.065231685802807,1.508,0.3499125218695327,0.28,79.74,109.96666666666668,9.146705539276,34.2,0.9201449161228172,0.5593127316030674,0.0296407319882743,69142595425.88448,8292552712.576346,705.8589166912602,119.81664719086135
80,1.5,0.6666666666666666,80.10000000000001,0.3559026084010501,1.508,0.6699497537684673,0.536,79.47,119.8,0.2160246899469295,39.7,0.1414213562373081,0.5756617470985889,0.0015385630872894,80234021854.20497,750743792.0110747,864.5283120441225,20.95959061047123
80,1.5,1.0,80.03333333333333,0.0942809041582009,1.508,1.0125,0.81,79.19,115.96666666666664,0.0471404520791004,35.93333333333333,0.0471404520791038,0.5566499283223076,0.0004782621753226,75303008436.97963,360776550.46729827,722.5865831688758,8.669949508316195
80,1.5,1.3333333333333333,79.96666666666667,0.0471404520791004,1.507,1.3313332083255203,1.065,78.93,109.96666666666664,0.0471404520791004,30.0,0.0,0.5223121480649363,0.0001119777096607,70348193389.47507,964608300.6927674,696.3272883465559,22.541376221942286
80,1.5,1.6666666666666663,80.06666666666666,0.0471404520791004,1.507,1.6614784532873272,1.329,78.66,104.46666666666664,0.1247219128924639,24.399999999999995,0.0816496580927723,0.4832871441586477,0.0005280693484641,73566628701.92012,1820332366.8974817,790.3009210025056,41.89967039726332
80,1.5,2.0,79.76666666666667,0.2054804667656324,1.506,1.9987749846873084,1.599,78.4,102.53333333333336,0.3299831645537264,22.76666666666667,0.1247219128924636,0.4712109010237649,0.0005353739167624,73762501174.24135,6336183716.423756,858.7221380399237,130.33053734114944
80,1.5,2.333333333333333,80.0,0.0816496580927679,1.505,2.345117255862793,1.876,78.12,101.1,0.1414213562373081,21.1,0.0816496580927723,0.4568405506425542,0.0006276582573662,64063672788.89133,1017280884.3437294,839.7512479994023,26.420013680574304
80,1.5,2.6666666666666665,79.9,0.0816496580927679,1.505,2.6661500193742738,2.133,77.87,97.76666666666668,0.0942809041582076,17.866666666666664,0.1247219128924649,0.4274873950786071,0.0013442848015863,57075051283.87239,651938338.7564104,754.0220840442707,19.533454842061555
80,1.5,3.0,80.06666666666666,0.0942809041582076,1.5039999999999998,3.002049692546118,2.402,77.61,95.6,0.1414213562373081,15.533333333333331,0.047140452079103,0.4030906780537375,0.0003130898190109,56218384700.6258,1062385056.8968525,813.9695827623547,29.561962733411164
