trial,power,pressure,n2_flow,area_mean,area_err,area_err_int,area_err_ext,area_birge,area_method,area_std,area_sem,fwhm_mean,fwhm_err,fwhm_err_int,fwhm_err_ext,fwhm_birge,fwhm_method,fwhm_std,fwhm_sem,n_fits,chi2_median
0,30.0,1.0,0.0,0.3920352557867413,0.00517441800562582,0.00018278627810543635,0.00517441800562582,28.308569216782608,birge,0.00894953991147011,0.005167019277010568,1.1439967343576787,0.013981840025257207,0.0005338215857604516,0.013981840025257207,26.191971996298125,birge,0.02441054169273089,0.014093432817362764,3,37.03123625153145
0,30.0,1.0,0.07,0.34527826737776074,0.009182921353892409,0.00014824464664611785,0.009182921353892409,61.94437075231064,birge,0.015768726969559936,0.009104078760653141,1.1525882629001174,0.02871447903358585,0.0004932762935374701,0.02871447903358585,58.21175558156972,birge,0.04999231413308432,0.028863076022148566,3,20.248470512432576
0,30.0,1.0,0.13,0.33987795160497436,0.008468439586837077,0.0001767075316565207,0.008468439586837077,47.92347845873259,birge,0.015165639638570769,0.008755886127761693,1.1583697379040687,0.028308258231007775,0.0006034154479194072,0.028308258231007775,46.91338004125584,birge,0.05073012516139746,0.029289051417956232,3,31.50604637505694
0,30.0,1.0,0.2,0.34830653095803105,0.005882108208343123,0.0001662632315157457,0.005882108208343123,35.37828631573342,birge,0.00988827543513423,0.005708998484295911,1.184202861041037,0.022852144996654205,0.0005649497332671813,0.022852144996654205,40.44987306126713,birge,0.03834283748994329,0.022137247546312834,3,29.883622238958854
0,30.0,1.0,0.26,0.34003340114229325,0.001286665961374809,0.00019727525670908678,0.001286665961374809,6.522186222635103,birge,0.00230971169156215,0.001333512666873833,1.1539190449033283,0.005150014665704998,0.000669991556535507,0.005150014665704998,7.686685922335301,birge,0.009504280051077396,0.005487298645943125,3,38.87246261084318
0,30.0,1.0,0.33,0.34142092938540586,0.005738418845828892,0.00016776045503983424,0.005738418845828892,34.206028139744376,birge,0.010095521999770917,0.005828652344177528,1.1486273346965332,0.0189742076071904,0.0005609277692341144,0.0189742076071904,33.82647222671398,birge,0.03350373974269648,0.019343393159304976,3,27.89478371187506
0,30.0,1.0,0.39,0.35093552630719266,0.0036541449429167423,0.0002001159293738058,0.0036541449429167427,18.260140281441544,birge,0.006198281323770506,0.003578579390791932,1.1626056061987793,0.010349252017464162,0.0006619690612524778,0.010349252017464162,15.63404186576767,birge,0.017617542916427847,0.010171493145259402,3,41.76224636034725
0,30.0,1.0,0.46,0.34576627864374504,0.003012005219017177,0.00017933522927223691,0.003012005219017177,16.79539057239474,birge,0.0051509474311130544,0.0029739008859347334,1.1645691625252388,0.009365698739668357,0.0006012167663611578,0.009365698739668357,15.57790677787298,birge,0.01616817452660248,0.009334699915238793,3,31.50167516636909
0,30.0,1.0,0.52,0.3425370996745183,0.0022248054072391233,0.00019309039600331866,0.0022248054072391233,11.522092518785271,birge,0.003657899207861526,0.002111889092327371,1.1454090072547938,0.006658495246702098,0.0006457245230392342,0.006658495246702098,10.311665438014545,birge,0.010884644809150482,0.006284252610596494,3,37.95534845716457
0,30.0,1.0,0.59,0.3500713723714388,0.010750721927216714,0.00019220475962439728,0.010750721927216714,55.933692527831056,birge,0.01881518893505701,0.010862954396508834,1.1727099916196357,0.03668452862542802,0.0006436473722435529,0.03668452862542802,56.99476173973531,birge,0.0642221066142592,0.037078650541667396,3,35.6020144551621
0,30.0,1.0,0.65,0.3391160687126573,0.006168561519678536,0.000183617097127896,0.006168561519678536,33.59470123515736,birge,0.0109563518055487,0.006325652664269784,1.1302616171663402,0.020651336979447776,0.0006094956089935728,0.020651336979447776,33.88266736416397,birge,0.03745141555648045,0.021622584853066524,3,40.08916452174302
0,30.0,1.0,0.72,0.37374032918947914,0.008422470551696313,0.00020928265848783206,0.008422470551696313,40.24447420800518,birge,0.014411578464441029,0.008320528705892442,1.1759596589675587,0.026074616863542573,0.0006574957374153747,0.026074616863542573,39.65746905986383,birge,0.04440956522148172,0.025639874435216713,3,40.723911619084554
0,30.0,1.0,0.78,0.3710875126498622,0.005287094877728388,0.00018984064429483812,0.005287094877728388,27.850173482961296,birge,0.009136912139047163,0.005275198683040839,1.167015054611962,0.012776714148469578,0.0005921893772336508,0.012776714148469578,21.57538557708453,birge,0.02229127965642399,0.01286987631021762,3,36.76392429566527
0,30.0,1.0,0.85,0.3646088422092145,0.016498040750608366,0.0001939147014021576,0.016498040750608366,85.07885493629108,birge,0.029209538846353942,0.01686413511584728,1.1620796593334657,0.052302055943367794,0.0006170473339704943,0.05230205594336779,84.76182144215981,birge,0.09251954030210688,0.05341618149872184,3,36.61674035691222
0,30.0,1.0,0.91,0.3680512560220277,0.002975916297326851,0.0001905529944328734,0.002975916297326851,15.617263355969905,birge,0.005351035969081723,0.003089422057192703,1.1929325816875354,0.015276918292062274,0.0006276972171537456,0.015276918292062274,24.338037312535047,birge,0.027516061187103806,0.015886405333412595,3,38.77293223322639
0,30.0,1.0,0.98,0.37319537278387765,0.012157730124374443,0.0002022117610004713,0.012157730124374443,60.12375375310691,birge,0.02176646164508781,0.012566872490097112,1.232924662916991,0.04375306705425201,0.0006800395027513208,0.04375306705425201,64.33900806825892,birge,0.07755261572609035,0.04477502356581787,3,43.44015369041206
0,30.0,1.0,1.04,0.362162969975466,0.00805801573211305,0.00021047063294426418,0.00805801573211305,38.28570104717144,birge,0.013689733704596575,0.007903771439483126,1.2330681680123956,0.02687728043680006,0.0007463441167659406,0.02687728043680006,36.01191438778232,birge,0.04567786856867029,0.026372129714130138,3,44.7942964533556
0,30.0,1.0,1.11,0.34597380828708985,0.007179527261893742,0.00020183194647542557,0.007179527261893742,35.57180806740076,birge,0.012698116751692776,0.007331261124791121,1.2005634092796746,0.023430893754187738,0.0007309430739249658,0.023430893754187738,32.055702543797565,birge,0.040823925182128025,0.023569704193278758,3,41.65598418709937
0,30.0,1.0,1.17,0.3304723645609936,0.008481084200302384,0.00018884101590687277,0.008481084200302384,44.9112400691852,birge,0.014271617508398173,0.008239722210245062,1.1822712711447467,0.027869006527761996,0.0007048580629991695,0.027869006527761992,39.53846595608119,birge,0.04691752836744472,0.027087847632656113,3,37.75936867055219
0,30.0,1.0,1.24,0.31812140445828246,0.009818959974138201,0.00018637337914493478,0.009818959974138201,52.68434805006356,birge,0.016714995775357035,0.009650407310405843,1.1840587139187049,0.03395772396752594,0.0007224838173787733,0.03395772396752594,47.00136273048602,birge,0.05810773595165958,0.03354851699369035,3,35.1720184611999
0,30.0,1.0,1.3,0.3157124930397451,0.007598395797121548,0.0002080132032528821,0.007598395797121548,36.528430302975345,birge,0.012593273004439421,0.0072707295590915474,1.2065894919331464,0.02700686037996,0.000825701328546915,0.02700686037996,32.70778360922247,birge,0.0448028285258056,0.02586692510983051,3,44.506640078615625
0,30.0,1.0,1.37,0.3114531083876183,0.00826846605440108,0.0001745230827000993,0.00826846605440108,47.37749257277115,birge,0.013840077164216091,0.007990572276365354,1.203011488069736,0.03269120619148757,0.0007013188540176008,0.03269120619148757,46.61389894797713,birge,0.05470929991333958,0.03158642903214258,3,28.568931150853377
0,30.0,1.0,1.43,0.31907785082924106,0.010286020985856265,0.0001679567335933647,0.010286020985856265,61.24208756500028,birge,0.017847240103044164,0.010304108877784433,1.2417949330797284,0.037422097426388495,0.0006821027461205319,0.037422097426388495,54.8628452813409,birge,0.0650775208519377,0.03757252418205972,3,27.118492798608553
0,30.0,1.0,1.5,0.29778391760020945,0.0074566223538881215,0.00014506737829288915,0.0074566223538881215,51.40109679816022,birge,0.013210244418003066,0.007626938170794822,1.1807505597385923,0.027331744675931496,0.0005995908603130772,0.0273317446759315,45.58399149323289,birge,0.048348362587112004,0.02791394015454675,3,22.823095008037868
0,35.0,1.0,0.0,0.3719027333740818,0.003594915732358383,0.0001607956141487424,0.003594915732358383,22.35705091454137,birge,0.005899808510588986,0.0034062560317557966,1.2279069439165928,0.010907231116630363,0.0005293495291082224,0.010907231116630363,20.604969905244676,birge,0.018041479497734533,0.010416253044596148,3,31.260490748048333
0,35.0,1.0,0.07,0.37367405138788545,0.005818301213776344,0.00018792020241889326,0.005818301213776344,30.961552504114266,birge,0.010156392956830941,0.005863796207621963,1.2275544197805266,0.02077292902462443,0.0006172376869153004,0.02077292902462443,33.65466734288207,birge,0.03615964510243107,0.02087678083368991,3,44.143011668374456
0,35.0,1.0,0.13,0.38066226776451934,0.0027470307553690634,0.00018798480271619512,0.0027470307553690634,14.613046989316032,birge,0.004818826009388334,0.002782150493698325,1.194936702244159,0.01235761121141063,0.0005879485432515745,0.012357611211410628,21.018184930042406,birge,0.022677478130128617,0.01309284810297161,3,36.53983304165576
0,35.0,1.0,0.2,0.4070698712292243,0.009671179682832836,0.0001780847077030217,0.009671179682832836,54.3066263665981,birge,0.0161281048822477,0.009311565695284227,1.1620614548977968,0.027232609213374236,0.0005068802001221251,0.027232609213374236,53.725928151884716,birge,0.04519216506943517,0.0260917086681004,3,43.494893560154345
0,35.0,1.0,0.26,0.4268128418316378,0.01496351986317958,0.00019095687452535225,0.01496351986317958,78.3607288314355,birge,0.02569317325156244,0.014833960493125268,1.1988785177147774,0.041640889089406156,0.0005361058062489965,0.041640889089406156,77.67289330581485,birge,0.07155893206675779,0.041314568691664756,3,40.18872785117107
0,35.0,1.0,0.33,0.3610982560100495,0.012347132116220343,0.00019893731498791024,0.012347132116220343,62.06544064883302,birge,0.020987276332584816,0.012117009640174906,1.1584071362052601,0.03687796804272573,0.0006395473140623153,0.03687796804272573,57.662611087336174,birge,0.0627631002482744,0.036236292823516696,3,47.66890549683732
0,35.0,1.0,0.39,0.33882188790323114,0.0027211597141180437,0.00018937182003028893,0.0027211597141180437,14.369401496393762,birge,0.004576311441412525,0.0026421346425950856,1.1822798314830132,0.009695503985563328,0.0006594720196301892,0.009695503985563328,14.701918651530137,birge,0.01626952045786622,0.009393212015935185,3,40.742006892079786
0,35.0,1.0,0.46,0.3208572018037605,0.008919897178831274,0.00017815480847616,0.008919897178831274,50.06823703007096,birge,0.014838530685540046,0.008567029685675067,1.172769160509779,0.03152923951036512,0.0006458474412836968,0.03152923951036512,48.818401212052635,birge,0.05291379113824999,0.03054979155751227,3,34.928120172324604
0,35.0,1.0,0.52,0.31203997363360614,0.0022200834515298707,0.00016933843306605266,0.0022200834515298707,13.110334206670604,birge,0.0037180597985781868,0.002146622825572242,1.1510896287029955,0.005861973900625058,0.0006207060190663829,0.005861973900625058,9.444042301123773,birge,0.009917881422658117,0.005726091509162453,3,32.053805660941144
0,35.0,1.0,0.59,0.3348620000202828,0.004660460783001377,0.00018538978806170218,0.004660460783001377,25.138713581409693,birge,0.008109009672204856,0.004681738917108753,1.2318051844902462,0.016018311803240717,0.0006809227700815302,0.016018311803240717,23.524417903256147,birge,0.027892900235483128,0.01610397345943556,3,30.7897918474222
0,35.0,1.0,0.65,0.317836034757669,0.002326795453193698,0.00018957742426199887,0.002326795453193698,12.27358933824331,birge,0.004024961198058876,0.0023238124311770907,1.1744311996360124,0.00951708241690867,0.0007010638328993961,0.00951708241690867,13.575200959303215,birge,0.01647627619468967,0.009512582496246704,3,35.82923669250809
0,35.0,1.0,0.72,0.3092693462136075,0.006794829391570807,0.00017889545588643753,0.006794829391570807,37.9821240170804,birge,0.012373887781104041,0.007144067441342639,1.155863601035636,0.02461619492126233,0.0006658795153411137,0.02461619492126233,36.96794142804057,birge,0.044228328458235634,0.025535237341169532,3,29.34454975124498
0,35.0,1.0,0.78,0.3094884049618983,0.006215823259008933,0.00018104526354610235,0.006215823259008934,34.33297915262004,birge,0.010796254482582956,0.006233220431758974,1.125941113527183,0.02091736233745055,0.0006526729605700625,0.02091736233745055,32.04876500350306,birge,0.03614140801236982,0.020866251644833814,3,32.52721190803936
0,35.0,1.0,0.85,0.3253541153398451,0.007152314446544984,0.00018433381893574047,0.007152314446544984,38.800880315067474,birge,0.012522596180483351,0.0072299242757550425,1.180642459015344,0.02590692917184738,0.0006651183108275135,0.02590692917184738,38.9508584414328,birge,0.045472715428375554,0.026253684493355876,3,31.555729542627066
0,35.0,1.0,0.91,0.3381779342618697,0.0023289148016624444,0.0002099734528997922,0.0023289148016624444,11.091472609987019,birge,0.0041955154112596526,0.002422281952079984,1.2095792094484175,0.00927914390154531,0.000777667271911649,0.00927914390154531,11.932023162985207,birge,0.016594539408184856,0.00958086179439338,3,52.952640413766105
0,35.0,1.0,0.98,0.32288509373740526,0.007461549150887687,0.00019453294234883072,0.007461549150887687,38.35622419933308,birge,0.012177661569456877,0.007030776185226089,1.1674119197146928,0.02023874877479836,0.0007159767617960212,0.02023874877479836,28.267326336164373,birge,0.03353955046704565,0.019364068490647847,3,43.36830504649239
0,35.0,1.0,1.04,0.3575847385373992,0.00671487438743752,0.0001914222922787797,0.0067148743874375205,35.078852663921964,birge,0.011903691650937806,0.006872599579019243,1.1714929323614198,0.020691702206565868,0.0006520148300923758,0.020691702206565868,31.735017750492453,birge,0.03674843516318425,0.021216718933761935,3,44.657636018055015
0,35.0,1.0,1.11,0.36808046099878544,0.006135098950949194,0.00020006175764651608,0.006135098950949194,30.66602544694794,birge,0.01076267027121161,0.006213830578283206,1.1963862398226508,0.019415624565918763,0.0006785435835880447,0.019415624565918763,28.613673514163413,birge,0.034093791203773115,0.019684059529193304,3,43.56881572971698
0,35.0,1.0,1.17,0.37563826170878833,0.0058720856270107775,0.0001895729881212455,0.0058720856270107775,30.97532873858146,birge,0.009962632428791938,0.0057519285146003215,1.2427506861015625,0.018905986703792416,0.0006517969564827503,0.018905986703792416,29.00594505045493,birge,0.03201760036272588,0.018485370188225644,3,37.21967778319396
0,35.0,1.0,1.24,0.359055664269301,0.006402519675822819,0.00018516558628759719,0.006402519675822819,34.57726570140574,birge,0.0109679224650019,0.006332332987619791,1.2139615510818231,0.02292711903215154,0.0006540674912881714,0.02292711903215154,35.05313952692724,birge,0.03917911559558739,0.022620072935723847,3,37.142137528018615
0,35.0,1.0,1.3,0.34395402619619764,0.005315796964683242,0.00017119648314836345,0.005315796964683242,31.050853772950642,birge,0.009266562888391694,0.005350052578075541,1.189232941106054,0.016348819399973426,0.0006180424904685442,0.016348819399973426,26.452581581533693,birge,0.02854283656080731,0.016479214371817593,3,33.2303080781563
0,35.0,1.0,1.37,0.34826105715070316,0.009598615166486506,0.0001719317607242665,0.009598615166486506,55.82805135044345,birge,0.016823500874731237,0.009713052758737985,1.2193550779889522,0.03300145165781863,0.0006270237796017865,0.03300145165781863,52.63189807374986,birge,0.05781323730384093,0.03337848812009628,3,29.771146252502742
0,35.0,1.0,1.43,0.3400609117374444,0.0039343978718411575,0.00016420964169283828,0.0039343978718411575,23.959603292970034,birge,0.007099455622307718,0.004098872614639163,1.200098692586523,0.0118713832716529,0.0006035787640784997,0.0118713832716529,19.6683249613284,birge,0.021391234919640744,0.012350235239153106,3,28.109420110486393
0,35.0,1.0,1.5,0.33490988433903174,0.007072612264972432,0.0001552740142395132,0.007072612264972432,45.549233074265665,birge,0.012491542328887151,0.007211995326176602,1.200185693948056,0.02546058890253731,0.0005802697866514287,0.025460588902537315,43.87715763983354,birge,0.04495932788731502,0.02595728005832598,3,25.209046972958227
0,40.0,1.0,0.0,0.3774314121239374,0.004887358886693246,0.00017109255721340795,0.004887358886693246,28.565584419882878,birge,0.008012019574807325,0.00462574165826756,1.222416987635251,0.015879454751371654,0.000555192374760246,0.015879454751371654,28.601716221749317,birge,0.026117548044369245,0.015078973393989569,3,39.316784497052105
0,40.0,1.0,0.07,0.3524896892418299,0.01601025227776404,0.00016397308775911306,0.01601025227776404,97.63951204775825,birge,0.026334564331841014,0.015204267805979927,1.1509505563179319,0.05206100300565471,0.0005349294139812126,0.05206100300565471,97.32312646296762,birge,0.08539178569303855,0.04930097045645865,3,35.1283797933156
0,40.0,1.0,0.13,0.3542633618127307,0.006083016183926443,0.0001485354753395783,0.006083016183926443,40.95328856638183,birge,0.010632668195026852,0.006138773844602726,1.1351920252794514,0.01667604025474605,0.00047355857875452543,0.01667604025474605,35.214313503948304,birge,0.02900106454836757,0.01674377242378573,3,30.043237293621885
0,40.0,1.0,0.2,0.3501577979435401,0.015636465762576938,0.00016526171137727695,0.015636465762576938,94.6163853215846,birge,0.026661653493106688,0.015393112821285674,1.117208929532464,0.04731539232034137,0.000524845559683536,0.04731539232034137,90.15107672602002,birge,0.08104245784988828,0.046789884855421904,3,39.97040404650704
0,40.0,1.0,0.26,0.36102085960640495,0.00773181583408585,0.0001628560217440646,0.007731815834085849,47.47638896789913,birge,0.013817254073518975,0.007977395358807635,1.1604482039716901,0.023268436870305404,0.0005198771143015078,0.023268436870305404,44.75757103016204,birge,0.04192221512690417,0.024203802188543528,3,36.33372123304114
0,40.0,1.0,0.33,0.36290776472974723,0.0032960072289453797,0.00018094679270504554,0.0032960072289453797,18.215339325290365,birge,0.005972849203828276,0.0034484260956592974,1.188007310785719,0.008981202081099381,0.0005906565544608135,0.008981202081099381,15.20545571410438,birge,0.01629128311112679,0.009405776689653455,3,46.06232245601732
0,40.0,1.0,0.39,0.35832535062298,0.0071741069187639395,0.0001786159295857065,0.0071741069187639395,40.164989401583796,birge,0.012389086343577983,0.007152842335478265,1.1906508497574628,0.02588954065711531,0.000590081509300006,0.02588954065711531,43.87451606105605,birge,0.04394624215913213,0.025372374740447415,3,14.950867956060401
0,40.0,1.0,0.46,0.37064360775085503,0.01096923839050004,0.00017923063530821497,0.01096923839050004,61.201804990741266,birge,0.019120028638689238,0.011038953681460587,1.192091570405084,0.03311847784482796,0.0005705685125051509,0.03311847784482796,58.04469948651255,birge,0.058186863695383374,0.03359420141782966,3,39.84448915866461
0,40.0,1.0,0.52,0.37433190929302324,0.004887706417087422,0.00018956941394589977,0.004887706417087422,25.783201600666967,birge,0.00863768815307076,0.0049869715803514455,1.1569356582267714,0.015559431831992324,0.0005823285495080731,0.015559431831992324,26.719335408054928,birge,0.027593041198891246,0.015930849763940297,3,44.03995134580377
0,40.0,1.0,0.59,0.47740481086764347,0.09897138444209014,0.00027275773467894874,0.09897138444209014,362.8545476761092,birge,0.21014248902029123,0.12132582260404312,1.5008436568040904,0.2817710323522258,0.0008178950322667068,0.2817710323522258,344.50757277658005,birge,0.5564171646236568,0.3212475997771966,3,37.55638790436375
0,40.0,1.0,0.65,0.3399389072791269,0.006523305771969995,0.0001916450437586641,0.006523305771969995,34.038478867132625,birge,0.01122879360450953,0.006482947010238326,1.1584810673390753,0.02149060049226388,0.000649138960421964,0.021490600492263884,33.10631744903157,birge,0.03603556354372871,0.020805142312371634,3,45.794062260226326
0,40.0,1.0,0.72,0.31376395400386076,0.008514239596740938,0.00016922555193932197,0.008514239596740938,50.31296691999462,birge,0.01495366800545445,0.008633504248321421,1.1723511129525457,0.030650024221078785,0.0006254656647905796,0.030650024221078785,49.003528005555864,birge,0.05375876681575552,0.031037638492378773,3,30.39091301727063
0,40.0,1.0,0.78,0.30992587955278783,0.0036030615002951055,0.0001935736447337481,0.0036030615002951055,18.613388745409818,birge,0.005956370719066864,0.003438912238046459,1.1853218503832905,0.01314112549707794,0.0007328096991200181,0.01314112549707794,17.932521243725667,birge,0.02207172428040941,0.012743115954773572,3,34.30714104708072
0,40.0,1.0,0.85,0.3151054793424609,0.005179714056159721,0.0001945065116315387,0.005179714056159721,26.630029055129302,birge,0.00929966146705328,0.005369162051375602,1.206159908910929,0.01709615195375529,0.0007690909340315358,0.01709615195375529,22.229038462510704,birge,0.030575572298209563,0.017652814896998156,3,41.82172020041085
0,40.0,1.0,0.91,0.31552073238950074,0.0029683270603937484,0.00019507047890771648,0.0029683270603937484,15.216690280429352,birge,0.0050297286033484925,0.0029039151630940127,1.2045195111145386,0.010552570983306593,0.0007717110098921172,0.010552570983306593,13.674252211046996,birge,0.0178290223367069,0.01029359084548558,3,42.33779465211784
0,40.0,1.0,0.98,0.3003835063360203,0.007894207947630145,0.00018856637965389576,0.007894207947630145,41.86434486423069,birge,0.014118716087698312,0.008151444533844521,1.1596599668727223,0.030835619014616004,0.0007571790183150591,0.030835619014616004,40.724344268326554,birge,0.05518141435175196,0.03185900443024827,3,42.96561055181916
0,40.0,1.0,1.04,0.312889726050523,0.0036859261418161543,0.00020066029128027517,0.0036859261418161543,18.368986301668343,birge,0.006750737233267273,0.00389753995885529,1.2266012847997139,0.01278304604284339,0.0008186279388863836,0.01278304604284339,15.615208613857892,birge,0.023366837181440166,0.013490849736814636,3,43.937257025681234
0,40.0,1.0,1.11,0.30618760107606385,0.012385258820874545,0.00018349134847240705,0.012385258820874545,67.49778081628196,birge,0.02100799188030349,0.012128969767226693,1.2081601162259097,0.0484945732842329,0.0007523839104675562,0.04849457328423289,64.4545591812254,birge,0.08213092612426026,0.04741831230663493,3,38.51928513733031
0,40.0,1.0,1.17,0.29605732386468253,0.002518935043242838,0.00018440739498429504,0.002518935043242838,13.659620556200373,birge,0.004262246793564966,0.0024608093336173525,1.1926771016784852,0.012708155268933305,0.0007713413313527544,0.012708155268933305,16.47539779392625,birge,0.02151765398331511,0.012423223319596203,3,36.637900219534046
0,40.0,1.0,1.24,0.3003428162652883,0.0007829505080755884,0.00017906368951529927,0.0007829505080755885,4.372469428028248,birge,0.0013253516675609642,0.0007651921420372421,1.1944535055674506,0.003686244049994513,0.0007401160701853941,0.003686244049994513,4.980629658630616,birge,0.006249757520251213,0.003608299186686926,3,33.89178263643953
0,40.0,1.0,1.3,0.30088918552037763,0.00568478169334936,0.0001747052358471472,0.005684781693349361,32.53927488654708,birge,0.009813409395585825,0.005665774556209479,1.208103589769647,0.02059955061052442,0.0007312630213017843,0.02059955061052442,28.16982400375365,birge,0.03546104260734024,0.020473442495092677,3,33.32666416637776
0,40.0,1.0,1.37,0.30730949911996813,0.0048550470833487545,0.00016787003374569252,0.0048550470833487545,28.92146367649928,birge,0.008909873912997938,0.0051441181021149845,1.2155503611460106,0.020745255794384562,0.0006906132012739226,0.020745255794384562,30.038892619077274,birge,0.03859781449907184,0.02228445859117037,3,28.451305500177554
0,40.0,1.0,1.43,0.3286868595192644,0.012844284684733066,0.00019408962402540513,0.012844284684733066,66.17708055867958,birge,0.02510827390476734,0.014496268697804281,1.1651475561268207,0.040594018739009634,0.0007179264162708818,0.040594018739009634,56.5434253692276,birge,0.07894437573356343,0.045578556580779805,3,54.472978659635174
0,40.0,1.0,1.5,0.3438345907829139,0.0068400375211646785,0.00015939230043641517,0.0068400375211646785,42.91322417981732,birge,0.011834748450233594,0.006832795203533872,1.1994863035818188,0.022186257937161717,0.0005802988165490417,0.022186257937161717,38.2324714516917,birge,0.03837456430195974,0.022155565029771063,3,29.77680452505821
0,45.0,1.0,0.0,0.3425808322567436,0.003829308011015638,0.0001472890315001581,0.003829308011015638,25.99859590367072,birge,0.006568000495730648,0.0037920368542476855,1.2120491788052499,0.012886024817073323,0.0005185293032877715,0.012886024817073323,24.851102407074347,birge,0.022020043892533623,0.012713278268921662,3,28.84614045066888
0,45.0,1.0,0.07,0.341383849957982,0.004612021597103462,0.00013925948527148673,0.004612021597103462,33.11818644246971,birge,0.007875612707474576,0.004546987116693684,1.1507894689140503,0.01722397050535214,0.0004674544376070645,0.01722397050535214,36.84630868737279,birge,0.029648346963546936,0.017117481100431247,3,26.029389990654426
0,45.0,1.0,0.13,0.3906601603156131,0.000983960387971808,0.00017588597285013018,0.000983960387971808,5.594308471717787,birge,0.0016545265401777362,0.0009552413433529962,1.175380988547763,0.005905814124992866,0.0005269939445058866,0.005905814124992866,11.20660718507914,birge,0.01075491388658767,0.006209352427532636,3,36.96037913237125
0,45.0,1.0,0.2,0.3676498626314695,0.004828982018231943,0.0001731151841222217,0.004828982018231943,27.89461850338105,birge,0.008127405905370698,0.004692359987279127,1.1626543645767302,0.012767221116557958,0.0005443315273463403,0.012767221116557958,23.454862478385518,birge,0.02145063248542916,0.012384528439750258,3,51.153102138899364
0,45.0,1.0,0.26,0.365045548061,0.0055091063746341064,0.00018770980565541257,0.0055091063746341064,29.349060137792822,birge,0.009368104668329888,0.0054086777520568514,1.1702106804732846,0.01829793126778427,0.0006014838011871174,0.01829793126778427,30.42132012810751,birge,0.0309958909119567,0.017895485961790476,3,51.45515888042063
0,45.0,1.0,0.33,0.36376229834056184,0.00031692215824547664,0.00018029646311412304,0.00031692215824547664,1.7577835569900948,birge,0.0005198586910741958,0.00030014055523225347,1.1747984031223728,0.0011711759660191124,0.0005785991069979009,0.0011711759660191124,2.0241579218741537,birge,0.002187263123919694,0.001262816953383577,3,38.72517929976776
0,45.0,1.0,0.39,0.35843893476345184,0.005903813935050553,0.00018461342937769388,0.005903813935050553,31.979330837152457,birge,0.010375049579942078,0.0059900376678352725,1.1827066972000997,0.017322170061794723,0.0006052250547490958,0.017322170061794723,28.62103927435037,birge,0.03035820439891111,0.01752731748182501,3,45.42500058498185
0,45.0,1.0,0.46,0.34980208697872417,0.006269541807239685,0.00018545811200840694,0.006269541807239684,33.805702750578426,birge,0.011131615849939823,0.006426841407478262,1.1713775669133448,0.021932989984718394,0.0006172662031523714,0.021932989984718394,35.532465365359165,birge,0.03872838697553429,0.02235984464560472,3,40.16270764650734
0,45.0,1.0,0.52,0.34844092862734755,0.007550431377010684,0.00018492659958226396,0.007550431377010683,40.82934198793776,birge,0.01324286596468052,0.007645772229550432,1.1708762319427082,0.025889441352573442,0.000617665216275276,0.025889441352573442,41.915006172268,birge,0.044817533990052213,0.025875415313571848,3,43.47565030708523
0,45.0,1.0,0.59,0.3755449484029157,0.0041913089651262865,0.00019572946215184016,0.0041913089651262865,21.413786759781793,birge,0.007516845396912047,0.00433985271336397,1.30056483096456,0.01873221842157516,0.0006678896129552943,0.01873221842157516,28.046877894519692,birge,0.03385830596390655,0.01954810206256616,3,37.2463688969354
0,45.0,1.0,0.65,0.35873742455833035,0.007937032571671998,0.00017613885729200887,0.007937032571671998,45.06122438681273,birge,0.0136139422465294,0.007860013220765768,1.2456505757692444,0.02849671272750676,0.0006088953507458893,0.02849671272750676,46.80067386390558,birge,0.04898901490426651,0.02828382094231286,3,36.11694964201082
0,45.0,1.0,0.72,0.3467964406591916,0.015710373131096467,0.00019637072575293235,0.015710373131096467,80.00364143310637,birge,0.025538944586568847,0.01474491653187446,1.2076308629801629,0.048407076562168486,0.000679891793251215,0.04840707656216848,71.19820689508224,birge,0.07867126105977149,0.04542087375034639,3,38.7858758794858
0,45.0,1.0,0.78,0.5043622284627923,0.09886159471882884,0.00030746710273139627,0.09886159471882884,321.5355198672896,birge,0.18645775604360249,0.10765143564426748,1.7146822659202412,0.29144124318678943,0.001063756436552166,0.29144124318678943,273.97365898100236,birge,0.522324600586589,0.30156424875303095,3,61.22413778040657
0,45.0,1.0,0.85,0.35414347479593195,0.005483278902927789,0.00017920793562000565,0.005483278902927789,30.59729963384317,birge,0.009177910973226172,0.005298869370990551,1.1701524995619588,0.020882422063740868,0.00058457028480183,0.020882422063740868,35.722688283445734,birge,0.03514949946004282,0.02029357297513633,3,36.96921801562161
0,45.0,1.0,0.91,0.3570745260651973,0.009382058224595246,0.00018831486561223884,0.009382058224595246,49.82112375511524,birge,0.015085459625806864,0.008709594175808825,1.1724181148914503,0.030163846725250614,0.0006180927400813654,0.030163846725250614,48.80149008266925,birge,0.04876577164654134,0.028154931387370463,3,34.43230169886404
0,45.0,1.0,0.98,0.34307520484356085,0.020149431338469047,0.00018400419696680193,0.020149431338469047,109.50528124151653,birge,0.03497194874239587,0.020191064020508052,1.174492888581485,0.05379985890878468,0.0006350492419121595,0.05379985890878468,84.7176177185742,birge,0.09452573822810052,0.05457446041134194,3,36.778242901691904
0,45.0,1.0,1.04,0.43218851045960854,0.10812748009031788,0.00027756501920889653,0.10812748009031788,389.5573022800136,birge,0.1943607337632432,0.11221422195810166,1.5790228185522723,0.36061919313824853,0.0010259507848060974,0.36061919313824853,351.4975557101453,birge,0.6340133575791159,0.36604778266812105,3,56.82409067335885
0,45.0,1.0,1.11,0.32927537769903453,0.021575071090583556,0.00021042052130702262,0.021575071090583556,102.53311300899009,birge,0.039687356090505194,0.022913505722277707,1.3064004578085204,0.08033883097081103,0.000855831203817183,0.08033883097081103,93.87228534374925,birge,0.14371257637995008,0.08297249465889883,3,39.69803806980273
0,45.0,1.0,1.17,0.29749897273040465,0.004976559495303687,0.00019187760648333913,0.004976559495303687,25.936114101651594,birge,0.008855491523388737,0.005112720414834937,1.2114303415213605,0.0204418850146795,0.000813687900523286,0.0204418850146795,25.122513191523726,birge,0.03622155802663843,0.020912526277147347,3,42.42806919738224
0,45.0,1.0,1.24,0.29696689215744654,0.0033920186296610955,0.00019545360157111413,0.003392018629661095,17.354597727517127,birge,0.005790410160662468,0.0033430948649768202,1.256114352617954,0.011912899727953645,0.0008595596548001142,0.011912899727953645,13.859305356443146,birge,0.020382090908540342,0.011767605672693192,3,39.8137857150711
0,45.0,1.0,1.3,0.2909830641311929,0.008522937249721899,0.00019591941425755298,0.008522937249721899,43.50225975317465,birge,0.013995087951064343,0.008080067795879487,1.2422680332859934,0.03635722241833676,0.000866495274230491,0.03635722241833676,41.95893907283516,birge,0.0596869741534363,0.034460290594600686,3,37.24829085200836
0,45.0,1.0,1.37,0.3236312121929621,0.11364795638042792,0.0002046995746569612,0.11364795638042792,555.1939058538884,birge,0.22380754285521134,0.12921534511412497,1.3813901004089666,0.4334600737845384,0.0008773968161146645,0.4334600737845384,494.0296862530337,birge,0.8063970655559598,0.4655735628724577,3,29.310483941571942
0,45.0,1.0,1.43,0.283826917507902,0.0020248605703295126,0.0001689631386509695,0.0020248605703295126,11.984037385292108,birge,0.0034811542534693312,0.0020098453453311293,1.198072208568897,0.0076107630831138175,0.0007428680878285178,0.0076107630831138175,10.245107049033274,birge,0.013199779539098292,0.007620896270142114,3,33.01679412412381
0,45.0,1.0,1.5,0.27989313484841377,0.003332328279255055,0.00016098697906571994,0.003332328279255055,20.699365244282856,birge,0.0060300738032996746,0.0034814647335683776,1.1785239651618415,0.009393641273641087,0.0007052763271929367,0.009393641273641087,13.319093398510375,birge,0.017005490731735014,0.009818124651668897,3,29.179549187502264
0,50.0,1.0,0.0,0.31609188442558006,0.008339280996807964,0.00012727447695818408,0.008339280996807964,65.5220213519151,birge,0.014379301897345294,0.008301893821191203,1.1895745750167799,0.03226984333206172,0.0004739205363421961,0.03226984333206172,68.09125340110005,birge,0.055779616560734754,0.03220437663663432,3,19.608410861619124
0,50.0,1.0,0.07,0.31955254196201804,0.0019515921757642675,0.0001502910887215889,0.0019515921757642678,12.98541511918615,birge,0.0030741799689595747,0.001774878632616166,1.1688374622464153,0.006844463805006347,0.0005454825773788131,0.006844463805006347,12.547538801139702,birge,0.010897462827378978,0.006291653096871194,3,26.392478860954025
0,50.0,1.0,0.13,0.33866153899599666,0.007703479634269881,0.00017786671406311904,0.00770347963426988,43.31040619289885,birge,0.013241874718292778,0.007645199933181636,1.1987130012557672,0.029445746489092504,0.0006291156891224312,0.029445746489092504,46.804978795183274,birge,0.05066300058195581,0.029250297023946357,3,39.99191060792873
0,50.0,1.0,0.2,0.3444833964897303,0.00904464833629814,0.00015662911208776592,0.00904464833629814,57.7456401031632,birge,0.014922991352318388,0.00861579307437548,1.1940787391545813,0.03115137733612647,0.0005397729109070652,0.03115137733612647,57.712005746597995,birge,0.05170967958285504,0.029854597426870657,3,28.171736208143567
0,50.0,1.0,0.26,0.3607197610679769,0.009366120276489932,0.00018096084265994847,0.009366120276489932,51.757718072136875,birge,0.01613918277194523,0.00931796151788315,1.2114752315404065,0.034296634454483894,0.0006049486105493012,0.034296634454483894,56.69346760436743,birge,0.059132328516781026,0.03414006578697291,3,39.976320791523015
0,50.0,1.0,0.33,0.3595810070524395,0.007117605892027745,0.00019073379454480306,0.007117605892027744,37.316962675724625,birge,0.01292101404969154,0.007459950939792348,1.176003873474163,0.01480157596633202,0.0006224289712970538,0.01480157596633202,23.780345467351292,birge,0.026153513094934813,0.015099737825615018,3,50.774003429923894
0,50.0,1.0,0.39,0.37115979761336276,0.006062474093749797,0.00017335664264533384,0.006062474093749797,34.9711092764577,birge,0.01075905994530417,0.006211746155648683,1.16788490277743,0.01814913774689229,0.0005436922525466999,0.01814913774689229,33.381269756705585,birge,0.032107555755997996,0.018537305958746364,3,41.53193174967586
0,50.0,1.0,0.46,0.35299951121298845,0.003839776661027368,0.00019463739551940523,0.003839776661027368,19.72784649517438,birge,0.006771476348776486,0.0039095136927772885,1.1821236703475884,0.014362489578452686,0.0006501310335430971,0.014362489578452688,22.09168434889149,birge,0.025360616351140768,0.014641958677145949,3,52.86304702773493
0,50.0,1.0,0.52,0.34449275506076116,0.014015034758233855,0.00017228815705388196,0.014015034758233855,81.34647788849902,birge,0.02580252703896231,0.014897095931717489,1.167522909607332,0.043544169733650585,0.0005809961251770322,0.043544169733650585,74.9474356999928,birge,0.07978827284626984,0.0460657808059692,3,40.62830686338998
0,50.0,1.0,0.59,0.3534938062544515,0.003615669527044907,0.00019709871820656796,0.003615669527044907,18.344459872415452,birge,0.0063323247391961135,0.003655969392771003,1.2109904787614205,0.009291027117358457,0.0006698571015600977,0.009291027117358457,13.870162898504244,birge,0.016735182538031388,0.009662062143269947,3,53.16128821101837
0,50.0,1.0,0.65,0.3533555361492963,0.008299150004459981,0.00019040335105164268,0.008299150004459981,43.58720557501648,birge,0.01410245306840712,0.008142055075278916,1.2076401571777864,0.028177393522417892,0.0006495655572756261,0.028177393522417892,43.378829445018674,birge,0.04794804930340384,0.02768281917243766,3,48.396551539385676
0,50.0,1.0,0.72,0.35412913978913835,0.008990762282064912,0.0001879861935223214,0.008990762282064912,47.82671596037905,birge,0.015833632346974755,0.00914155189777544,1.2281403452836237,0.03002759942122943,0.0006482146481934594,0.030027599421229425,46.32354345110032,birge,0.05307555323453956,0.030643184947349727,3,41.2549799944245
0,50.0,1.0,0.78,0.34844030964437417,0.0025755995252802577,0.00018323781401835857,0.0025755995252802577,14.056048087444488,birge,0.004512001512043378,0.0026050052875622428,1.2151273649439198,0.00803433006816363,0.0006363335197513842,0.00803433006816363,12.625973359540524,birge,0.014068605091740684,0.008122512936839025,3,43.86024048200473
0,50.0,1.0,0.85,0.34033028299115586,0.008174166555921935,0.00017174713517206718,0.008174166555921935,47.59419449839752,birge,0.01376247035549472,0.00794576596445912,1.1890002007929747,0.025526273272084777,0.0005934759865767882,0.025526273272084777,43.011467775338545,birge,0.04301583328821873,0.02483520292836915,3,39.343404001989356
0,50.0,1.0,0.91,0.3421146085118734,0.003506978510562063,0.0001733625286740566,0.0035069785105620627,20.229161038344245,birge,0.005988775478506519,0.003457621134631969,1.2107953871537738,0.009400535941163688,0.0006058488743971458,0.009400535941163688,15.516305036495707,birge,0.0163572200889819,0.009443845421567655,3,34.55455215663844
0,50.0,1.0,0.98,0.3421167606500359,0.009572636129966929,0.000178177269869786,0.009572636129966929,53.72534968665038,birge,0.017116517345216964,0.009882225896849913,1.217487084433317,0.03463043498389233,0.0006301087188941299,0.03463043498389233,54.95946008280976,birge,0.061936676428229885,0.035759156808549276,3,38.96512118864352
0,50.0,1.0,1.04,0.31838893903685955,0.017204962015456814,0.00019176312280867172,0.017204962015456814,89.71986773819262,birge,0.02867113622430978,0.01655328821707768,1.1451117422078823,0.0645710635222044,0.0007178288001604095,0.0645710635222044,89.95329179851106,birge,0.10764442631305786,0.06214853850860679,3,60.47047443332075
0,50.0,1.0,1.11,0.33172156510274475,0.00469173344429165,0.00019784705270547198,0.00469173344429165,23.71394155300393,birge,0.008000578621112333,0.004619136220571971,1.1991417857977964,0.019305397708791177,0.0007440458579047081,0.019305397708791177,25.94651593539772,birge,0.03277859534206424,0.018924730844398604,3,50.58725162619866
0,50.0,1.0,1.17,0.36000348578027913,0.006493392672188552,0.00019986506052833484,0.006493392672188552,32.48888352483192,birge,0.011302014028961959,0.006525220842006114,1.274312905128339,0.026356725340946224,0.0007364610778671445,0.026356725340946224,35.78834799698797,birge,0.04551269023206067,0.02627676395702428,3,43.39189509836698
0,50.0,1.0,1.24,0.3457041443571182,0.005957882504387618,0.00018143772151888108,0.005957882504387618,32.837066374687794,birge,0.010253662614140707,0.005919954870453739,1.2248030849895024,0.02294621011388248,0.0006702385552795188,0.02294621011388248,34.23588501904804,birge,0.03956913162451755,0.02284524879501494,3,36.16376757897867
0,50.0,1.0,1.3,0.35135305111745496,0.008152858597712408,0.00018485837242660094,0.008152858597712408,44.10326938775547,birge,0.01412528471168012,0.008155236930668623,1.2747548188382904,0.030878487944264992,0.0006974211531694636,0.030878487944264992,44.275238575624265,birge,0.05316009121463927,0.030691992972917043,3,34.49625377065357
0,50.0,1.0,1.37,0.3381873916482005,0.0036010758887395906,0.00017680638965750898,0.00360107588873959,20.3673402059463,birge,0.006292751662952443,0.003633121866549058,1.2571279418976287,0.012612886399918873,0.0006849535678297712,0.012612886399918874,18.414221039656667,birge,0.021385104103450268,0.012346695610775183,3,33.51267358390006
0,50.0,1.0,1.43,0.3194198302830761,0.0016809174922497486,0.00017311139951840888,0.0016809174922497486,9.710033521339522,birge,0.0030232572249446043,0.0017454783726512484,1.2778797130989146,0.007142063148573091,0.0007183917845109673,0.007142063148573091,9.941738341892266,birge,0.012630991967694481,0.00729250661268041,3,28.24011295506223
0,50.0,1.0,1.5,0.29764546260365393,0.004874110450570855,0.00015896669641269072,0.004874110450570855,30.661204897390963,birge,0.00846853052895254,0.004889308380531313,1.2226661887217727,0.01956216517761802,0.0006811004260517797,0.01956216517761802,28.721410865966533,birge,0.03449006014107102,0.019912845506813735,3,27.872892116525634
0,55.0,1.0,0.0,0.31425665531032243,0.00697520207058281,0.00013965442880707949,0.00697520207058281,49.94615731247914,birge,0.015100471523235785,0.00871826129883046,1.2190511888526403,0.022879799006008516,0.000527325566431916,0.022879799006008512,43.38837420840768,birge,0.04643560901483014,0.026809611364696395,3,19.92827580093501
0,55.0,1.0,0.07,0.3292378887855649,0.00871541076282317,0.00015752880090668867,0.00871541076282317,55.32582431060145,birge,0.014706547418284891,0.008490829110796778,1.2495359451287626,0.031490260530010944,0.0005929962035517569,0.031490260530010944,53.103646096551216,birge,0.05370662533517527,0.031007534594529818,3,29.70121060943241
0,55.0,1.0,0.13,0.31545580641834264,0.009118890841540012,0.00015531460717810436,0.009118890841540012,58.71238389756272,birge,0.016654390342062994,0.009615416747179174,1.161085336620211,0.030300315808451318,0.0005687617736954049,0.030300315808451314,53.27417771342412,birge,0.05519661611434423,0.03186778117197308,3,30.934153343972575
0,55.0,1.0,0.2,0.31938580081030055,0.009368910915605209,0.00014955848865668767,0.009368910915605209,62.64379240359666,birge,0.016647390397784963,0.00961137532746594,1.1616053075972592,0.03408182004491948,0.0005401409300146494,0.03408182004491948,63.098014149742596,birge,0.06041057676532398,0.03487806275736035,3,28.79568175429744
0,55.0,1.0,0.26,0.3343753453462977,0.01605589027680094,0.00015837892569292507,0.01605589027680094,101.37643128058022,birge,0.027415009101781528,0.015828062884749607,1.2050455781621958,0.052016166449329215,0.0005667703988457488,0.052016166449329215,91.77643461137397,birge,0.08841595556701365,0.05104697574727332,3,31.231434788511113
0,55.0,1.0,0.33,0.34011395156743324,0.009461216370847661,0.00019839138385195553,0.009461216370847661,47.68965358852404,birge,0.016422361338477003,0.009481454739499,1.2042491390224592,0.03440772757255861,0.0006990830529639617,0.03440772757255861,49.21836887144846,birge,0.05858456696095069,0.03382381550526254,3,54.66154723214921
0,55.0,1.0,0.39,0.3318175689357503,0.007570296503638654,0.00017852013132094548,0.007570296503638654,42.405842117764806,birge,0.013305011544516923,0.007681651996797925,1.1698912834370685,0.026077512803979477,0.0006242273283781798,0.026077512803979474,41.77566668177136,birge,0.04688921010541822,0.027071498076452132,3,41.97319260658345
0,55.0,1.0,0.46,0.354804663227354,0.007595115762857153,0.00018633679706012466,0.007595115762857153,40.7601498076972,birge,0.01453088128734616,0.008389408222811801,1.238154961554115,0.026557371707729663,0.0006462821519354218,0.026557371707729663,41.09253462779109,birge,0.05088567170181182,0.029378856254935977,3,36.65775880334396
0,55.0,1.0,0.52,0.3511900776241217,0.009761324354647855,0.00018367122717233883,0.009761324354647855,53.14563693467784,birge,0.017369912750669087,0.010028523802399112,1.1821208163117307,0.026386917916234046,0.0006134599211672809,0.02638691791623405,43.01327112947408,birge,0.04737941676855632,0.027354519025373464,3,37.265166311343904
0,55.0,1.0,0.59,0.35593304645303,0.00858408039332743,0.0001943803358391765,0.00858408039332743,44.16125919460083,birge,0.014416606666253193,0.008323431739562235,1.2415421742182398,0.02829548046458912,0.0006738818419437904,0.02829548046458912,41.98878602066457,birge,0.04749797174181955,0.027422966771100756,3,44.50649905609553
0,55.0,1.0,0.65,0.36203707153225906,0.011558940849153678,0.0001846410202990412,0.011558940849153678,62.60223665593393,birge,0.019194886664546995,0.011082172982840565,1.229140873553713,0.04030098738870345,0.000620380815654266,0.04030098738870344,64.96169187018012,birge,0.06730898844303268,0.03886086259646633,3,35.84108205612871
0,55.0,1.0,0.72,0.360302705239961,0.00591536194493492,0.00021405308841271597,0.00591536194493492,27.635022642277907,birge,0.009906226566104757,0.005719362574594004,1.2446751182361362,0.0233187578096562,0.0007351816182961874,0.0233187578096562,31.71836350274691,birge,0.03904429005621669,0.022542231374274538,3,60.138110920986755
0,55.0,1.0,0.78,0.34865416586752584,0.004937658435279048,0.00021236349888600063,0.004937658435279048,23.250975149593128,birge,0.007934944879798893,0.004581242562356733,1.2192979528096026,0.019577083294547874,0.0007375844831518096,0.019577083294547874,26.54215719247787,birge,0.031114487564734165,0.017963957771196536,3,51.49818285769525
0,55.0,1.0,0.85,0.3358714734138969,0.011330065464725057,0.00019350532265264642,0.011330065464725057,58.551699299058555,birge,0.018966557347818283,0.01095034699036336,1.2074171985714,0.04173677786319004,0.0006886809713589629,0.04173677786319004,60.60393650899275,birge,0.06991894464950642,0.04036772151484708,3,49.703966591772264
0,55.0,1.0,0.91,0.34884012983339097,0.012484771690583502,0.00017171001023606684,0.012484771690583502,72.70846745288434,birge,0.021631771129249706,0.012489108884520693,1.230030164568213,0.04436920356370247,0.0006016158491946816,0.04436920356370247,73.7500576540574,birge,0.07692605413080657,0.0444132780601169,3,37.20643553215911
0,55.0,1.0,0.98,0.35212266860897506,0.005240971718823055,0.00017271082922229374,0.005240971718823055,30.34535670069346,birge,0.009141820917487678,0.005278032767594863,1.238478354926755,0.019056006753475744,0.0006039333411872539,0.019056006753475744,31.55316233413133,birge,0.03323700709050304,0.01918939499075943,3,37.85170684950738
0,55.0,1.0,1.04,0.35439128570775197,0.0021772114993204262,0.00019648728066051937,0.0021772114993204262,11.080673985620985,birge,0.0037209566872484544,0.0021482953450258336,1.2472572330937726,0.007568008117443588,0.0007166564282961388,0.007568008117443587,10.560162190181757,birge,0.012936018230730092,0.007468613607753925,3,53.30304798120849
0,55.0,1.0,1.11,0.348001511592662,0.005943733807298442,0.00019863999027990294,0.005943733807298442,29.922141049861846,birge,0.010165129153403752,0.005868840053064969,1.240939434072312,0.02195686610560662,0.0007338447338655918,0.02195686610560662,29.920315691231977,birge,0.0377953210573529,0.02182113878657103,3,53.211432623794536
0,55.0,1.0,1.17,0.35102353778746426,0.00812673051476943,0.00020969824395220983,0.00812673051476943,38.7544042410842,birge,0.01392985861737776,0.008042407622516479,1.2819235979391006,0.032829686059203375,0.0007941367371223552,0.032829686059203375,41.3400923601211,birge,0.05642833619786848,0.032578915093762074,3,60.231011684912254
0,55.0,1.0,1.24,0.33527947290228066,0.009800487257378601,0.00019716007057065613,0.009800487257378601,49.70827627020151,birge,0.01866012721482578,0.010773429470592327,1.2453896331038852,0.0386768816079517,0.0007619130061540175,0.0386768816079517,50.762857827017235,birge,0.07341012738951079,0.042383356809578776,3,54.22625066205251
0,55.0,1.0,1.3,0.3333955185806611,0.009410487164844246,0.00017868540782084877,0.009410487164844246,52.66511283495105,birge,0.016087217354871643,0.009287959270347163,1.2533323048718739,0.037033118948429436,0.0006984787644940804,0.037033118948429436,53.019677663719854,birge,0.0630498559947644,0.03640185133094437,3,46.48723003726583
0,55.0,1.0,1.37,0.323657555310703,0.021234355259773935,0.00019084707285525946,0.021234355259773935,111.26371990980603,birge,0.03701330221842817,0.021369639999406477,1.2178800733638597,0.07840881849484965,0.0007453608170743743,0.07840881849484965,105.19578799783594,birge,0.1361188256193025,0.07858824061308003,3,46.79960451629817
0,55.0,1.0,1.43,0.32178898290547764,0.003854566782291061,0.00017115807392000074,0.0038545667822910607,22.520508054400548,birge,0.00689682642891234,0.003981884595286665,1.2047115646330435,0.01893414920284719,0.000665727061607156,0.01893414920284719,28.44130920130777,birge,0.03419590894362313,0.019743017233784747,3,35.90148392052183
0,55.0,1.0,1.5,0.3274121950681576,0.009557093114556959,0.0001627942960166183,0.009557093114556959,58.70656004791074,birge,0.016643884796898788,0.009609351367850636,1.2206791619681008,0.034764919755934195,0.0006330837951581786,0.034764919755934195,54.91361494610368,birge,0.060506923822586274,0.034933688756806365,3,27.301767341607885
0,60.0,1.0,0.0,0.30453680100328856,0.010094466777408308,0.00016196539018314136,0.010094466777408308,62.32483844847379,birge,0.017016596083468692,0.009824536329481782,1.219144218289249,0.04160900930882047,0.0006462859685514902,0.04160900930882047,64.38173089550132,birge,0.0702489016284595,0.04055822226546663,3,34.23011300816501
0,60.0,1.0,0.07,0.31826345011301,0.012771701505245668,0.00015215195121602972,0.012771701505245668,83.94043851013149,birge,0.02193185750840047,0.012662363836303528,1.2500705074311662,0.05131451941322812,0.0005943615826870729,0.05131451941322812,86.33552522227004,birge,0.08817863730638419,0.05090995998561529,3,27.542774695176167
0,60.0,1.0,0.13,0.3182041450526707,0.0027074054695255126,0.00015662703059131906,0.0027074054695255126,17.285684720601278,birge,0.0049183312510075045,0.002839599871732932,1.203562535355394,0.012305184990483907,0.0005889704974497281,0.012305184990483907,20.892701831018663,birge,0.02237614186410057,0.01291887152866372,3,28.00751266761858
0,60.0,1.0,0.2,0.32386022006162274,0.008380771761573709,0.00016510038489888357,0.008380771761573709,50.76167306761003,birge,0.014444400979851283,0.008339478794000033,1.203002354529309,0.0272848512660893,0.0006085258338613045,0.027284851266089302,44.8376219181322,birge,0.04711903803873601,0.027204189295620452,3,33.35486077715085
0,60.0,1.0,0.26,0.3275660722983509,0.012320512357268427,0.00016081980225977864,0.012320512357268427,76.6106672446134,birge,0.021561935166029424,0.012448789072356347,1.2168191799586041,0.04421339152560729,0.0005908043924542734,0.04421339152560729,74.8359221601916,birge,0.076474929033592,0.04415282086380187,3,30.915563465354843
0,60.0,1.0,0.33,0.32928163156167717,0.006566193719496143,0.00018193883020163477,0.006566193719496144,36.090117278533235,birge,0.011812000111721071,0.006819661444170051,1.2032408303910396,0.022095076040208425,0.0006623601418318051,0.022095076040208425,33.3581002913353,birge,0.03930601074101281,0.02269333588209407,3,42.78318705009268
0,60.0,1.0,0.39,0.31657185056972476,0.008114852149636309,0.00016956068597537462,0.008114852149636309,47.85809931681235,birge,0.014596081270279447,0.008427051450509494,1.1655482951393512,0.0277376141467913,0.0006168789407664377,0.0277376141467913,44.96443680234709,birge,0.049832875878585606,0.02877102430299461,3,34.96090164215818
0,60.0,1.0,0.46,0.31909693935308076,0.001955601443935521,0.00019067768047336165,0.001955601443935521,10.256058491380303,birge,0.0035346787450819877,0.0020407477249719344,1.180539966106428,0.008076025944533518,0.000701554987278589,0.008076025944533518,11.511607915241731,birge,0.014450655809182904,0.00834309002139838,3,46.78365122033938
0,60.0,1.0,0.52,0.33337816410281496,0.005260145294002975,0.00019736143889992162,0.005260145294002975,26.652345682736424,birge,0.009562164150904036,0.005520718046559834,1.224548995577899,0.01918003679544198,0.0007211900857728613,0.01918003679544198,26.59498123145682,birge,0.03509789704271297,0.020263780305600103,3,53.52083118541339
0,60.0,1.0,0.59,0.3345803573840484,0.006270361645971088,0.00020262780860067655,0.006270361645971088,30.945217683956887,birge,0.010522815237088534,0.006075350209765761,1.2249332699252125,0.02198496570954124,0.0007351776714951641,0.02198496570954124,29.904289210565143,birge,0.036513729530149315,0.021081211573348895,3,53.445434171987536
0,60.0,1.0,0.65,0.3481437154565406,0.008500618831241535,0.00018092733926710762,0.008500618831241535,46.983606046910666,birge,0.014869675962854418,0.008585011419916506,1.252922065216753,0.029255944054549152,0.0006424181919316143,0.029255944054549152,45.54034182404265,birge,0.04992500749064115,0.028824216514015753,3,32.55312824162859
0,60.0,1.0,0.72,0.34892633589934946,0.009589445644633519,0.0001950226174783396,0.009589445644633519,49.170941138140456,birge,0.01675708503410259,0.00967470755527258,1.2191062627919418,0.03505667208314398,0.0006774983909145907,0.03505667208314398,51.74428833080937,birge,0.06126965594028821,0.035374052350281154,3,44.00960038765803
0,60.0,1.0,0.78,0.3313869557314808,0.00712722962229355,0.000171852523353805,0.00712722962229355,41.47294135227922,birge,0.013365999445758994,0.007716863377997344,1.152178987183339,0.020436948218878412,0.0005911876058618563,0.020436948218878412,34.56931102113454,birge,0.03823205664845403,0.022073288197657956,3,36.90635482593827
0,60.0,1.0,0.85,0.3372753375972111,0.0034386444833579416,0.00019032471076991977,0.003438644483357942,18.067251853149322,birge,0.005868557815006625,0.003388213434248957,1.1715248033520633,0.016305293091930136,0.0006543411612523525,0.016305293091930136,24.918641921781614,birge,0.02675062366753462,0.015444479775441488,3,51.61169768021213
0,60.0,1.0,0.91,0.3394954538405898,0.008722408010407223,0.00017602592534496575,0.008722408010407223,49.551837283704295,birge,0.014511372648695424,0.008378144905035276,1.208399383908212,0.025060487045401713,0.0006190463873031423,0.025060487045401713,40.482405776693085,birge,0.04172111603191348,0.02408769757191686,3,40.02275681580707
0,60.0,1.0,0.98,0.3444225226319642,0.009464927667589499,0.00017578339784203207,0.009464927667589499,53.84426392812799,birge,0.01668498751213888,0.009633082031558928,1.2190032286159103,0.030884692327499044,0.0006224627685169098,0.030884692327499044,49.61693114768202,birge,0.05548920855250926,0.032036709494910505,3,41.039077263342456
0,60.0,1.0,1.04,0.3515040149950148,0.007013417669986395,0.00021327722683673985,0.007013417669986395,32.88404380536628,birge,0.01229429010494375,0.007098111701584626,1.246516357209967,0.023235555368894076,0.000783013682035622,0.023235555368894076,29.67452025676993,birge,0.040678502558832645,0.02348574440257291,3,65.16646123860473
0,60.0,1.0,1.11,0.34930170738405236,0.0031663012018935976,0.00020483882597635631,0.0031663012018935976,15.457524650424771,birge,0.0054413467448784746,0.0031415630079096816,1.251421252388647,0.011796716554881273,0.0007615578294475837,0.011796716554881273,15.490243943048077,birge,0.02026927273822539,0.011702470071692372,3,58.074523210559825
0,60.0,1.0,1.17,0.3420105245787976,0.02587165541084363,0.00019171916416718709,0.02587165541084363,134.94558837259729,birge,0.04975399034717382,0.02872547972019885,1.2412807841763838,0.09227712545566996,0.0007159299353366909,0.09227712545566996,128.8912795806945,birge,0.17550095428252024,0.10132552319804927,3,53.513011029990324
0,60.0,1.0,1.24,0.32862298852616106,0.0067495491091054596,0.00019107349693884112,0.0067495491091054596,35.32436061117287,birge,0.01149346237883098,0.006635753598338903,1.230119661535966,0.02613648177742205,0.0007408193282570603,0.026136481777422053,35.28050737946302,birge,0.04451404933613397,0.02570019836693723,3,51.28363157060219
0,60.0,1.0,1.3,0.33848116243246257,0.004520197400147016,0.00018737840688863325,0.004520197400147016,24.123363386441625,birge,0.008060297562698798,0.004653614967572636,1.2707884298113699,0.014803688093078988,0.0007290318971243276,0.014803688093078986,20.305953897864082,birge,0.026413328207795402,0.015249742150964612,3,44.15512679532714
0,60.0,1.0,1.37,0.3370661093912035,0.0058211960052942805,0.00017393907406326953,0.0058211960052942805,33.46686784808828,birge,0.010024022359404985,0.005787372007565296,1.2530934845389747,0.022015294602697452,0.0006704443863560481,0.022015294602697452,32.83686917322617,birge,0.03795839975658989,0.0219152923174746,3,41.12850428008195
0,60.0,1.0,1.43,0.3376932801224906,0.001335843959370896,0.00016867093498094404,0.001335843959370896,7.919823053816687,birge,0.002309938090425617,0.0013336433783186002,1.2696116810042057,0.002331178766490337,0.0006562905785492093,0.002331178766490337,3.5520527685215626,birge,0.004025783155504886,0.002324286988529807,3,37.44078308899474
0,60.0,1.0,1.5,0.33956524017134687,0.0041512408962217475,0.0001671969175442871,0.0041512408962217475,24.828453521711413,birge,0.007082693323344097,0.00408919489682028,1.2746077864665586,0.017098683508633868,0.0006520858247619408,0.017098683508633868,26.221523086897562,birge,0.029259367977350032,0.016892903978041357,3,34.90667740568548
0,65.0,1.0,0.0,0.2696895221101829,0.008002119688764582,0.00013979342243325033,0.008002119688764582,57.242462123605975,birge,0.013270121685346034,0.007661508327213623,1.133057104393949,0.02975737934112883,0.0005836525191861253,0.02975737934112883,50.98475267891249,birge,0.04907052462407065,0.02833088060098335,3,29.730472699435893
0,65.0,1.0,0.07,0.29297984044156256,0.01175771658624816,0.00013980024711898983,0.01175771658624816,84.10368957531725,birge,0.021755132148061025,0.012560331401938915,1.2014832803224171,0.04641962152556999,0.0005680690370697337,0.04641962152556999,81.71475383523098,birge,0.08568398514937602,0.04946967189123214,3,23.27787690651889
0,65.0,1.0,0.13,0.29887445652796835,0.002479831125104765,0.0001503882567553164,0.002479831125104765,16.489526367337856,birge,0.0040881600980765065,0.002360300333114758,1.1861709507860658,0.0066155645357850595,0.0005915327192696889,0.00661556453578506,11.183767727933443,birge,0.011500444433406415,0.006639784689427527,3,26.917843177324094
0,65.0,1.0,0.2,0.30997621899342326,0.010962010418348428,0.00016826052821486529,0.010962010418348428,65.14903129479163,birge,0.019622188967820177,0.011328876082660685,1.1876140156116683,0.04287038887933319,0.0006445262937823543,0.04287038887933319,66.51456937117572,birge,0.07669677375709014,0.04428090297463182,3,34.37154907310129
0,65.0,1.0,0.26,0.3298796804810452,0.009316861745964454,0.00016982020527211658,0.009316861745964454,54.86309318161109,birge,0.015974675076086967,0.009222982955395616,1.2389703598382544,0.03560880275514807,0.0006368924804569854,0.03560880275514807,55.91022636913206,birge,0.061027591916564546,0.03523429662102317,3,36.52481188628002
0,65.0,1.0,0.33,0.3263737437064866,0.005327316442260975,0.0001800750122787116,0.005327316442260975,29.58387382484587,birge,0.008802029265571307,0.0050818539658925585,1.2243613211199809,0.01864117028150769,0.0006728038218652655,0.01864117028150769,27.70669499145731,birge,0.030751913385661463,0.017754625471307704,3,41.74387202353314
0,65.0,1.0,0.39,0.3231523296720618,0.003572755028068877,0.0001781529137143287,0.003572755028068877,20.05442938641942,birge,0.006362452614556674,0.0036733637297205342,1.2058278030515612,0.011299697164750077,0.0006571166239876542,0.011299697164750076,17.195877797427894,birge,0.020162991146390353,0.011641108366036513,3,37.988837190091225
0,65.0,1.0,0.46,0.3266704120457106,0.0057509961513822,0.00018107881394552685,0.0057509961513822,31.75963010842476,birge,0.009734116972480552,0.005619995054384952,1.233360687543916,0.023061934155546138,0.000677472973520821,0.023061934155546138,34.04111316159739,birge,0.03909037626114263,0.022568839257094457,3,38.05983521009969
0,65.0,1.0,0.52,0.3454892571217197,0.026092144934293952,0.0002225608783096669,0.026092144934293952,117.23599013654973,birge,0.04323588362795072,0.024962249051248685,1.304062458231853,0.09451995986886341,0.0008219945858276664,0.09451995986886341,114.98854311028249,birge,0.15601737199309382,0.0900766717184707,3,57.15466820395808
0,65.0,1.0,0.59,0.3342283943720527,0.005728420274776136,0.00017676366997416632,0.0057284202747761356,32.40722641486983,birge,0.00943469485282898,0.005447123613002788,1.2586414034585136,0.02203189147295288,0.0006591174307869713,0.022031891472952876,33.42635233701421,birge,0.03629536124472418,0.020955136584976216,3,32.357352621348525
0,65.0,1.0,0.65,0.32704808456386486,0.010712933564338806,0.0001899341861735038,0.010712933564338806,56.40339835690559,birge,0.017916311848732304,0.010343987468750877,1.2256001035279227,0.0388861564849715,0.0007050505830734529,0.0388861564849715,55.15371154713348,birge,0.0646171846233955,0.03730674893659314,3,41.464690700854966
0,65.0,1.0,0.72,0.3238855146729483,0.0016340382669762226,0.00017334117209830266,0.0016340382669762226,9.426717537421238,birge,0.0028480775707841405,0.001644338352165159,1.2076195275976314,0.006119372195972011,0.0006417987684745642,0.006119372195972011,9.53472100065978,birge,0.010625401341450165,0.006134578324734063,3,37.62615846858805
0,65.0,1.0,0.78,0.3145538773957874,0.002875617114382286,0.0001728405831433672,0.002875617114382286,16.63739535058748,birge,0.005667047940048704,0.0032718716536976338,1.1635369525741237,0.009490121013820898,0.0006337409167078457,0.009490121013820898,14.974764550662332,birge,0.0186961832976084,0.010794246459692796,3,34.187762161831806
0,65.0,1.0,0.85,0.3237072286454776,0.010237906059859862,0.00017025213493870726,0.010237906059859862,60.13378959121791,birge,0.019199529186031208,0.011084853343869196,1.1903300838386668,0.03344390039827103,0.0006217185790605483,0.03344390039827103,53.792666850661995,birge,0.06256458954247741,0.03612168261408778,3,32.925740523645466
0,65.0,1.0,0.91,0.33433609822488675,0.004652886148056534,0.00019602368362651963,0.004652886148056534,23.736346863686094,birge,0.008298448045605679,0.004791111212986563,1.2104620317293093,0.014520906762425883,0.0007066618775113285,0.014520906762425885,20.548592225697217,birge,0.02584562457292472,0.014921978304552094,3,44.52965801651274
0,65.0,1.0,0.98,0.36461189309474146,0.004737490266845654,0.0001969498418493408,0.004737490266845654,24.054298405934517,birge,0.008238389331204174,0.004756436298059671,1.2703695347602706,0.008584989803975316,0.0006963503431914961,0.008584989803975316,12.3285496846728,birge,0.016307853550439844,0.009415343637251439,3,44.64239197181569
0,65.0,1.0,1.04,0.3541304885688167,0.00892245865787677,0.00018385958337051577,0.00892245865787677,48.52865700177367,birge,0.015467317822793387,0.008930060108631259,1.2191751078626107,0.029205530447698764,0.000644982826793564,0.029205530447698764,45.281097781920344,birge,0.05063206488061733,0.029232436288451017,3,50.91535424281324
0,65.0,1.0,1.11,0.3585717069674132,0.007794907405975714,0.00018605593494832847,0.007794907405975714,41.895505285227905,birge,0.013153251926454479,0.0075940335404574575,1.265289666585413,0.02066096840599472,0.0006675487793440583,0.02066096840599472,30.95049986653626,birge,0.03553865514694364,0.02051825211572519,3,54.242151181795165
0,65.0,1.0,1.17,0.3376167128857591,0.002390502440222146,0.00019222204678182869,0.002390502440222146,12.436151212848948,birge,0.004223798361346073,0.0024386111209258555,1.220470258431074,0.006689958933961989,0.0007212521447483935,0.006689958933961989,9.275478738847646,birge,0.011862145168203218,0.006848612706028547,3,54.74255323168209
0,65.0,1.0,1.24,0.3370744495544624,0.005648605108110345,0.000192393358651619,0.005648605108110345,29.35966785807142,birge,0.01034919214198927,0.005975108869072664,1.241027370615897,0.018032891930382728,0.0007357976793740593,0.018032891930382728,24.50794890481749,birge,0.0325935706474189,0.018817906787138388,3,53.51008542503226
0,65.0,1.0,1.3,0.3395844775526987,0.013877063616964192,0.00018105901497128982,0.013877063616964192,76.64387006172905,birge,0.02386217664382517,0.013776834108762863,1.273061658603722,0.05029406584356836,0.0007050908239661638,0.05029406584356835,71.32991117465158,birge,0.0861761949469179,0.049753849350340724,3,45.764234150269886
0,65.0,1.0,1.37,0.3274773797138009,0.0015192957435053384,0.00017798365963461027,0.0015192957435053386,8.53615296271782,birge,0.0026664140610990882,0.0015394548759465618,1.229127119382412,0.007487505532653907,0.000693216370742424,0.007487505532653906,10.801108930296762,birge,0.013010082380668114,0.007511374564657943,3,45.704265841538145
0,65.0,1.0,1.43,0.344083598943554,0.008044464790483588,0.0001801725034557326,0.008044464790483588,44.64868188091791,birge,0.014537713324897165,0.008393352701530988,1.282625490579264,0.03147500407326569,0.0006978841505620007,0.03147500407326569,45.10061454744189,birge,0.05680260090122896,0.03279499692099542,3,39.41748387859269
0,65.0,1.0,1.5,0.32295616534768395,0.006038691311340035,0.00017581434181752843,0.006038691311340035,34.34697789107206,birge,0.010738136783218282,0.006199666162386098,1.2116466097403678,0.021605624132392136,0.0006856275392465403,0.021605624132392136,31.512188317486928,birge,0.037424170464112304,0.021606854891653683,3,49.32944774993304
0,70.0,1.0,0.0,0.27646876861310754,0.00994539827121238,0.00016148168569404844,0.00994539827121238,61.588397646872764,birge,0.018101914794716404,0.010451145379577186,1.1965261816190245,0.0409049363701758,0.0006777227015263973,0.0409049363701758,60.35645003191996,birge,0.07169600475614034,0.041393707645778315,3,30.666089384226037
0,70.0,1.0,0.07,0.2875445164644766,0.010188225023770547,0.00015707479007825225,0.010188225023770548,64.86225459028104,birge,0.019071080665223443,0.011010693555803823,1.2127212425161105,0.037942476968254785,0.0006593609202102048,0.037942476968254785,57.54432178989118,birge,0.07146358229197546,0.041259518473527004,3,25.64844382123304
0,70.0,1.0,0.13,0.912950728251318,0.0071600704031459655,0.0005555108861378565,0.0071600704031459655,12.889163078199534,birge,0.5180507763627862,0.2990967551869492,3.6477831928610396,0.020446421062110757,0.0022192841985555828,0.020446421062110757,9.213070176148811,birge,0.09669105401957376,0.055824606066429555,3,28.20070612850168
0,70.0,1.0,0.2,0.30648760719025825,0.005018991181276917,0.00017503755558687944,0.005018991181276917,28.673796114490145,birge,0.009176959920270152,0.0052983202803103795,1.2168828075921354,0.02356323556410934,0.000692785696445757,0.02356323556410934,34.01230089621845,birge,0.04287074947061933,0.024751438747223076,3,37.91687371251485
0,70.0,1.0,0.26,0.3153960521971378,0.008895745752911577,0.00017797426481991278,0.008895745752911577,49.983326307952076,birge,0.014659602468376333,0.008463725431329979,1.2431371002324099,0.035373959180558745,0.0006959199253354717,0.035373959180558745,50.83050203442092,birge,0.058140608584448826,0.0335674960170802,3,34.15917063860599
0,70.0,1.0,0.33,0.30954612938785475,0.007802801436701853,0.00017359302993364228,0.007802801436701853,44.948817586077936,birge,0.013235830864649684,0.007641710512653853,1.2221485045419016,0.027804752145403202,0.000680303951256823,0.027804752145403202,40.87107254637504,birge,0.0467067354647572,0.02696614629354621,3,35.032857311079034
0,70.0,1.0,0.39,0.3118637441968463,0.009554026619934966,0.00016182056890619631,0.009554026619934966,59.04086658769082,birge,0.016912529079006658,0.009764453216441867,1.202514967746188,0.033987341538612194,0.0006143059683517882,0.033987341538612194,55.32640620406445,birge,0.060262341544131126,0.03479247911250127,3,29.876211101573677
0,70.0,1.0,0.46,0.31425091751315404,0.005557237841424898,0.0001881541957331758,0.005557237841424898,29.535550986626404,birge,0.009095937817848492,0.005251542147666924,1.1930532128147504,0.019307049916938702,0.0007088865616408069,0.019307049916938702,27.2357397666703,birge,0.03159399581913433,0.018240801990953116,3,43.92184401917056
0,70.0,1.0,0.52,0.34487078603760013,0.006349700962775617,0.00019525894251068136,0.006349700962775618,32.519386211611106,birge,0.011221688946145572,0.006478845133819394,1.3409465880744733,0.023081360805988615,0.0007456874729061052,0.023081360805988615,30.95312935328733,birge,0.04073453206210299,0.023518093051368608,3,36.590762063563645
0,70.0,1.0,0.59,0.3186400941457058,0.007593732656297701,0.00018120678039188615,0.007593732656297701,41.906448753601516,birge,0.013490886724361436,0.007788967081916824,1.2331269097259978,0.023053322844827657,0.0006895264870276225,0.023053322844827653,33.43355661970986,birge,0.04167949585452055,0.02406366815129533,3,37.211532791192106
0,70.0,1.0,0.65,0.3195733785626074,0.006316456058138712,0.0001827132226241214,0.006316456058138712,34.57032812087694,birge,0.011008160201768693,0.00635556425577368,1.221624842854348,0.027025830376306362,0.000695726813134306,0.027025830376306362,38.84546328544216,birge,0.04705220495060823,0.027165603194199105,3,40.540902316049895
0,70.0,1.0,0.72,0.3254761834787282,0.004258983777898768,0.00018583076182145577,0.004258983777898768,22.918615498066753,birge,0.007133694220060753,0.004118640278268553,1.2478788147076842,0.014270300895030699,0.0007062160209274895,0.014270300895030699,20.206707964921538,birge,0.024159982203466126,0.013948772228787737,3,41.6062628152775
0,70.0,1.0,0.78,0.31466325180882926,0.0074345549807230335,0.00016788300421101009,0.0074345549807230335,44.284143089187474,birge,0.012990677524867728,0.007500171165938005,1.1924878519444844,0.028185797949741607,0.0006312595433654343,0.028185797949741607,44.65009400012339,birge,0.04918510348550665,0.028397032737476867,3,35.98950119230155
0,70.0,1.0,0.85,0.33196404978624894,0.00925620215083331,0.00019002962490662867,0.00925620215083331,48.70925865049387,birge,0.01592564039050658,0.00919467276647615,1.2464145349087745,0.03244501438406301,0.0007338317688104318,0.03244501438406301,44.21315042909299,birge,0.055909844741883784,0.032279563912076786,3,48.943270244233155
0,70.0,1.0,0.91,0.3149321824866508,0.0036473545363029454,0.00016441736438705163,0.0036473545363029454,22.183511759237188,birge,0.006226608276162475,0.0035949339643807565,1.1956267614990825,0.00953788089409479,0.0006160587047943919,0.00953788089409479,15.482097436279282,birge,0.016209707911178137,0.009358679226003905,3,34.634990567617805
0,70.0,1.0,0.98,0.34121863791169604,0.005084080200567144,0.00019924940016690344,0.005084080200567144,25.51616314181327,birge,0.008692902528238502,0.0050188496147176775,1.2636064564459042,0.014144690617875353,0.0007618798517169844,0.014144690617875353,18.565513428395114,birge,0.02415577468227437,0.013946343015295055,3,50.88392909392355
0,70.0,1.0,1.04,0.3423507853590919,0.00784518076041252,0.000213817444354083,0.00784518076041252,36.69102296172267,birge,0.013960019190519434,0.008059820837538737,1.2626455273481363,0.02564211884115778,0.0008159765971157678,0.02564211884115778,31.4250665175876,birge,0.04573766766615524,0.02640665473916037,3,61.73463774003137
0,70.0,1.0,1.11,0.3457855530217859,0.005065556189900805,0.0002030358992047959,0.005065556189900805,24.949066690867994,birge,0.008671060803353338,0.005006239288975663,1.2628033491817139,0.019760741487086658,0.0007697787481996595,0.019760741487086658,25.670676844876034,birge,0.03383751218717143,0.01953609676997067,3,57.56883188413064
0,70.0,1.0,1.17,0.3491236002495869,0.0071044715924641864,0.00018212171217698098,0.007104471592464186,39.009470686066535,birge,0.012115161795929249,0.006994691924155622,1.265159684018537,0.02195478408281976,0.0006725155261737215,0.02195478408281976,32.64576538140547,birge,0.0381095896094715,0.022002581819734537,3,51.13384511474157
0,70.0,1.0,1.24,0.3588053757667684,0.004450917937625094,0.00019135336892390012,0.004450917937625094,23.260201597993255,birge,0.007777293996367064,0.004490222782369385,1.2830473128127977,0.019042485362964746,0.0007105404059368444,0.019042485362964746,26.800003495729865,birge,0.03338930950852427,0.01927732683280222,3,49.10071211693822
0,70.0,1.0,1.3,0.34542500587473374,0.005989125244401802,0.000175134426036941,0.005989125244401802,34.197304207560656,birge,0.010473368419818274,0.006046802076504206,1.2526937744509175,0.023272815689346565,0.0006591187826214222,0.023272815689346565,35.30898572907725,birge,0.04065201869703718,0.02347045393783612,3,45.72724917219199
0,70.0,1.0,1.37,0.33172828155009226,0.006846572130602304,0.00017329808106801318,0.006846572130602304,39.50748957177012,birge,0.011638247282663557,0.006719345201541236,1.2604492725986576,0.026380001769920967,0.0006850430553362875,0.026380001769920967,38.508531054257645,birge,0.044709594522663994,0.025813096433019076,3,41.51837141220152
0,70.0,1.0,1.43,0.34310125894190147,0.0018624413263391884,0.00017463520578561316,0.0018624413263391884,10.664752951507218,birge,0.0032562610045189845,0.001880003167510717,1.2716383772122297,0.006969857975330838,0.0006731647007206489,0.006969857975330838,10.353867289638531,birge,0.012342217514488827,0.0071257826043870385,3,42.10523496862593
0,70.0,1.0,1.5,0.32874507564978356,0.0032996184113506526,0.00016380732708074446,0.0032996184113506526,20.143289498425144,birge,0.005745709111790995,0.0033172867023778165,1.224423014765725,0.011335003288794176,0.0006367120454356184,0.011335003288794174,17.802401211114393,birge,0.019726116239502087,0.01138887852094238,3,39.831354892276465
0,75.0,1.0,0.0,0.28915228254989317,0.005082849467649622,0.00013901410420751728,0.005082849467649621,36.56355228575981,birge,0.008225405619991053,0.004748940148895695,1.233325699937343,0.02046705932129458,0.0005881357097042587,0.02046705932129458,34.79989224185409,birge,0.033159169863364805,0.019144455646718198,3,18.532745702290327
0,75.0,1.0,0.07,0.3274784110654507,0.29215374872258215,0.0004277630983232298,0.29215374872258215,682.980252078272,birge,0.49393200085204303,0.28517177365329754,3.5856308215864803,0.13988718581011478,0.00291538837327085,0.13988718581011478,47.98235017078418,birge,1.321114680561657,0.7627459164526391,3,1.5319663158667187
0,75.0,1.0,0.13,0.2925350940014135,0.004994382621362036,0.00017495833068437568,0.004994382621362036,28.54612639378623,birge,0.008290900594096439,0.0047867536898260074,1.212812422835782,0.02315980083908773,0.000722905241041444,0.02315980083908773,32.037118455142014,birge,0.037578035267064935,0.02169568877705719,3,31.548681700908304
0,75.0,1.0,0.2,0.29683888224613064,0.006700965809737543,0.00016485639864408436,0.006700965809737544,40.6472897919149,birge,0.012330468771648813,0.007118999464545717,1.2156199992260335,0.024274110874715184,0.0006669477268712823,0.024274110874715184,36.39582218622655,birge,0.04378065852413565,0.025276774984208803,3,27.738595931638233
0,75.0,1.0,0.26,0.3092527264176375,0.009131467025075004,0.0001742393155405868,0.009131467025075004,52.407615334944005,birge,0.01631199162858387,0.00941773275778182,1.2456533620387757,0.03884252982863145,0.0006978264032126085,0.03884252982863145,55.66216705159148,birge,0.068449460914512,0.03951931468487827,3,35.882144793850905
0,75.0,1.0,0.33,0.29590563027480354,0.00503935755533941,0.00018340537947125895,0.00503935755533941,27.476607119526268,birge,0.008888383165673948,0.005131710413362392,1.201205866777443,0.019745233054879165,0.0007419283542293193,0.019745233054879165,26.613395946283244,birge,0.03488414292549621,0.020140369308484615,3,37.26786963159275
0,75.0,1.0,0.39,0.3041238080520263,0.0037757724769439424,0.00017007809199756884,0.003775772476943942,22.200228333922716,birge,0.006042893006087668,0.003488865903748822,1.2059009076973806,0.017232278541048102,0.0006648624566597314,0.017232278541048102,25.91856160388881,birge,0.027826276062818425,0.01606550797541306,3,28.134325355907485
0,75.0,1.0,0.46,0.3129260922958608,0.0021790845330362974,0.00018244975239766978,0.0021790845330362974,11.943477611779583,birge,0.0037496614236082713,0.002164868032290191,1.2332312281386566,0.006030166663255269,0.0007167127361207652,0.006030166663255268,8.41364518774115,birge,0.010376300887786332,0.0059907601107559915,3,37.991869746676365
0,75.0,1.0,0.52,0.30540674210533947,0.007640314239784423,0.000188139105985551,0.007640314239784423,40.60992104624541,birge,0.0131523341374477,0.0075935036547273346,1.2033265281322358,0.03208160470564833,0.000735609736070219,0.03208160470564833,43.6122622262111,birge,0.05511879518154148,0.03182285123547082,3,43.44548115660106
0,75.0,1.0,0.59,0.3030246677134321,0.0012782832989760092,0.00018734178570254948,0.0012782832989760092,6.823268467215285,birge,0.002149108679725349,0.0012407884747571917,1.185669243595906,0.0036833990039471846,0.0007255418312414628,0.003683399003947184,5.076756219065385,birge,0.006276539929950387,0.003623762018136291,3,45.161829881523076
0,75.0,1.0,0.65,0.3146583125676688,0.006560899152588462,0.00017238452119405046,0.006560899152588462,38.05967674558764,birge,0.011229652617076612,0.006483442961375168,1.2221481502366276,0.026948801946817858,0.0006645912475126487,0.026948801946817855,40.54943854238008,birge,0.04619183876246718,0.026668870543874217,3,36.98876640096258
0,75.0,1.0,0.72,0.306250721777724,0.009117727828385125,0.00017369706240197457,0.009117727828385125,52.49212452012934,birge,0.016145027910643362,0.009321336210283967,1.2037197785802636,0.03707614098658402,0.000673980532354477,0.03707614098658402,55.01070017120909,birge,0.06550277550784578,0.037818045072122386,3,37.50472665010342
0,75.0,1.0,0.78,0.3079025400762308,0.002225987405111297,0.00017767004574275013,0.002225987405111297,12.528771497781465,birge,0.003889247028109926,0.002245457818624218,1.1807677869473694,0.007500644617237459,0.0006774581141599812,0.007500644617237459,11.071746666637736,birge,0.01331319785697301,0.007686378366498117,3,39.72602499760581
0,75.0,1.0,0.85,0.3187460580639644,0.00332798922689469,0.00018932437019607404,0.00332798922689469,17.578240051442155,birge,0.006332393124237721,0.003656008874893184,1.2138526765264461,0.008289326160254722,0.0007224180509778917,0.008289326160254722,11.474417269936687,birge,0.01589718349855955,0.009178243172250234,3,38.77697540063795
0,75.0,1.0,0.91,0.30556592236410723,0.0030332643438862675,0.00018582982841972264,0.0030332643438862675,16.322806568142635,birge,0.005548887386690162,0.0032036516264084846,1.1785375104863927,0.014123049852131008,0.0007127383887196843,0.014123049852131008,19.81519457300555,birge,0.024900074097468337,0.014376064483014973,3,47.59139986017384
0,75.0,1.0,0.98,0.33246031988534225,0.008314022497770097,0.00019860008691386085,0.008314022497770097,41.86313625016766,birge,0.014037992076026335,0.008104838503975639,1.2581989603485684,0.029479690283288073,0.0007770655182491569,0.02947969028328807,37.93720039168661,birge,0.04993189674011776,0.02882819402405559,3,53.82535608056326
0,75.0,1.0,1.04,0.3268344035853276,0.011192097193583269,0.00018654449347276473,0.011192097193583269,59.99693148389449,birge,0.018392934779984504,0.010619165846411285,1.2480491755512857,0.032767102274568645,0.0007207815731962508,0.032767102274568645,45.4605160468593,birge,0.054147133105584014,0.03126186187435543,3,50.61766878464131
0,75.0,1.0,1.11,0.3317641473136083,0.006959386511176964,0.0001991431841307091,0.006959386511176964,34.94664676351223,birge,0.013291981010169976,0.00767412881428503,1.2604496019912281,0.026902943670440153,0.0007845277128625096,0.02690294367044015,34.29189718777335,birge,0.05145824346369652,0.029709430715790488,3,50.88265388600617
0,75.0,1.0,1.17,0.3211621401408408,0.011611043938725108,0.00019145338909556123,0.011611043938725108,60.646844610985816,birge,0.018846972156038304,0.010881304447698097,1.2225151967268297,0.04429417965573687,0.0007546358594026962,0.04429417965573687,58.69609706964664,birge,0.07196312560284185,0.04154792993852759,3,49.41598776303337
0,75.0,1.0,1.24,0.33114633555375844,0.005809232081366866,0.0001864119555571596,0.005809232081366866,31.163409363974928,birge,0.010305157086025802,0.005949685217658376,1.2673667285889838,0.02229051550960486,0.0007408117195129846,0.02229051550960486,30.089312739624066,birge,0.03948685130109658,0.022797744228138836,3,47.964540314220244
0,75.0,1.0,1.3,0.33442754637493805,0.0024002598467210076,0.0001858235907780385,0.0024002598467210076,12.91687366857557,birge,0.004099284735542071,0.0023667231455501386,1.2896082745005126,0.011222529549635051,0.0007438622786729819,0.011222529549635051,15.086837807739839,birge,0.019234445034694545,0.011105012018493957,3,45.78281665154859
0,75.0,1.0,1.37,0.325516960578301,0.003400229610304262,0.00016964967432152913,0.003400229610304262,20.04265333194784,birge,0.005787793070068994,0.0033415838870181846,1.238232474416189,0.014404845469467705,0.000670036261084685,0.014404845469467705,21.49860583089711,birge,0.024490502765822465,0.014139598364436876,3,42.8626433219181
0,75.0,1.0,1.43,0.34085246314353845,0.006776299881113543,0.00017361915285056605,0.006776299881113543,39.029679444098555,birge,0.011655796494547135,0.0067294772437462855,1.2697762772948407,0.024047262917725066,0.0006714345106685028,0.024047262917725066,35.8147556249124,birge,0.04150189124849608,0.023961128084197786,3,38.30988774773598
0,75.0,1.0,1.5,0.33889143959599943,0.0037703051292544377,0.00017404398731058968,0.003770305129254438,21.662943877090974,birge,0.006390191768015753,0.003689378937437226,1.232844262611316,0.012814954250131901,0.0006563224988943715,0.012814954250131903,19.52539227547392,birge,0.021703499212826622,0.012530521112882281,3,41.6076121398007
0,80.0,1.0,0.0,0.2887423322336243,0.007059725586687171,0.0001278620401899828,0.007059725586687171,55.21361598952695,birge,0.012001944892849009,0.00692932611468543,1.2027242903968172,0.030921741991143083,0.0005264656618747848,0.030921741991143083,58.73458466603192,birge,0.05240645424338352,0.030256880464691282,3,13.952796102889636
0,80.0,1.0,0.07,0.2968458557005211,0.009449195684798104,0.00014891135224115817,0.009449195684798104,63.45517344772594,birge,0.016947334730764273,0.009784548268853447,1.202094243192165,0.03721006642981433,0.0005984747362595077,0.03721006642981433,62.17483241210617,birge,0.06675084583771147,0.03853861881303793,3,22.145856993023976
0,80.0,1.0,0.13,0.29494736658372545,0.010452355650926615,0.00015050183943929332,0.010452355650926613,69.45001928127725,birge,0.01822022800299693,0.010519453542226637,1.2140684045823997,0.044909487824723614,0.0006145874115357927,0.044909487824723614,73.07258004601701,birge,0.07822763571802083,0.04516474653986731,3,21.687028776534515
0,80.0,1.0,0.2,0.3007355610977851,0.007368588007121436,0.00019472374216094387,0.007368588007121437,37.84124075137751,birge,0.012542040125567134,0.007241150242683273,1.238469097027232,0.02757915185322851,0.0007929512161858898,0.02757915185322851,34.78038912139481,birge,0.047128723325511754,0.027209781098547606,3,35.825780783120045
0,80.0,1.0,0.26,0.3017427095558342,0.009791182018389724,0.0001608196222795101,0.009791182018389724,60.88300593923986,birge,0.016595047511150585,0.00958115514777742,1.2242921077589284,0.03878820727688558,0.0006481912885899405,0.03878820727688558,59.84067968772691,birge,0.06574318011858363,0.037956842738846315,3,26.813745849573962
0,80.0,1.0,0.33,0.2861890342694991,0.0037147740631390596,0.0001661210431659795,0.00371477406313906,22.36185128832505,birge,0.006311762886396704,0.0036440980015222265,1.1719022521402156,0.01724705020061567,0.0006761360439810262,0.01724705020061567,25.508254372990738,birge,0.02929552035076384,0.016913776560563663,3,32.40234696985186
0,80.0,1.0,0.39,0.29202970149990937,0.006613511913746714,0.00016683184095141475,0.006613511913746714,39.641784661914265,birge,0.011964241762900115,0.006907558202460144,1.1869978967714083,0.028312986441751682,0.0006698624470441158,0.028312986441751686,42.2668662300561,birge,0.05119637982252658,0.02955824367207005,3,26.2398017797467
0,80.0,1.0,0.46,0.297051760264278,0.0017822383153123142,0.00018805150120290923,0.0017822383153123142,9.477394777025808,birge,0.0029954285415407463,0.001729411474796838,1.2036979454833419,0.008991300208274017,0.0007557331659013747,0.008991300208274017,11.897453511319638,birge,0.015212583868815898,0.008782989391730618,3,39.45781130265161
0,80.0,1.0,0.52,0.30112188459636907,0.0043711522094011706,0.00018818073219833772,0.0043711522094011706,23.22847912396306,birge,0.007709749666777116,0.004451226045498396,1.2189010573452523,0.018123537911734273,0.0007555697743676034,0.018123537911734273,23.98658406750496,birge,0.03204615007328193,0.018501853371300468,3,38.00563534154831
0,80.0,1.0,0.59,0.2928113474508376,0.004584681521449335,0.00017676279253543727,0.004584681521449335,25.93691497904007,birge,0.007439932179789138,0.004295446846753819,1.1856495932851852,0.01713310337848771,0.0007078875351024997,0.01713310337848771,24.2031431956305,birge,0.02781330129748885,0.016058016991157355,3,33.24765344141252
0,80.0,1.0,0.65,0.30363728766618386,0.010561218142422795,0.00018728028907108958,0.010561218142422795,56.39257710892292,birge,0.01779160354960162,0.010271987098677597,1.2237130068423347,0.042414604076422904,0.0007515034939453434,0.042414604076422904,56.439663179407255,birge,0.07147296118780021,0.041264933381556124,3,41.37097094096383
0,80.0,1.0,0.72,0.30161486821809597,0.012843708149316034,0.0001798059724253873,0.012843708149316034,71.4309317764497,birge,0.021469754435511627,0.012395568502777801,1.2081846175875952,0.04788253817970717,0.0007139274759783729,0.04788253817970716,67.06919090638512,birge,0.080009521528314,0.04619351879210525,3,36.08244585859791
0,80.0,1.0,0.78,0.32205172013795874,0.011228065083920751,0.00023305026393945569,0.011228065083920751,48.17872717294025,birge,0.018465636012376767,0.010661139922503374,1.2519580915565638,0.04340449107917809,0.0009327055664516481,0.04340449107917809,46.53611240287178,birge,0.07144407105606691,0.041248253656222984,3,72.6812548226829
0,80.0,1.0,0.85,0.3056462529641541,0.004305359043654883,0.000169746932880616,0.004305359043654883,25.363398151546377,birge,0.007555922893743547,0.004362414116678893,1.1964988376101233,0.017271576333608464,0.0006575176857366042,0.017271576333608464,26.267850596686927,birge,0.030420488102194786,0.017563276994681968,3,35.72148138045845
0,80.0,1.0,0.91,0.30507192660186355,0.008218665650114268,0.00017958587748902318,0.008218665650114268,45.76454320923212,birge,0.014192261769127778,0.008193906152815558,1.186911664704221,0.03412566526472793,0.0006928794789712656,0.03412566526472793,49.25194972637247,birge,0.058943437998202765,0.03403100979522439,3,38.38372600137926
0,80.0,1.0,0.98,0.31249384446009665,0.01240760646000061,0.00017717010798787294,0.01240760646000061,70.0321662661621,birge,0.023080704126718952,0.013325650740647293,1.2133883217287913,0.042940356511884985,0.0006884864395405523,0.042940356511884985,62.369211716850046,birge,0.08098514546650476,0.04675679553544752,3,40.04971175880444
0,80.0,1.0,1.04,0.32341961275935516,0.004473818336921396,0.00018741953211093724,0.004473818336921396,23.87060882359506,birge,0.007980927316917217,0.004607790534804993,1.251798365556785,0.015494159587649494,0.0007370429778457689,0.015494159587649492,21.022057130149808,birge,0.027789814113626157,0.016044456659231723,3,50.91121095670035
0,80.0,1.0,1.11,0.324709410802751,0.006394826692557976,0.00018363403389436663,0.0063948266925579755,34.82375547136609,birge,0.01174499933901783,0.006780978530013922,1.256502359264518,0.026525319406416507,0.0007230279173181399,0.026525319406416507,36.6864387544044,birge,0.04941829696960326,0.02853166705829331,3,47.52266701351326
0,80.0,1.0,1.17,0.3255868426714735,0.004363547590517116,0.0001921352517174088,0.004363547590517116,22.710812053037472,birge,0.007379403362029716,0.004260500517526686,1.2631381515784015,0.016011172794062195,0.0007730636967141804,0.016011172794062195,20.71132412777352,birge,0.027063004387625964,0.015624832868275875,3,50.03387920878134
0,80.0,1.0,1.24,0.32714517750857713,0.004971796050545603,0.00019480079069748502,0.004971796050545603,25.522463398346932,birge,0.008701721739581716,0.005023941388760723,1.2750683169016452,0.018724547509773013,0.000788208599645105,0.018724547509773013,23.75582747790856,birge,0.03269727509862457,0.018877780579958144,3,50.027421267289874
0,80.0,1.0,1.3,0.323439984559923,0.010510091643023823,0.00018969979279484078,0.010510091643023823,55.40381192925406,birge,0.018277369689761864,0.01055244431046232,1.295205726015741,0.04196378929628228,0.0007865066823911923,0.04196378929628228,53.35465067976415,birge,0.07274390565535273,0.04199871351202264,3,50.17052157963498
0,80.0,1.0,1.37,0.3258232677643356,0.005260737859817451,0.00018107567337955128,0.005260737859817451,29.052703555548625,birge,0.009213036858061272,0.00531914931005562,1.2927711387736192,0.02193726585450222,0.0007457647291111762,0.02193726585450222,29.415799645885215,birge,0.038335652732026784,0.022133099424395678,3,44.21440409344651
0,80.0,1.0,1.43,0.31847296650582096,0.008354655980873378,0.0001665830916534306,0.008354655980873378,50.1530851537736,birge,0.014654948281565884,0.008461038335322107,1.235680784720443,0.03248725207911689,0.0006709941935370439,0.03248725207911689,48.41659196462681,birge,0.05689948663712296,0.032850933926694456,3,41.691419474808384
0,80.0,1.0,1.5,0.3259170101013219,0.018350612376917673,0.00016664315892865258,0.018350612376917673,110.11920618220154,birge,0.03238849419096256,0.018699505839798868,1.2605218052220333,0.07016944596694444,0.0006666619475092476,0.07016944596694444,105.25491402217925,birge,0.12368183919047092,0.0714077431504864,3,36.720313934482995
