trial,power,pressure,n2_flow,area_mean,area_std,area_sem,n_fits,fwhm_mean,fwhm_wavelength,T_gas_K,N_s_m3,N_s_cm3
0,30.0,1.0,0.0,0.0504365243211976,0.005306646870766,0.002653323435383,4,1.0934512954342586,1.7640959195957496e-12,501.688713562899,1309516600186726.2,1309516600.186726
0,30.0,1.0,2.0,0.0292677100850661,0.0002999820474392,0.0001499910237196,4,1.1596794683049474,1.870943705145324e-12,564.3017283094102,759896775633655.8,759896775.6336557
0,30.0,1.0,4.0,0.0170336720791864,0.0002102289211243,0.0001051144605621,4,1.1809140142351566,1.9052019990321805e-12,585.1564507469432,442256413383682.75,442256413.3836827
0,30.0,1.0,6.0,0.0123872345859565,0.0003415652531522,0.0001707826265761,4,1.200885030031311,1.9374218039958634e-12,605.1155397966378,321617905655320.06,321617905.65532005
0,35.0,1.0,0.0,0.0497442398043829,0.0057832658842679,0.0028916329421339,4,1.1028648584942675,1.7792830872842967e-12,510.3640102470374,1291542362686778.5,1291542362.6867785
0,35.0,1.0,2.0,0.0302124464726801,0.0002715522143561,0.000135776107178,4,1.1318107597903944,1.8259823290143447e-12,537.5057080942019,784425586828146.1,784425586.8281461
0,35.0,1.0,4.0,0.0186374013237974,0.000111948830316,5.597441515803214e-05,4,1.1847941061068994,1.9114618610554634e-12,589.0080280023091,483895088853244.94,483895088.8532449
0,35.0,1.0,6.0,0.0134017844630612,0.0003798963661238,0.0001899481830619,4,1.2308874068745377,1.9858254876243057e-12,635.7291139912522,347959330320612.3,347959330.3206123
0,40.0,1.0,0.0,0.0513840841553674,0.003178584121849,0.0015892920609245,4,1.110048474606551,1.79087261845458e-12,517.0342733607321,1334118718378166.2,1334118718.3781662
0,40.0,1.0,2.0,0.0322886565947697,0.0006385406853303,0.0003192703426651,4,1.140999555189128,1.840806872674032e-12,546.268796986715,838331593575113.0,838331593.5751129
0,40.0,1.0,4.0,0.0206044226336304,0.0001832204103031,9.16102051515741e-05,4,1.196583014968203,1.930481241347525e-12,600.7878093981618,534966154768561.5,534966154.7685615
0,40.0,1.0,6.0,0.0144760164581819,0.0003803923940976,0.0001901961970488,4,1.2233367487465974,1.9736437971828743e-12,627.9535038517279,375850321006325.4,375850321.00632536
0,45.0,1.0,0.0,0.0531765637638187,0.000882193051048,0.000441096525524,4,1.158647225930326,1.8692783593098885e-12,563.2975940997455,1380658043487383.8,1380658043.4873836
0,45.0,1.0,2.0,0.0344335025538038,0.0007878977348436,0.0003939488674218,4,1.138165764184643,1.8362350374502107e-12,543.558735844214,894019637626517.4,894019637.6265173
0,45.0,1.0,4.0,0.021672998583964,0.0002935012876787,0.0001467506438393,4,1.2163063111352992,1.962301393223183e-12,620.7566266468347,562710293849415.06,562710293.8494151
0,45.0,1.0,6.0,0.015213023170458,0.000360291991765,0.0001801459958825,4,1.2120680763358054,1.9554637290791147e-12,616.4380950577289,394985710233948.5,394985710.23394847
0,50.0,1.0,0.0,0.051950228547416,0.0002706098436293,0.0001353049218146,4,1.1447655782216488,1.8468827042108496e-12,549.8808159320598,1348817896988669.2,1348817896.9886692
0,50.0,1.0,2.0,0.0360993052364893,0.0008346060234351,0.0004173030117175,4,1.1339155686175684,1.8293780766613144e-12,539.506747088087,937269966529443.6,937269966.5294436
0,50.0,1.0,4.0,0.022430411050087,0.0003281185093396,0.0001640592546698,4,1.2097070577381237,1.9516546309586484e-12,614.0388828214813,582375491063640.6,582375491.0636406
0,50.0,1.0,6.0,0.0161514445392531,0.0005522623117323,0.0002761311558661,4,1.2523162371031447,2.0203972258680127e-12,658.0569300148408,419350560448075.1,419350560.4480751
0,55.0,1.0,0.0,0.0503705591694951,0.0002821458748034,0.0001410729374017,4,1.1690785477937087,1.886107506078492e-12,573.4860086007138,1307803903636937.2,1307803903.6369371
0,55.0,1.0,2.0,0.0311556495671997,0.0007964752603454,0.0003982376301727,4,1.143532615676494,1.844893530843911e-12,548.6969624779136,808914588127186.9,808914588.1271869
0,55.0,1.0,4.0,0.0238252076002064,0.0001946373992463,9.731869962319276e-05,4,1.2214477482426014,1.9705962192110637e-12,626.0157076482052,618589509790083.2,618589509.7900832
0,55.0,1.0,6.0,0.0168768108272563,8.931482643185488e-05,4.465741321592712e-05,4,1.2241178490053424,1.9749039683354453e-12,628.755656219349,438183721696595.1,438183721.69659513
0,60.0,1.0,0.0,0.0491037534948731,0.0008103394198506,0.0004051697099253,4,1.16532471526367,1.8800513418243207e-12,569.809071344139,1274912996056475.0,1274912996.056475
0,60.0,1.0,2.0,0.0311071450405194,0.0001571529563715,7.857647818576849e-05,4,1.1434397161079957,1.844743653340995e-12,548.6078147967329,807655233250400.5,807655233.2504004
0,60.0,1.0,4.0,0.0253609346139821,0.0002559306462748,0.0001279653231374,4,1.2213334632904762,1.9704118400635362e-12,625.898566610842,658462598686679.9,658462598.6866798
0,60.0,1.0,6.0,0.0175346238251827,0.0001173214714458,5.8660735722909554e-05,4,1.2254782754411284,1.9770987828043673e-12,630.1539711431836,455262952515860.3,455262952.5158603
0,65.0,1.0,0.0,0.0482417520451465,0.0002415567676931,0.0001207783838465,4,1.1747173857169764,1.8952048028792135e-12,579.0315614984257,1252532286382402.8,1252532286.3824027
0,65.0,1.0,2.0,0.0331080266398221,0.0009165780442286,0.0004582890221143,4,1.179002948074759,1.9021188219124386e-12,583.2640727565858,859605436095639.5,859605436.0956395
0,65.0,1.0,4.0,0.0259126302891614,0.0003602474880058,0.0001801237440029,4,1.241420974385131,2.0028195901891063e-12,646.6564316475216,672786635773329.0,672786635.773329
0,65.0,1.0,6.0,0.01831200322734,0.0001413174383064,7.065871915320087e-05,4,1.2224056273585302,1.9721415926967705e-12,626.9979559679646,475446564401669.3,475446564.40166926
0,70.0,1.0,0.0,0.046468618038026,0.0003417993358734,0.0001708996679367,4,1.1728432927569366,1.8921812756699505e-12,577.1855117531094,1206495243823861.0,1206495243.823861
0,70.0,1.0,2.0,0.0368051287741859,0.0006331107207237,0.0003165553603618,4,1.1843640869557814,1.9107680989894224e-12,588.5805465247237,955595726518971.0,955595726.518971
0,70.0,1.0,4.0,0.0243803906634058,0.0003357998257225,0.0001678999128612,4,1.199396901678869,1.9350209644108366e-12,603.616759099803,633004092221898.0,633004092.221898
0,70.0,1.0,6.0,0.0189549600868387,0.0002718097622101,0.000135904881105,4,1.2108398375764011,1.9534821767294112e-12,615.1894035713187,492140075543625.8,492140075.5436258
0,75.0,1.0,0.0,0.0455549595353728,0.0005025506848407,0.0002512753424203,4,1.185435869422283,1.9124972359740737e-12,589.6462926913016,1182773328163957.5,1182773328.1639574
0,75.0,1.0,2.0,0.0376098955000996,0.000747039949361,0.0003735199746805,4,1.1990707232538371,1.9344947315268832e-12,603.2884941332139,976490413475403.2,976490413.4754032
0,75.0,1.0,4.0,0.0232162206819498,0.0003665277346835,0.0001832638673417,4,1.1858298163430598,1.9131328016900604e-12,590.0382631805102,602777982539019.1,602777982.5390191
0,75.0,1.0,6.0,0.0198279809607827,0.0002969305214759,0.0001484652607379,4,1.2240871495883188,1.9748544400971677e-12,628.7241197295073,514806889764579.3,514806889.7645793
0,80.0,1.0,0.0,0.0440817816111315,0.0009770744861086,0.0004885372430543,4,1.1790618497273841,1.9022138496155355e-12,583.3223526379589,1144524242351916.0,1144524242.3519158
0,80.0,1.0,2.0,0.0383834973623684,0.0006938267952667,0.0003469133976333,4,1.2215045063736807,1.970687788710189e-12,626.0738882902841,996575946612558.9,996575946.6125588
0,80.0,1.0,4.0,0.0234234436507002,0.0006948199657911,0.0003474099828955,4,1.2116978702266246,1.9548664650863402e-12,616.0615909622483,608158248550025.2,608158248.5500252
0,80.0,1.0,6.0,0.0202459544031682,0.0003679490883282,0.0001839745441641,4,1.2563766137281003,2.0269479463857123e-12,662.3310750505101,525659008712255.6,525659008.7122556
0,60.0,1.1,4.0,0.0013315836260315,,,1,1.2845712398696845,2.0724351346478498e-12,692.3916675676176,34572780069466.902,34572780.069466904
0,60.0,1.1,8.0,0.0012937044789167,,,1,1.0777944392870282,1.7388362704843941e-12,487.42446218872556,33589298899514.465,33589298.89951447
0,60.0,1.1,10.0,0.0018503617334247,,,1,1.2974469324736257,2.093207853907889e-12,706.3413826770104,48042156728304.766,48042156.728304766
0,65.0,1.1,4.0,0.0014315938867881,,,1,1.2903981934549282,2.08183592376971e-12,698.6874408575483,37169412141410.22,37169412.14141022
0,65.0,1.1,8.0,0.0016147735979915,,,1,1.1267974981114384,1.8178942920723795e-12,532.7545801052352,41925427268674.78,41925427.268674776
0,65.0,1.1,10.0,0.0018320322071146,,,1,1.2739996253712964,2.05537964980091e-12,681.0422333474155,47566255200598.836,47566255.200598836
0,70.0,1.1,4.0,0.0011305740862082,,,1,1.276329038252279,2.059137757524184e-12,683.5349795807963,29353837393754.465,29353837.393754464
0,70.0,1.1,8.0,0.0017176522874301,,,1,1.0833786453406582,1.7478454281437466e-12,492.4883774453655,44596534238047.77,44596534.23804777
0,75.0,1.1,4.0,0.0013414363091545,,,1,1.2755736882545712,2.0579191299964767e-12,682.7261671970404,34828591751171.65,34828591.75117165
0,80.0,1.1,0.0,0.0009683219827543,,,1,1.2933769617732573,2.0866416549968137e-12,701.9168783874046,25141179488641.883,25141179.48864188
0,80.0,1.1,4.0,0.0012401191213326,,,1,1.2826122987009232,2.069274719422252e-12,690.2815154858572,32198027073635.914,32198027.073635913
0,30.0,1.2,0.0,0.0543753580932924,0.0003390377687598,0.0001695188843799,4,1.1273473085632861,1.8187813168339813e-12,533.2746123191062,1411783127853987.2,1411783127.8539872
0,30.0,1.2,2.0,0.0247193457792057,0.0019343442698128,0.0009671721349064,4,1.1030548923468966,1.7795896742767013e-12,510.5399063129883,641804606468904.2,641804606.4689043
0,30.0,1.2,4.0,0.015239744418171,0.0002452145114564,0.0001226072557282,4,1.2184369936856299,1.9657388836799477e-12,622.9333707338361,395679491534877.06,395679491.53487706
0,30.0,1.2,6.0,0.0111810866865412,0.0001866571759312,9.332858796561142e-05,4,1.2152833779805658,1.960651066215643e-12,619.7129331147967,290301895723587.7,290301895.7235877
0,30.0,1.2,8.0,0.0089853741478652,0.0001682269161916,8.411345809583524e-05,4,1.2431019573549391,2.0055315675861162e-12,648.4088660371141,233293169263308.72,233293169.2633087
0,30.0,1.2,10.0,0.0079193786978518,0.0002135618984115,0.0001067809492057,4,1.273645809272574,2.0548088282758456e-12,680.6640067907313,205616029406758.8,205616029.40675882
0,35.0,1.2,0.0,0.0573451006374018,0.0006395038706779,0.0003197519353389,4,1.1450557815433204,1.847350897442456e-12,550.1596458848885,1488888503613545.2,1488888503.6135452
0,35.0,1.2,2.0,0.026263511685082,0.0020622599738754,0.0010311299869377,4,1.117363839420587,1.802674703533888e-12,523.871375208585,681896799862522.6,681896799.8625226
0,35.0,1.2,4.0,0.0164111296080382,0.0001690923404762,8.454617023814454e-05,4,1.2178313274855284,1.9647617452589703e-12,622.3142235525096,426092934411615.6,426092934.4116156
0,35.0,1.2,6.0,0.0121346235644798,0.0002801141258361,0.000140057062918,4,1.2424550054684897,2.0044878217989686e-12,647.7341342849155,315059199827233.56,315059199.82723355
0,35.0,1.2,8.0,0.00936867475625,0.0001205921669034,6.029608345174261e-05,4,1.259763805679573,2.0324125990185556e-12,665.9071789401933,243245054653845.28,243245054.65384528
0,35.0,1.2,10.0,0.0079549589976117,0.0002124126584694,0.0001062063292347,4,1.2563408346837979,2.026890223040992e-12,662.2933519105077,206539824093293.66,206539824.09329364
0,40.0,1.2,0.0,0.0563929571968373,0.0014494575939639,0.0007247287969819,4,1.1525569411396632,1.8594527305020525e-12,557.3913504731543,1464167378239446.2,1464167378.2394462
0,40.0,1.2,2.0,0.029784064428563,0.000281037805614,0.000140518902807,4,1.159138079042253,1.8700702665265033e-12,563.7749696783196,773303222518885.0,773303222.518885
0,40.0,1.2,4.0,0.0181354176451388,0.00026260045935,0.000131300229675,4,1.2207038155301257,1.969396011512731e-12,625.2533799255647,470861756975735.7,470861756.97573566
0,40.0,1.2,6.0,0.0129724864920786,0.0002435871205138,0.0001217935602569,4,1.2524227166079263,2.020569012266447e-12,658.1688387369666,336813185200697.25,336813185.20069724
0,40.0,1.2,8.0,0.0097620426923627,0.0002378021569048,0.0001189010784524,4,1.2621429817418313,2.0362509910904793e-12,668.4248040192506,253458324684910.3,253458324.6849103
0,40.0,1.2,10.0,0.0083444074709812,0.0002397690972793,0.0001198845486396,4,1.2644180973203425,2.0399214994390622e-12,670.8367562923543,216651330539434.72,216651330.5394347
0,45.0,1.2,0.0,0.0541090015027292,0.0008556275435301,0.000427813771765,4,1.1745247515842798,1.894894020781388e-12,578.841673958573,1404867536789655.0,1404867536.789655
0,45.0,1.2,2.0,0.0327997816071439,0.0002254998846715,0.0001127499423357,4,1.1973848687871624,1.9317748948061155e-12,601.593278649167,851602267902553.9,851602267.9025538
0,45.0,1.2,4.0,0.0192349384090876,0.000228075082479,0.0001140375412395,4,1.2161355084320247,1.9620258323882737e-12,620.5822964400506,499409336572448.8,499409336.5724488
0,45.0,1.2,6.0,0.0135386502842334,0.0002303897768748,0.0001151948884374,4,1.2511156159490446,2.018460229782525e-12,656.7957496262637,351512867508896.7,351512867.50889665
0,45.0,1.2,8.0,0.0101307289447264,8.02145222148783e-05,4.010726110743919e-05,4,1.2602165757540023,2.0331430657930255e-12,666.3859306283825,263030767953527.56,263030767.95352754
0,45.0,1.2,10.0,0.0085112356613563,0.000217510860688,0.000108755430344,4,1.2841556255963498,2.071764612378795e-12,691.943702833263,220982800394178.22,220982800.3941782
0,50.0,1.2,0.0,0.0513881440805879,0.0007855924646811,0.0003927962323405,4,1.1536378687446558,1.8611966215974384e-12,558.4373417013676,1334224128882623.2,1334224128.8826232
0,50.0,1.2,2.0,0.0299190593052354,0.000423431578306,0.000211715789153,4,1.1908906283819816,1.9212975529734337e-12,595.085268398119,776808183146562.0,776808183.146562
0,50.0,1.2,4.0,0.0200471207122387,0.0004398361394776,0.0002199180697388,4,1.2201945022672844,1.9685743220122237e-12,624.7317408486683,520496559030148.0,520496559.03014797
0,50.0,1.2,6.0,0.0142193654309406,0.0001627187196497,8.135935982487753e-05,4,1.2429341690694666,2.005260869996755e-12,648.2338392520344,369186721855695.44,369186721.8556954
0,50.0,1.2,8.0,0.0107012024363213,0.0002018037298046,0.0001009018649023,4,1.2423083109576278,2.0042511553931404e-12,647.5811896193745,277842345818262.28,277842345.8182623
0,50.0,1.2,10.0,0.0087355379054144,0.000119396631464,5.9698315732023e-05,4,1.267668797813664,2.0451659465397617e-12,674.290507157367,226806506845135.34,226806506.84513533
0,55.0,1.2,0.0,0.0492976579990574,0.000499130450774,0.000249565225387,4,1.1507010915592482,1.856458635853426e-12,555.5977702295834,1279947466026357.5,1279947466.0263574
0,55.0,1.2,2.0,0.0300547757217062,0.0003126159299818,0.0001563079649909,4,1.1990375424023372,1.9344411999201398e-12,603.2551060292728,780331877585825.2,780331877.5858252
0,55.0,1.2,4.0,0.0213226559977957,0.0003177308174284,0.0001588654087142,4,1.2252531614652142,1.976735600056299e-12,629.9224804026655,553614119231630.75,553614119.2316307
0,55.0,1.2,6.0,0.0149325432720743,0.0003407955327351,0.0001703977663675,4,1.2599880940203823,2.032774449746143e-12,666.144316268992,387703426454576.9,387703426.45457685
0,55.0,1.2,8.0,0.0114685378551079,0.0002355330052571,0.0001177665026285,4,1.2635898846663096,2.038585320525893e-12,669.9582280114396,297765179168417.8,297765179.1684178
0,55.0,1.2,10.0,0.0091963963081568,0.0001148110315439,5.740551577198087e-05,4,1.2744355849165143,2.0560829956728655e-12,681.5084150586351,238772076179045.06,238772076.17904505
0,60.0,1.2,0.0,0.0472534561819685,0.0006354823461886,0.0003177411730943,4,1.1673814721660745,1.8833695659411897e-12,571.8222320675609,1226872511920435.5,1226872511.9204354
0,60.0,1.2,2.0,0.0312004980642933,0.0005430229814889,0.0002715114907444,4,1.1924395217650068,1.923796426501951e-12,596.634231867299,810079019107075.1,810079019.1070751
0,60.0,1.2,4.0,0.0221900182106434,0.0001481063055603,7.405315278018731e-05,4,1.217978704390228,1.9649995125900887e-12,622.4648524473604,576134013918770.9,576134013.9187708
0,60.0,1.2,6.0,0.0153029358621834,0.0003342471619778,0.0001671235809889,4,1.2493158305541896,2.0155565850710782e-12,654.9074490774944,397320172490547.7,397320172.49054766
0,60.0,1.2,8.0,0.011755709711812,5.4564048521509776e-05,2.728202426075488e-05,4,1.2587117231162428,2.0307152444451984e-12,664.7953883290256,305221210655948.6,305221210.65594864
0,60.0,1.2,10.0,0.0096483872066061,0.0002787373489162,0.0001393686744581,4,1.2844199808827392,2.0721911042435816e-12,692.2286181501626,250507412676130.2,250507412.67613018
0,65.0,1.2,0.0,0.0433270820420123,0.0017484990937284,0.0008742495468642,4,1.130078290436942,1.8231872871775374e-12,535.8614412367375,1124929481864028.8,1124929481.8640287
0,65.0,1.2,2.0,0.0356999507770628,0.0004489683877438,0.0002244841938719,4,1.2090599783830254,1.9506106795227226e-12,613.3821525590756,926901264462521.0,926901264.462521
0,65.0,1.2,4.0,0.0226098698919834,0.0003351949800072,0.0001675974900036,4,1.2262220672975737,1.9782987632556794e-12,630.9191346534159,587034898817771.9,587034898.8177718
0,65.0,1.2,6.0,0.0158768573254972,0.0003736523882495,0.0001868261941247,4,1.2470477299577298,2.011897394191563e-12,652.5316725275064,412221272309137.1,412221272.3091371
0,65.0,1.2,8.0,0.0122590628823365,0.0003258659314135,0.0001629329657067,4,1.2742266785940668,2.055745961190812e-12,681.2850067521133,318290099550051.6,318290099.5500516
0,65.0,1.2,10.0,0.0099218216121676,0.0002195316850165,0.0001097658425082,4,1.2890686196448287,2.0796908847149375e-12,697.2483843740354,257606769698923.4,257606769.6989234
0,70.0,1.2,0.0,0.0428769518946377,0.0016801239606856,0.0008400619803428,4,1.1427266986145095,1.843593322040359e-12,547.9238346917323,1113242457268961.9,1113242457.268962
0,70.0,1.2,2.0,0.0359748398193768,0.0008789478056704,0.0004394739028352,4,1.2348097007846452,1.9921534353904e-12,639.7871444585381,934038389174509.1,934038389.174509
0,70.0,1.2,4.0,0.0219422029894763,0.0003394090654665,0.0001697045327332,4,1.2296859533253164,1.9838871486122118e-12,634.4886654679555,569699824603293.6,569699824.6032937
0,70.0,1.2,6.0,0.0169178923728017,0.0001393463324289,6.967316621446309e-05,4,1.2462967741449902,2.0106858559268204e-12,651.7460170980291,439250348839861.94,439250348.8398619
0,70.0,1.2,8.0,0.0126687866902057,0.0002038441338072,0.0001019220669036,4,1.2733795900771607,2.054379329313882e-12,680.379489878776,328928027819643.56,328928027.81964356
0,70.0,1.2,10.0,0.0101807910422488,0.0002231129223575,0.0001115564611787,4,1.2982306344220909,2.094472222440113e-12,707.1949486901871,264330563064869.1,264330563.06486908
0,75.0,1.2,0.0,0.0438877818443859,0.0010866431195411,0.0005433215597705,4,1.1912729457240414,1.9219143563609595e-12,595.4674158971956,1139487299017600.0,1139487299.0176
0,75.0,1.2,2.0,0.0362797377466272,0.0003781245363625,0.0001890622681812,4,1.225145110580742,1.9765612785065403e-12,629.8113838845823,941954654271490.1,941954654.2714901
0,75.0,1.2,4.0,0.0219357477999203,0.0003256534354769,0.0001628267177384,4,1.235297700547409,1.99294073921806e-12,640.2929352192823,569532224278039.1,569532224.2780391
0,75.0,1.2,6.0,0.0175740879317381,0.0002304917849908,0.0001152458924954,4,1.2344622089848727,1.991592817035809e-12,639.4271059778695,456287585028535.5,456287585.0285355
0,75.0,1.2,8.0,0.0128859502185708,0.000326863432529,0.0001634317162645,4,1.2633168286937475,2.0381447915978745e-12,669.6687095024358,334566387107412.8,334566387.1074128
0,75.0,1.2,10.0,0.010357247311719,0.0001550510991037,7.752554955188912e-05,4,1.290636248152125,2.0822199841496455e-12,698.945254561935,268912013059454.3,268912013.0594543
0,80.0,1.2,0.0,0.0391988961376599,0.0031226855152429,0.0015613427576214,4,1.116257566381168,1.8008899219318667e-12,522.8345457320404,1017746680448541.5,1017746680.4485414
0,80.0,1.2,2.0,0.0364114925672661,0.0006494452961981,0.000324722648099,4,1.2230943680651154,1.9732527575700664e-12,627.7046946497993,945375491196780.6,945375491.1967806
0,80.0,1.2,4.0,0.023046493244636,0.0001727555586854,8.637777934274346e-05,4,1.2551971089784395,2.0250450179931e-12,661.0880466007437,598371237632210.4,598371237.6322104
0,80.0,1.2,6.0,0.017748760074216,0.0004370730168611,0.0002185365084305,4,1.2532663486306392,2.021930067683476e-12,659.055822517028,460822712562469.5,460822712.5624695
0,80.0,1.2,8.0,0.0135616657670408,0.000324060653597,0.0001620303267985,4,1.2889928089329756,2.079568577148062e-12,697.1663757963315,352110433602183.9,352110433.6021839
0,80.0,1.2,10.0,0.0105729967351517,0.0002276926529207,0.0001138463264603,4,1.2850601226918037,2.0732238631401588e-12,692.9187894506173,274513657012288.97,274513657.0122889
0,30.0,1.3,0.0,0.0579269058435489,0.0008379071546928,0.0004189535773464,4,1.183471192607333,1.9093275672681608e-12,587.6934170575481,1503994294224189.8,1503994294.2241898
0,30.0,1.3,0.2,0.1734886236520303,,,1,3.94821908856704,6.369773590185411e-12,6540.906359201294,4504399057498074.0,4504399057.498074
0,30.0,1.3,0.4,0.1624481982479804,0.0244023931263623,0.0172550976568308,2,1.0476599551107708,1.690219454356936e-12,460.5493060138934,4217749243017296.0,4217749243.017296
0,30.0,1.3,0.6,0.1583608777985416,,,1,1.2943403840951202,2.088195971493527e-12,702.9629682304999,4111627458242105.5,4111627458.2421055
0,30.0,1.3,0.8,0.1640056474842861,,,1,1.2043574984537213,1.9430240355725943e-12,608.6200927243385,4258186320241375.5,4258186320.2413754
0,30.0,1.3,1.0,0.1797882369349457,,,1,0.9967841184311101,1.6081400272554613e-12,416.90553753566167,4667960053814932.0,4667960053.814932
0,30.0,1.3,2.0,0.0246142706384584,0.0007042679783662,0.0003521339891831,4,1.1605803415731817,1.87239710948368e-12,565.178801349627,639076471591899.9,639076471.5918999
0,30.0,1.3,4.0,0.0125371076123017,9.043288988317665e-05,4.521644494158849e-05,4,1.1961518822242787,1.929785682690695e-12,600.3549557962035,325509157452715.94,325509157.45271593
0,30.0,1.3,6.0,0.0082859773809034,0.0002089764257734,0.0001044882128867,4,1.2282976485760981,1.9816473572712736e-12,633.0568098278624,215134271742519.84,215134271.74251983
0,35.0,1.3,0.0,0.0535745042646028,0.0004107892754678,0.0002053946377339,4,1.1441127677797958,1.845829506650472e-12,549.2538481173824,1390990034017595.2,1390990034.0175953
0,35.0,1.3,0.2,0.1790401338863443,0.0397697727026117,0.0229610889754631,3,0.966890480633985,1.5599117754074095e-12,392.27444167116164,4648536563120866.0,4648536563.120866
0,35.0,1.3,1.0,0.1514970255375874,,,1,1.2628060580430165,2.0373207508522405e-12,669.1273124936163,3933416754829874.5,3933416754.8298745
0,35.0,1.3,2.0,0.0254979926901829,0.0001916781533932,9.583907669663072e-05,4,1.1707695539634297,1.8888356541875778e-12,575.146238767884,662021127518516.4,662021127.5185163
0,35.0,1.3,4.0,0.0139051446437455,0.0002388856640506,0.0001194428320253,4,1.2084197405732091,1.949577765745416e-12,612.7327117103532,361028401224097.4,361028401.2240974
0,35.0,1.3,6.0,0.0090847552375777,0.0001700246073725,8.501230368626196e-05,4,1.2437219130702366,2.006531759686352e-12,649.0557719779081,235873465754287.78,235873465.75428778
0,40.0,1.3,0.0,0.0584610234369587,0.0010579753372236,0.0005289876686118,4,1.144911619021067,1.8471183159655056e-12,550.0211244071486,1517861940031178.0,1517861940.031178
0,40.0,1.3,0.2,0.1025036265934055,0.1329596651201554,0.0940166808307543,2,1.082944398508393,1.7471448454400679e-12,492.09365181905815,2661368966437511.5,2661368966.4375114
0,40.0,1.3,2.0,0.0274378448516043,0.000314847027677,0.0001574235138385,4,1.1745328315077255,1.8949070563505446e-12,578.8496380521242,712386782992951.9,712386782.9929519
0,40.0,1.3,4.0,0.0149313935114365,0.0002176760939127,0.0001088380469563,4,1.1998482420728647,1.935749124641403e-12,604.0711339364861,387673574464145.2,387673574.4641452
0,40.0,1.3,6.0,0.0097882050964562,0.0002225355984963,0.0001112677992481,4,1.2547548277652134,2.0243314731952443e-12,660.6222467538464,254137596361980.12,254137596.3619801
0,45.0,1.3,0.0,0.0489131053778249,0.0018256914216026,0.0009128457108013,4,1.1326255108156364,1.8272967899008217e-12,538.2798497948436,1269963073804119.5,1269963073.8041193
0,30.0,1.4,0.0,0.0554223129205429,0.0007367190415085,0.0003294707714263,5,1.1502344940541958,1.855705860893815e-12,555.1472831732787,1438965903518684.5,1438965903.5186844
0,30.0,1.4,2.0,0.0233215563004068,0.0003870639546069,0.0001731002628282,5,1.1836525913872755,1.9096202230534274e-12,587.8735904993434,605512880369843.8,605512880.3698437
0,30.0,1.4,4.0,0.0122119321925653,0.0006014079726436,0.0002689578218083,5,1.1874954652226317,1.915820040165337e-12,591.6969949645187,317066414503068.75,317066414.50306875
0,30.0,1.4,6.0,0.0084488671911899,0.0004521475027886,0.0002022065104184,5,1.1946356761305845,1.927339544491106e-12,598.8339366921404,219363486848878.53,219363486.84887853
0,30.0,1.4,8.0,0.0073766054755667,0.0001097333202294,5.486666011470153e-05,4,1.265715237649967,2.0420142126419165e-12,672.2138573594957,191523651823546.7,191523651.82354668
0,30.0,1.4,10.0,0.0067302312499439,0.000233929484175,0.0001169647420875,4,1.2792538061231997,2.063856368301271e-12,686.6712738993281,174741413360890.5,174741413.36089048
0,35.0,1.4,0.0,0.0529432911656632,0.000616504185074,0.0002757090532477,5,1.1549378456047545,1.8632939110551805e-12,559.6966010638782,1374601433842596.5,1374601433.8425965
0,35.0,1.4,2.0,0.0239856327281373,0.0002153758022891,9.631898692542896e-05,5,1.195359775628471,1.9285077547030623e-12,599.5600940876842,622754732730005.4,622754732.7300054
0,35.0,1.4,4.0,0.0132425235075794,0.0005422754387762,0.0002425129487264,5,1.1742276285700317,1.8944146638139203e-12,578.5488484073826,343824333554442.1,343824333.5544421
0,35.0,1.4,6.0,0.0094021517178229,0.0003135322766356,0.0001402158967395,5,1.2247382375023688,1.9759048586546923e-12,629.3931301720489,244114238989870.2,244114238.9898702
0,35.0,1.4,8.0,0.0075719754805909,0.0001537976204662,7.689881023314122e-05,4,1.2413716999887805,2.002740094411009e-12,646.6050985806424,196596171554059.3,196596171.5540593
0,35.0,1.4,10.0,0.0066393034039768,0.0002434944818549,0.0001217472409274,4,1.2656460396634972,2.041902573572042e-12,672.1403580881156,172380593988111.16,172380593.98811114
0,40.0,1.4,0.0,0.0576588635480208,0.0010097886017017,0.0004515911912619,5,1.1629212663401745,1.8761737896584404e-12,567.4610653391584,1497034936094932.5,1497034936.0949323
0,40.0,1.4,2.0,0.0256527096489643,0.0004420215918699,0.0001976780653887,5,1.1908060636074496,1.921161122229498e-12,595.000757757711,666038145514530.4,666038145.5145303
0,40.0,1.4,4.0,0.0142778497276512,0.0007837098768238,0.0003504857118432,5,1.1755281434723786,1.896512821310448e-12,579.8311007528462,370705188055012.6,370705188.0550126
0,40.0,1.4,6.0,0.0100011990232122,0.0005734810337039,0.0002564685150337,5,1.212302730254325,1.9558423028865683e-12,616.6768004890331,259667697545195.75,259667697.54519573
0,40.0,1.4,8.0,0.0083228605376094,0.0001241605572423,6.208027862115859e-05,4,1.2645263887796676,2.0400962091150396e-12,670.9516692350763,216091893359469.66,216091893.35946965
0,40.0,1.4,10.0,0.0070420065340116,0.0002421519860361,0.000121075993018,4,1.2882663360242514,2.0783965378452337e-12,696.3807550262081,182836239788947.78,182836239.78894776
0,45.0,1.4,0.0,0.050598239148744,0.0011992384116696,0.0005363157219444,5,1.1738377958773534,1.893785735698557e-12,578.1647664597353,1313715308444649.2,1313715308.4446492
0,45.0,1.4,2.0,0.0257800758257145,0.0004645580505799,0.0002077566761182,5,1.1926891967366862,1.9241992341995633e-12,596.8841065610789,669345037196727.5,669345037.1967275
0,45.0,1.4,4.0,0.0141890148318638,0.0008406689235011,0.000375958571904,5,1.1445505521854888,1.8465357966214756e-12,549.6742625733127,368398709322088.4,368398709.32208836
0,45.0,1.4,6.0,0.0105836596580036,0.0004073730033452,0.0001821827455356,5,1.226583800635028,1.9788823578860482e-12,631.2914296124429,274790505480120.6,274790505.4801206
0,45.0,1.4,8.0,0.0085706646934689,0.0002279937814575,0.0001139968907287,4,1.265917618872733,2.042340719995994e-12,672.4288414802261,222525795379099.72,222525795.3790997
0,45.0,1.4,10.0,0.0071315857129617,0.0003156697114088,0.0001578348557044,4,1.2940332933814271,2.0877005333544583e-12,702.6294426856296,185162042834360.1,185162042.8343601
0,50.0,1.4,0.0,0.0490751679773567,0.0004631716903239,0.0002071366769635,5,1.1768031346200423,1.8985698006112234e-12,581.0895656227531,1274170811494464.5,1274170811.4944644
0,50.0,1.4,2.0,0.0261471711639128,0.0007909926043882,0.0003537426466223,5,1.2152378520291596,1.9605776179098553e-12,619.6665036269203,678876174516191.8,678876174.5161917
0,50.0,1.4,4.0,0.0150239789137989,0.0004978913342127,0.0002226637737415,5,1.1551924852440858,1.8637047283916155e-12,559.9434310601687,390077430062053.1,390077430.0620531
0,50.0,1.4,6.0,0.0109513109367893,0.0002312609122248,0.0001034230240546,5,1.2279140637599044,1.9810285090318575e-12,632.6614772087669,284336077050114.94,284336077.0501149
0,50.0,1.4,8.0,0.0088337257790873,0.0001549263199501,7.746315997509041e-05,4,1.259836979919314,2.032530653090361e-12,665.9845405321283,229355823084550.84,229355823.08455083
0,50.0,1.4,10.0,0.0073834315847761,9.970997252599127e-05,4.985498626299564e-05,4,1.2867629657512751,2.0759711080384623e-12,694.7563901962934,191700882579327.38,191700882.57932737
0,55.0,1.4,0.0,0.0472386660196297,0.0007005587619182,0.0003132994027764,5,1.1822857012183534,1.907414980460914e-12,586.516613528662,1226488505223646.0,1226488505.223646
0,55.0,1.4,2.0,0.0268609038015824,0.0004665471213285,0.0002086462155994,5,1.207668457157888,1.9483656989501576e-12,611.9710677024453,697407283661842.9,697407283.6618428
0,55.0,1.4,4.0,0.0161267158806876,0.000824696640782,0.0003688155499208,5,1.1685461391665366,1.8852485561731114e-12,572.9637864208817,418708514047620.3,418708514.0476203
0,55.0,1.4,6.0,0.0110465068944164,0.0004383373155326,0.0001960304069211,5,1.2045515396900366,1.943337087790509e-12,608.8162253661477,286807712208586.1,286807712.2085861
0,55.0,1.4,8.0,0.0091789962399315,0.0002835964245754,0.0001417982122877,4,1.2693266252085869,2.047840566392506e-12,676.0553028682627,238320306781925.12,238320306.7819251
0,55.0,1.4,10.0,0.0077511413988128,0.0003006477294663,0.0001503238647331,4,1.2887045669978057,2.0791035482768054e-12,696.8546128204646,201247973938480.7,201247973.93848068
0,60.0,1.4,0.0,0.045172415547774,0.001039304525812,0.0004647911138077,5,1.2040723926921808,1.9425640663790082e-12,608.3319713707501,1172841087415724.2,1172841087.4157243
0,60.0,1.4,2.0,0.0295271877758509,0.0007134762341442,0.0003190762719754,5,1.20016330650883,1.9362574270122693e-12,604.3884179268553,766633765305999.4,766633765.3059994
0,60.0,1.4,4.0,0.0165414412107829,0.00086492916151,0.0003868080801716,5,1.1769450998880153,1.8987988371956614e-12,581.2297751606001,429476300123027.25,429476300.1230272
0,60.0,1.4,6.0,0.0118098888088842,0.0001664662921861,7.444598905809429e-05,5,1.2307920216895927,1.985671600006033e-12,635.6305886684333,306627898130036.8,306627898.1300368
0,60.0,1.4,8.0,0.0093648703766043,0.0001588081216534,7.940406082670579e-05,4,1.2607489897764257,2.034002024402718e-12,666.9491166185333,243146279046951.12,243146279.04695112
0,60.0,1.4,10.0,0.0079814341405462,0.0001569818824475,7.849094122375166e-05,4,1.2820416383015294,2.0683540568502208e-12,689.6674114498795,207227215614252.9,207227215.6142529
0,65.0,1.4,0.0,0.0443238109175369,0.0007156919406886,0.0003200671660656,5,1.216092112336673,1.9619558202395334e-12,620.5380080070129,1150808208163103.8,1150808208.1631036
0,65.0,1.4,2.0,0.030711851855862,0.0008014285770479,0.000358409755478,5,1.1955065362909114,1.928744527833104e-12,599.7073254735607,797391976727151.5,797391976.7271515
0,65.0,1.4,4.0,0.0162897277392021,0.0004652924575242,0.0002080851128884,5,1.2107685579600946,1.9533671793072104e-12,615.1169758685144,422940897972265.8,422940897.9722658
0,65.0,1.4,6.0,0.0121821065641451,0.0006290149700083,0.0002813040463607,5,1.2143203739934378,1.9590974246301967e-12,618.7311874802391,316292032127341.9,316292032.12734187
0,65.0,1.4,8.0,0.00987849530967,0.0001572863102679,7.864315513396974e-05,4,1.2812708648384101,2.0671105462092816e-12,688.8383938438678,256481860456882.84,256481860.45688283
0,65.0,1.4,10.0,0.0079972423345131,0.0002520095894754,0.0001260047947377,4,1.2626535130754821,2.0370746457390947e-12,668.9656632230217,207637654134694.84,207637654.13469484
0,70.0,1.4,0.0,0.0431003893925409,0.0022611817701531,0.0010112312295091,5,1.2154664931143981,1.9609464910432132e-12,619.8997000336233,1119043711747662.1,1119043711.747662
0,70.0,1.4,2.0,0.0305863325530609,0.0007629025780681,0.000341180404954,5,1.2114820329577245,1.9545182487122295e-12,615.8421349216271,794133036646047.9,794133036.6460478
0,70.0,1.4,4.0,0.0166774626501253,0.0009364262159714,0.000418782534965,5,1.2020394565390577,1.9392842729510815e-12,606.2795099853467,433007914071399.7,433007914.0713997
0,70.0,1.4,6.0,0.0127583334551268,0.0002942011728059,0.0001471005864029,4,1.2285534206743205,1.982060001635686e-12,633.3204839089685,331252989278336.25,331252989.2783362
0,70.0,1.4,8.0,0.0099075881771264,0.0002554760619842,0.0001277380309921,4,1.2776606046277625,2.0612860112410797e-12,684.9619579687032,257237217678537.7,257237217.67853767
0,70.0,1.4,10.0,0.0082476156098889,0.0001751404033564,8.757020167822438e-05,4,1.271377050745364,2.0511485759380315e-12,678.2412188333302,214138259891343.62,214138259.89134362
0,75.0,1.4,0.0,0.0419897884005161,0.0013887265984361,0.000621057415253,5,1.2330467267143435,1.989309179430616e-12,637.9615628204793,1090208448913559.9,1090208448.91356
0,75.0,1.4,2.0,0.0304917436591611,0.00066291879902,0.0002964662996342,5,1.1911638557251527,1.9217383583785057e-12,595.35836185436,791677163081758.0,791677163.081758
0,75.0,1.4,4.0,0.0176893163651624,0.000667663722925,0.0002985882941142,5,1.2168066788203196,1.963108650569832e-12,621.2674690925471,459279336510491.1,459279336.51049113
0,75.0,1.4,6.0,0.0132027153067196,0.0002330537871681,0.0001042248221043,5,1.2607452628072446,2.0339960115778646e-12,666.945173414693,342790767095391.56,342790767.0953916
0,75.0,1.4,8.0,0.0102533368351289,0.0002975930034929,0.0001487965017464,4,1.2778897276374583,2.0616556618768033e-12,685.2076485955421,266214117122742.0,266214117.122742
0,75.0,1.4,10.0,0.0083703140875333,0.0002684785870554,0.0001342392935277,4,1.2673615896356356,2.044670318892157e-12,673.9637302289685,217323961036603.8,217323961.0366038
0,80.0,1.4,0.0,0.0398560029532091,0.0015242027475234,0.0006816441909908,5,1.2095760461175817,1.9514432662035993e-12,613.9058888500485,1034807576191031.6,1034807576.1910316
0,80.0,1.4,2.0,0.0306144406748727,0.0010963578095801,0.0004903061179767,5,1.180302547514037,1.9042155024664898e-12,584.5506300721261,794862826269897.0,794862826.269897
0,80.0,1.4,4.0,0.0183911698838631,0.0010152976079241,0.0004540548937422,5,1.2012320326880004,1.9379816332020757e-12,605.4652935726465,477502020289907.56,477502020.2899075
0,80.0,1.4,6.0,0.0127516802311958,0.0005416434353085,0.0002708217176542,4,1.2223631958845427,1.9720731367989756e-12,626.9544287047975,331080247256564.1,331080247.2565641
0,80.0,1.4,8.0,0.0105945337319029,0.0003333284800714,0.0001666642400357,4,1.2680055378452284,2.0457092187624274e-12,674.6487880662779,275072836201248.53,275072836.2012485
0,80.0,1.4,10.0,0.0083990869693446,0.0001411089548917,7.055447744589253e-05,4,1.257199262971119,2.028275149690448e-12,663.1987202057434,218071010260835.75,218071010.26083574
0,30.0,1.5,0.0,0.0602428390638959,0.0007833692641625,0.0003916846320812,4,1.1605251926844318,1.8723081362207465e-12,565.1250898724059,1564124389185822.2,1564124389.1858222
0,30.0,1.5,2.0,0.022486702556629,0.0001624174392093,8.120871960465902e-05,4,1.1691768594897303,1.886266115119905e-12,573.5824653407052,583837024411910.8,583837024.4119108
0,30.0,1.5,4.0,0.0109490441204343,0.0005315379616018,0.0002657689808009,4,1.1557449276057112,1.8645959992877446e-12,560.4791174356587,284277222208580.94,284277222.2085809
0,30.0,1.5,6.0,0.0075025327449418,0.0001683838695853,8.419193479269917e-05,4,1.2247150664939228,1.9758674762110266e-12,629.3693152291767,194793184208703.0,194793184.20870298
0,30.0,1.5,8.0,0.0064691549912956,6.664894001979134e-05,3.332447000989568e-05,4,1.276723353504747,2.0597739174801124e-12,683.9573940125722,167962919021404.34,167962919.02140433
0,30.0,1.5,10.0,0.0054976345206838,0.0001718329826818,8.591649134091271e-05,4,1.2375492879347485,1.9965732888699776e-12,642.6291969535332,142738695092225.34,142738695.09222534
0,35.0,1.5,0.0,0.0545780912832984,0.0005580818002893,0.0002790409001446,4,1.1630713848841683,1.8764159801538206e-12,567.6075790019787,1417046822791231.2,1417046822.7912312
0,35.0,1.5,2.0,0.022933566186125,0.0001618841201594,8.094206007972262e-05,4,1.175641844431031,1.8966962582847793e-12,579.9432725298193,595439238258330.8,595439238.2583307
0,35.0,1.5,4.0,0.0120079151809373,0.0002833929558383,0.0001416964779191,4,1.160691293880474,1.8725761119809852e-12,565.2868695070059,311769386862029.06,311769386.8620291
0,35.0,1.5,6.0,0.0083801629031275,0.0003342355458804,0.0001671177729402,4,1.2448678481398119,2.0083805291640606e-12,650.2523713331775,217579672303118.7,217579672.30311868
0,35.0,1.5,8.0,0.0068937125399557,0.0002399042781154,0.0001199521390577,4,1.2731846037919463,2.054064752421834e-12,680.1711395751263,178985985443753.4,178985985.4437534
0,35.0,1.5,10.0,0.0055863537930436,0.0001575461582351,7.877307911758493e-05,4,1.2487365734750235,2.0146220532322843e-12,654.3002818265395,145042171818174.47,145042171.81817445
0,40.0,1.5,0.0,0.0555762910482115,0.0014767950701803,0.0007383975350901,4,1.176143427549905,1.897505476525261e-12,580.438239275495,1442963738757362.0,1442963738.757362
0,40.0,1.5,2.0,0.0246903148303741,0.0005781708960918,0.0002890854480459,4,1.186224698112269,1.91376987562348e-12,590.4312945309179,641050856881164.1,641050856.8811641
0,40.0,1.5,4.0,0.0128256013556848,0.0009493494278737,0.0004746747139368,4,1.1554889553475853,1.8641830319996956e-12,560.2308771631198,332999509952112.94,332999509.9521129
0,40.0,1.5,6.0,0.0089794337038739,0.0002124359872737,0.0001062179936368,4,1.2421849351513217,2.0040521097132917e-12,647.4525711702909,233138933615159.25,233138933.61515924
0,40.0,1.5,8.0,0.0071210858353546,0.0003772682133377,0.0001886341066688,4,1.2682269640048365,2.0460664518520836e-12,674.8844304652674,184889427617283.22,184889427.61728323
0,40.0,1.5,10.0,0.0059783278112515,0.0002514477239622,0.0001257238619811,4,1.2715276148933343,2.0513914853389174e-12,678.4018711873036,155219250643358.5,155219250.6433585
0,45.0,1.5,0.0,0.0515456844006309,0.0004482700350893,0.0002241350175446,4,1.1944747377845406,1.9270798981028785e-12,598.6726007241489,1338314451661037.5,1338314451.6610374
0,45.0,1.5,2.0,0.0243071053212526,0.0004247849661338,0.0002123924830669,4,1.1852511858160735,1.9121992806856294e-12,589.4625804826328,631101336760621.1,631101336.7606211
0,45.0,1.5,4.0,0.0133175305481718,0.0005989412140914,0.0002994706070457,4,1.196139787747877,1.9297661703296425e-12,600.3428152942406,345771790602852.3,345771790.6028523
0,45.0,1.5,6.0,0.0096838110737574,0.0002428412608967,0.0001214206304483,4,1.2558485236749026,2.02609596375794e-12,661.7743997037877,251427145800126.22,251427145.8001262
0,45.0,1.5,8.0,0.0074884285294492,0.0001945446582575,9.727232912879444e-05,4,1.2639800850329734,2.0392148418201023e-12,670.372062140246,194426987200309.84,194426987.20030984
0,45.0,1.5,10.0,0.0061081577675566,0.0001212601443524,6.063007217622652e-05,4,1.2581862837138373,2.0298675381873624e-12,664.2404768638393,158590111051984.84,158590111.05198485
0,50.0,1.5,0.0,0.0485740625736584,0.0008399724048188,0.0004199862024094,4,1.190397878795085,1.9205025861200802e-12,594.5929186401326,1261160282846470.2,1261160282.84647
0,50.0,1.5,2.0,0.0249718763732262,0.0002608704438702,0.0001304352219351,4,1.2063733877395622,1.946276326807108e-12,610.6592506079714,648361224106132.6,648361224.1061326
0,50.0,1.5,4.0,0.0138926860451936,0.0005600103689332,0.0002800051844666,4,1.1817355642009137,1.9065274288418005e-12,585.9709088321428,360704930448933.0,360704930.448933
0,50.0,1.5,6.0,0.0103303406315084,0.0001099881839075,5.4994091953769e-05,4,1.258660747192898,2.0306330035454475e-12,664.7415430014336,268213417252826.0,268213417.25282598
0,50.0,1.5,8.0,0.0077633715242131,0.0001996235061207,9.981175306036932e-05,4,1.262755270361418,2.0372388136482265e-12,669.073491495048,201565512715182.78,201565512.71518278
0,50.0,1.5,10.0,0.006382301282748,0.0001719926170409,8.599630852048997e-05,4,1.2680469775506698,2.0457760746119597e-12,674.6928851984355,165707879153737.28,165707879.15373728
0,55.0,1.5,0.0,0.0460099231140641,0.0004790299269892,0.0002395149634946,4,1.1831404935447272,1.9087940411116752e-12,587.3650229071349,1194585846310181.5,1194585846.3101814
0,55.0,1.5,2.0,0.0256714571636604,0.000155716262525,7.78581312625276e-05,4,1.202671080348658,1.9403032895180634e-12,606.9168288049541,666524899549174.9,666524899.5491748
0,55.0,1.5,4.0,0.0142614240688159,0.0007050565185581,0.000352528259279,4,1.1692558329514484,1.8863935252406437e-12,573.6599545970963,370278717888732.94,370278717.8887329
0,55.0,1.5,6.0,0.0103959715452813,0.0001494923036011,7.474615180057537e-05,4,1.2791525620899367,2.0636930284372014e-12,686.5625876982058,269917435763770.75,269917435.76377076
0,55.0,1.5,8.0,0.008162476406271,0.0001386681801121,6.933409005606412e-05,4,1.265681461690735,2.0419597209310284e-12,672.177981414851,211927734840999.1,211927734.8409991
0,55.0,1.5,10.0,0.0065861227453969,0.0002884092442935,0.0001442046221467,4,1.2634206726311776,2.038312325960914e-12,669.778806814695,170999829628225.0,170999829.628225
0,60.0,1.5,0.0,0.0456076781346741,0.0003076766225772,0.0001538383112886,4,1.2270814002852406,1.9796851494838062e-12,631.8037372305495,1184142095775381.2,1184142095.775381
0,60.0,1.5,2.0,0.0293055705889238,0.0003665295924101,0.000183264796205,4,1.214462728930377,1.9593270898786053e-12,618.8762638601543,760879772756482.1,760879772.7564821
0,60.0,1.5,4.0,0.0152442374046366,0.0002997525511993,0.0001498762755996,4,1.19866134875747,1.9338342760665954e-12,602.8766272441064,395796145892811.1,395796145.8928111
0,60.0,1.5,6.0,0.0109764046560834,0.0002660298158041,0.000133014907902,4,1.2681695538490252,2.045973830423006e-12,674.823330450133,284987601761984.06,284987601.76198405
0,60.0,1.5,8.0,0.0082823239437197,0.0003073938020322,0.0001536969010161,4,1.26442097868699,2.0399261480294175e-12,670.8398137127789,215039415153883.25,215039415.15388325
0,60.0,1.5,10.0,0.0069940738723566,0.0001305228651111,6.526143255556305e-05,4,1.2723938081315513,2.052788939403401e-12,679.3264712654154,181591732619329.53,181591732.6193295
0,65.0,1.5,0.0,0.0426491755062094,0.0018261224623995,0.0009130612311997,4,1.188205150582631,1.9169649956407194e-12,592.4044404843047,1107328549326417.8,1107328549.3264177
0,65.0,1.5,2.0,0.0301572372283927,0.0009786413116709,0.0004893206558354,4,1.215424700406754,1.9608790656852374e-12,619.8570713940355,782992152965461.8,782992152.9654617
0,65.0,1.5,4.0,0.0147754660842941,0.0006978637816876,0.0003489318908438,4,1.20771209868006,1.9484361070529328e-12,612.015298105787,383625128283218.4,383625128.2832184
0,65.0,1.5,6.0,0.0112277578132979,0.0003617027445879,0.0001808513722939,4,1.2522400778182243,2.0202743559383433e-12,657.976893327922,291513648834252.2,291513648.8342522
0,65.0,1.5,8.0,0.0085722908887999,0.0001980474155106,9.902370775531732e-05,4,1.2747213706264362,2.056544061846418e-12,681.814098933274,222568017356322.6,222568017.3563226
0,65.0,1.5,10.0,0.0070156318495267,0.0002256820173076,0.0001128410086538,4,1.267404466590396,2.04473949349669e-12,674.0093336328163,182151456536681.78,182151456.53668177
0,70.0,1.5,0.0,0.0437263425424169,0.0028561997194644,0.0014280998597322,4,1.2327423953667025,1.9888181930548896e-12,637.6466879038734,1135295744411167.5,1135295744.4111674
0,70.0,1.5,2.0,0.0295067131551086,0.0005065646243243,0.0002532823121621,4,1.216909387425331,1.96327435326895e-12,621.3723538030389,766102169282970.1,766102169.2829701
0,70.0,1.5,4.0,0.0155448814496466,0.0006098904259837,0.0003049452129918,4,1.2350814385198317,1.992591837568754e-12,640.0687642726745,403601964651865.0,403601964.651865
0,70.0,1.5,6.0,0.0116467563189573,0.0002022662984762,0.0001011331492381,4,1.249002439028906,2.0150509816543584e-12,654.5789225403611,302392382172818.4,302392382.17281836
0,70.0,1.5,8.0,0.0087167524427758,0.0001403596975268,7.017984876340202e-05,4,1.2644623045726227,2.039992820250231e-12,670.8836654092179,226318767543141.16,226318767.54314116
0,70.0,1.5,10.0,0.0072036155672032,0.0001206517053846,6.032585269232797e-05,4,1.2520345290440358,2.0199427382839143e-12,657.7609040040418,187032201238567.03,187032201.23856702
0,75.0,1.5,0.0,0.0401841064849801,0.0023181148545215,0.0011590574272607,4,1.224634856498478,1.975738071155433e-12,629.2868796354703,1043326343636183.1,1043326343.636183
0,75.0,1.5,2.0,0.0298952350823036,0.0010698288761843,0.0005349144380921,4,1.213650026347811,1.9580159338026685e-12,618.0482531883738,776189619202364.4,776189619.2023643
0,75.0,1.5,4.0,0.01580462033437,0.0010433928319612,0.0005216964159806,4,1.2101012542380203,1.9522905993276923e-12,614.4391308228874,410345735873949.9,410345735.8739499
0,75.0,1.5,6.0,0.0116553033860393,0.0002832344325215,0.0001416172162607,4,1.2545177692436351,2.0239490199736256e-12,660.3726500421735,302614295287915.5,302614295.28791547
0,75.0,1.5,8.0,0.0090459513381606,0.0001666923541432,8.334617707164821e-05,4,1.2601956181821297,2.033109254349224e-12,666.3637666366085,234865974633070.44,234865974.63307044
0,75.0,1.5,10.0,0.0075244748956339,0.0003098653041005,0.0001549326520502,4,1.2926400913076388,2.0854528410211974e-12,701.1173056488599,195362882675475.2,195362882.67547518
0,80.0,1.5,0.0,0.039430847641459,0.0005388460034021,0.000269423001701,4,1.2309682082011917,1.985955846691274e-12,635.8125813198292,1023768989653054.6,1023768989.6530546
0,80.0,1.5,2.0,0.0293954990570849,0.0016549185156827,0.0008274592578413,4,1.1826470737095272,1.9079979929277657e-12,586.8752127429628,763214644627041.0,763214644.627041
0,80.0,1.5,4.0,0.0168221368349609,0.0007518393642937,0.0003759196821468,4,1.2317791653862733,1.9872641868680548e-12,636.6505991028066,436764184932853.1,436764184.9328531
0,80.0,1.5,6.0,0.0117642202954443,0.0001376359350826,6.881796754130904e-05,4,1.269941511333966,2.0488325795798577e-12,676.7104497835878,305442176527284.25,305442176.52728426
0,80.0,1.5,8.0,0.0092552335325139,0.0002266537783389,0.0001133268891694,4,1.2603601009130554,2.0333746189938877e-12,666.5377277002335,240299705670598.9,240299705.6705989
0,80.0,1.5,10.0,0.0076546787417595,0.000278722871664,0.000139361435832,4,1.2688059915282346,2.0470006133420606e-12,675.5008278118602,198743450631026.6,198743450.6310266
