trial,power,pressure,n2_flow,area_mean,area_std,area_sem,n_fits
0,30.0,1.0,0.0,0.38495488927330296,0.02799131964634742,0.012518098701831643,5
0,30.0,1.0,0.27,0.4407930847478462,0.01634599398738616,0.007310150743119663,5
0,30.0,1.0,0.55,0.42646691171897366,0.008608463685534192,0.0038498219965385676,5
0,30.0,1.0,0.82,0.39308772051812596,0.003763712921254926,0.0016831835879440639,5
0,30.0,1.0,1.09,0.3630111900337851,0.003809854855334524,0.0017038188881871297,5
0,30.0,1.0,1.36,0.2948567763878727,0.019720412573801784,0.008819236611872476,5
0,30.0,1.0,1.64,0.310437084972697,0.031030717430811334,0.013877358713176347,5
0,30.0,1.0,1.91,0.2807528758863678,0.012932440687127775,0.00578356329828036,5
0,30.0,1.0,2.18,0.2729987065000152,0.004163782644497811,0.0020818913222488957,4
0,30.0,1.0,2.45,0.261727496820902,0.0015150256495622461,0.0007575128247811231,4
0,35.0,1.0,0.0,0.38284692597067066,0.036655867708839975,0.016393002394241126,5
0,35.0,1.0,0.27,0.37526544896324476,0.03372131660763468,0.015080631245092752,5
0,35.0,1.0,0.55,0.39989108214574126,0.007649603327736346,0.003421006608345413,5
0,35.0,1.0,0.82,0.43153064587847023,0.005476626522592179,0.0024492218383788834,5
0,35.0,1.0,1.09,0.39421198890527875,0.006419227691952563,0.0028707658964510063,5
0,35.0,1.0,1.36,0.3158067265278682,0.021690013791572947,0.009700069054173015,5
0,35.0,1.0,1.64,0.3213894874037527,0.026131589037605447,0.011686401889634821,5
0,35.0,1.0,1.91,0.2969154837519281,0.005842152167445427,0.0026126898762611392,5
0,35.0,1.0,2.18,0.28550398712402425,0.005551251116968994,0.002775625558484489,4
0,35.0,1.0,2.45,0.27515475039863163,0.0008196136858670801,0.0004098068429335414,4
0,40.0,1.0,0.0,0.38254483222425456,0.033851679334626614,0.01513893122894999,5
0,40.0,1.0,0.27,0.38534081486443716,0.00816983141106085,0.003653659679969018,5
0,40.0,1.0,0.55,0.3747553625013479,0.0040145474713934245,0.0017953602089871162,5
0,40.0,1.0,0.82,0.3773763363194944,0.004558466942072996,0.002038608391132163,5
0,40.0,1.0,1.09,0.41867981283503025,0.010974538187475118,0.004907962681772333,5
0,40.0,1.0,1.36,0.354012257702192,0.034796279867080046,0.015561369429379666,5
0,40.0,1.0,1.64,0.31999720355320305,0.021348570970384666,0.009547371182451756,5
0,40.0,1.0,1.91,0.31109989353637185,0.014966522003630257,0.006693232117372731,5
0,40.0,1.0,2.18,0.2991209988831168,0.006238382699206045,0.003119191349603034,4
0,40.0,1.0,2.45,0.29136715707822686,0.005159819735289905,0.0025799098676449524,4
0,45.0,1.0,0.0,0.3719641549477955,0.024247572603121353,0.010843844125988182,5
0,45.0,1.0,0.27,0.4088116105781364,0.007310292590006822,0.0032692622333336616,5
0,45.0,1.0,0.55,0.39448947407075224,0.00397414320924316,0.0017772908736373761,5
0,45.0,1.0,0.82,0.3552656143604519,0.003979306332494137,0.0017795998925504574,5
0,45.0,1.0,1.09,0.34825653025970954,0.007605221943570983,0.0034011586499595584,5
0,45.0,1.0,1.36,0.29904733249533144,0.025194825071732697,0.011267468308322062,5
0,45.0,1.0,1.64,0.3473959983972235,0.034806096282707456,0.015565759463907316,5
0,45.0,1.0,1.91,0.3431719791575533,0.004285798712901247,0.002142899356450622,4
0,45.0,1.0,2.18,0.32592803613992744,0.0007193684771075429,0.00035968423855378207,4
0,45.0,1.0,2.45,0.3088552678705329,0.002607136079036218,0.001505230717045546,3
0,50.0,1.0,0.0,0.36199910090415216,0.029780723199596466,0.013318344298680548,5
0,50.0,1.0,0.27,0.40695977277849016,0.008151784574307212,0.003645588889217029,5
0,50.0,1.0,0.55,0.40179216346682595,0.004025670484786536,0.0018003345717994461,5
0,50.0,1.0,0.82,0.40303127223153024,0.0027174445386177705,0.0012152781426869774,5
0,50.0,1.0,1.09,0.34176057332164467,0.004555653293045825,0.002037350089034243,5
0,50.0,1.0,1.36,0.27880147946822686,0.02084541604932146,0.009322353461109571,5
0,50.0,1.0,1.64,0.28397451121990275,0.01625231260160708,0.007268255153753981,5
0,50.0,1.0,1.91,0.33896230895930196,0.0035502120929168475,0.0017751060464584237,4
0,50.0,1.0,2.18,0.3385769256804565,0.001023709666906104,0.0005118548334530493,4
0,55.0,1.0,0.0,0.3580113339863206,0.017466971233137275,0.0078114670076656605,5
0,55.0,1.0,0.27,0.40659533533566894,0.002173271263567026,0.0009719164557765475,5
0,55.0,1.0,0.55,0.3987579968127425,0.003143535424139621,0.0014058317796109695,5
0,55.0,1.0,0.82,0.38842843225472656,0.003940832334896984,0.0017623937977517719,5
0,55.0,1.0,1.09,0.3724661057307655,0.00676767800078035,0.0030265976119149512,5
0,55.0,1.0,1.36,0.28673277764998845,0.009374701129333092,0.0041924937987865745,5
0,55.0,1.0,1.64,0.30754929492894434,0.02365279223578648,0.010577850259379558,5
0,55.0,1.0,1.91,0.3011433038880459,0.0032050212362323563,0.0016025106181161797,4
0,55.0,1.0,2.18,0.2923332801355881,0.0031522184165889275,0.0015761092082944605,4
0,55.0,1.0,2.45,0.3180327187797638,0.006358657923214041,0.0031793289616070214,4
0,60.0,1.0,0.0,0.3410738898060187,0.01181753506421038,0.0052849623460123505,5
0,60.0,1.0,0.27,0.3838997102239886,0.006134630916851177,0.002743490349390214,5
0,60.0,1.0,0.55,0.39321117462994293,0.00534313720024264,0.0023895235985700943,5
0,60.0,1.0,0.82,0.3914950585113069,0.005086137350883235,0.002274589771895135,5
0,60.0,1.0,1.09,0.33942827581702417,0.015858933044040138,0.007092330467418281,5
0,60.0,1.0,1.36,0.3059279454187959,0.02424565288237989,0.010842985600773033,5
0,60.0,1.0,1.64,0.3138718445860228,0.022348956755634957,0.009994757306360581,5
0,60.0,1.0,1.91,0.30091167366696714,0.004901128814341489,0.002450564407170742,4
0,60.0,1.0,2.18,0.2938919404639872,0.00899539611309143,0.0044976980565457104,4
0,60.0,1.0,2.45,0.2891789945981411,0.007575246988817748,0.005356508514956004,2
0,65.0,1.0,0.0,0.3358646360833072,0.040220517672846234,0.017987162321343165,5
0,65.0,1.0,0.27,0.3781265684874723,0.001968626897653098,0.0008803967130973659,5
0,65.0,1.0,0.55,0.3924444836317205,0.003922548595549456,0.0017542170609389808,5
0,65.0,1.0,0.82,0.39304722728310093,0.004760945651321236,0.0021291596227072562,5
0,65.0,1.0,1.09,0.34683847438255716,0.030829285476305167,0.013787275604553072,5
0,65.0,1.0,1.36,0.30263971209465723,0.005796291763513381,0.0025921804801276116,5
0,65.0,1.0,1.64,0.355095797002775,0.01842796832426246,0.00824123797205275,5
0,65.0,1.0,1.91,0.3385370901997411,0.006359436088475417,0.0031797180442377066,4
0,65.0,1.0,2.18,0.3004718643711565,0.005426896378538752,0.002713448189269382,4
0,70.0,1.0,0.0,0.34084595267556284,0.021526962902223983,0.009627150479697796,5
0,70.0,1.0,0.27,0.3656612720165656,0.008153220606450597,0.0036462311023151245,5
0,70.0,1.0,0.55,0.37998039802240713,0.004248816811236426,0.0019001286427737076,5
0,70.0,1.0,0.82,0.3995514048146937,0.010460473416205875,0.004678065927093159,5
0,70.0,1.0,1.09,0.3601322221571682,0.02834329805034715,0.012675508229422695,5
0,70.0,1.0,1.36,0.3456978172859811,0.034987978542126034,0.015647099683099564,5
0,70.0,1.0,1.64,0.34497931046039076,0.014380175352004018,0.006431009923089598,5
0,70.0,1.0,1.91,0.3443803712948143,0.00540363369706509,0.0027018168485325412,4
0,70.0,1.0,2.18,0.34881005433812945,0.00924546226395991,0.004622731131979952,4
0,75.0,1.0,0.0,0.3202651124186233,0.01896852380365037,0.00848298173155702,5
0,75.0,1.0,0.27,0.36160044048724477,0.005620142008980448,0.002513403915056503,5
0,75.0,1.0,0.55,0.375107335893897,0.004524543461954966,0.0020234373496167066,5
0,75.0,1.0,0.82,0.37940251451590584,0.004184060523067867,0.0018711687503106165,5
0,75.0,1.0,1.09,0.35793454077130427,0.017721746743173908,0.007925406079554472,5
0,75.0,1.0,1.36,0.3406246090592128,0.04757663227270692,0.021276916780456602,5
0,75.0,1.0,1.64,0.3471645106440616,0.006832991787156321,0.0030558068251558567,5
0,75.0,1.0,1.91,0.34254382815347817,0.005039541331195868,0.0025197706655979255,4
0,75.0,1.0,2.18,0.3434370082668756,0.005954770070460513,0.0029773850352302557,4
0,80.0,1.0,0.0,0.3211263514738474,0.023224776101784514,0.01038643562516055,5
0,80.0,1.0,0.27,0.3528965464504831,0.003826830306708809,0.0017114105408314508,5
0,80.0,1.0,0.55,0.36656375069472763,0.00273332795125613,0.0012223814207617866,5
0,80.0,1.0,0.82,0.3692239193289521,0.003549933489512991,0.0015875785196308152,5
0,80.0,1.0,1.09,0.35496763841140455,0.019127526670496373,0.00855408997533403,5
0,80.0,1.0,1.36,0.3564992639023978,0.02247888717083322,0.0100528639545062,5
0,80.0,1.0,1.64,0.3520013026745346,0.006981451265270864,0.0031221999221495156,5
0,80.0,1.0,1.91,0.3445099892920192,0.005731115642329965,0.0028655578211649827,4
0,80.0,1.0,2.18,0.34817790640101576,0.008225363402061094,0.004112681701030553,4
0,80.0,1.0,2.73,0.295245018628564,0.019651628086984417,0.011345872766034859,3
