row_uid,area_mean,area_err,area_err_int,area_err_ext,area_birge,area_method,area_std,area_sem,fwhm_mean,fwhm_err,fwhm_err_int,fwhm_err_ext,fwhm_birge,fwhm_method,fwhm_std,fwhm_sem,n_fits,chi2_median,power,pressure,n2_flow,freq,trial,run_id,Measured Pressure,delivered_power,delivered_power_error,gamma,Nitrogen_Gas_Flow,Argon_Gas_Flow,basename,df_source,run_id_off,fwhm_wavelength_m,T_gas_K,T_gas_K_err,N_s_m3,N_s_m3_err,N_s_cm3,N_s_cm3_err
29660ffb|Scope_TrialNumber_0_30.00W_1.00Torr_0.00NitrogenFlow_2422.00MHz.csv,0.2171695445559339,0.11248357683684518,0.00015929320087648647,0.11248357683684518,706.1417324651743,birge,0.18764000454338445,0.10833400713386562,1.114178878112775,0.02728432189935483,0.0007330563906985978,0.02728432189935483,37.21994957762125,birge,0.2306920277362703,0.13319010431343628,3,3.122085699256575,30,1.0,0.0,2422.0,0,29660ffb,1.004,30.066666666666663,0.094280904158206,0.4665750117774926,-0.005,80.0,Scope_TrialNumber_0_30.00W_1.00Torr_0.00NitrogenFlow_2422.00MHz.csv,D:\Data\NafisaData\LAS_1.0Torr_2Nitrogen_Freq_Sweep_4\LAS_DataFrame_29660ffb_Laser_True_20260902_132519.csv,035468d0,1.8031579370199531e-12,522.8841694468521,25.609065609697684,7.324054640838786e+16,3.7935147151255176e+16,73240546408.38785,37935147151.25517
29660ffb|Scope_TrialNumber_0_30.00W_1.00Torr_1.00NitrogenFlow_2420.00MHz.csv,0.261031319076951,0.09876469218823601,0.00021379050381291418,0.09876469218823601,461.9695001732348,birge,0.1806062629002819,0.10427307450281008,1.2352347016893162,0.0704790982828012,0.0009813758682273798,0.0704790982828012,71.81662048620046,birge,0.34124496398577575,0.19701787181679178,3,5.093322986132866,30,1.0,1.0,2420.0,0,29660ffb,1.0019999999999998,30.0,0.0816496580927723,0.420200044029319,0.804,79.21,Scope_TrialNumber_0_30.00W_1.00Torr_1.00NitrogenFlow_2420.00MHz.csv,D:\Data\NafisaData\LAS_1.0Torr_2Nitrogen_Freq_Sweep_4\LAS_DataFrame_29660ffb_Laser_True_20260902_132519.csv,035468d0,1.999071513728802e-12,642.6797544514441,73.33908206497668,8.803295359849179e+16,3.330844588044697e+16,88032953598.49179,33308445880.446968
29660ffb|Scope_TrialNumber_0_30.00W_1.00Torr_1.33NitrogenFlow_2420.00MHz.csv,0.2970064802959806,0.0523727815841903,0.00017934703366315847,0.05237278158419031,292.0192239284788,birge,0.396656618147517,0.22900980526331555,1.2802903494003575,0.020635842854799618,0.0008238334579916726,0.020635842854799618,25.048561277306373,birge,5.849495835822463,3.377207995435694,3,4.3146145728544445,30,1.0,1.3333333333333333,2420.0,0,29660ffb,1.0019999999999998,29.96666666666667,0.0471404520791038,0.4195063247475724,1.074,78.93,Scope_TrialNumber_0_30.00W_1.00Torr_1.33NitrogenFlow_2420.00MHz.csv,D:\Data\NafisaData\LAS_1.0Torr_2Nitrogen_Freq_Sweep_4\LAS_DataFrame_29660ffb_Laser_True_20260902_132519.csv,035468d0,2.0719883948272396e-12,690.4187783999316,22.25647240368042,1.0016559618518262e+17,1.7662748927326244e+16,100165596185.18262,17662748927.326244
29660ffb|Scope_TrialNumber_0_30.00W_1.00Torr_1.67NitrogenFlow_2420.00MHz.csv,0.1540266756005173,0.10240559846490564,0.0001059432991330025,0.10240559846490564,966.6076033402019,birge,0.16991538378673454,0.09810069256872976,1.3171763271496917,0.03547933504630399,0.000693845489631434,0.03547933504630399,51.1343455805274,birge,0.11294894280771726,0.0652111025347192,3,5.037588880194166,30,1.0,1.6666666666666663,2420.0,0,29660ffb,1.0019999999999998,30.0,0.0816496580927737,0.4193147258753735,1.332,78.68,Scope_TrialNumber_0_30.00W_1.00Torr_1.67NitrogenFlow_2420.00MHz.csv,D:\Data\NafisaData\LAS_1.0Torr_2Nitrogen_Freq_Sweep_4\LAS_DataFrame_29660ffb_Laser_True_20260902_132519.csv,035468d0,2.1316836958691256e-12,730.7746689834801,39.36815260007363,5.19455796875969e+16,3.4536343492288812e+16,51945579687.59689,34536343492.28881
29660ffb|Scope_TrialNumber_0_30.00W_1.00Torr_2.00NitrogenFlow_2418.00MHz.csv,0.24070404165206558,0.00781497937004279,0.00010018255172511846,0.00781497937004279,78.00738986451036,birge,0.13290826661796798,0.07673462350941036,1.1772484076807526,0.0050254260868303514,0.0005415073715608205,0.0050254260868303514,9.28043892061017,birge,2.2582533780658935,1.3038031957247254,3,7.000858869634725,30,1.0,2.0,2418.0,0,29660ffb,1.0019999999999998,30.0,0.0816496580927737,0.4202086676601424,1.608,78.42,Scope_TrialNumber_0_30.00W_1.00Torr_2.00NitrogenFlow_2418.00MHz.csv,D:\Data\NafisaData\LAS_1.0Torr_2Nitrogen_Freq_Sweep_4\LAS_DataFrame_29660ffb_Laser_True_20260902_132519.csv,035468d0,1.905228013072052e-12,583.7566953572549,4.983869344940785,8.117756828819086e+16,2635606021104828.0,81177568288.19086,2635606021.104828
29660ffb|Scope_TrialNumber_0_30.00W_1.00Torr_3.00NitrogenFlow_2418.00MHz.csv,0.10293871455662336,0.06528945694234053,0.00016625597625210872,0.06528945694234053,392.70442130354655,birge,0.10654267346250415,0.06151244120375917,1.3260778507973177,0.02312616617410409,0.0015822499074476658,0.02312616617410409,14.616000964985998,birge,0.17913113358483584,0.10342140819544779,3,12.225315582496949,30,1.0,3.0,2418.0,0,29660ffb,1.001,30.133333333333336,0.0942809041582076,0.4212302383750566,2.4,77.59,Scope_TrialNumber_0_30.00W_1.00Torr_3.00NitrogenFlow_2418.00MHz.csv,D:\Data\NafisaData\LAS_1.0Torr_2Nitrogen_Freq_Sweep_4\LAS_DataFrame_29660ffb_Laser_True_20260902_132519.csv,035468d0,2.146089688777531e-12,740.685245719774,25.83439586887527,3.471613718268104e+16,2.2018904680864812e+16,34716137182.68104,22018904680.86481
29660ffb|Scope_TrialNumber_0_35.00W_1.00Torr_0.00NitrogenFlow_2422.00MHz.csv,0.2955934365761217,0.10450842165488779,0.00023404992732125828,0.10450842165488779,446.5219145803832,birge,0.19105862365003826,0.11030774779534899,1.2669901814574636,0.1020266159256408,0.0009876941639286691,0.1020266159256408,103.29778149120371,birge,0.38243098312614465,0.22079663105433286,3,17.556799335833496,35,1.0,0.0,2422.0,0,29660ffb,1.004,35.0,0.0,0.4378194973275913,0.004,80.0,Scope_TrialNumber_0_35.00W_1.00Torr_0.00NitrogenFlow_2422.00MHz.csv,D:\Data\NafisaData\LAS_1.0Torr_2Nitrogen_Freq_Sweep_4\LAS_DataFrame_29660ffb_Laser_True_20260902_132519.csv,035468d0,2.050463751108854e-12,676.1485950731553,108.89611305248536,9.968904642608528e+16,3.5245521750913628e+16,99689046426.08528,35245521750.91363
29660ffb|Scope_TrialNumber_0_35.00W_1.00Torr_1.00NitrogenFlow_2422.00MHz.csv,0.201415993369813,0.12409219149724567,0.00017685158483406448,0.12409219149724567,701.6741841113742,birge,0.1984948263187135,0.11460104140785726,1.2324884871075215,0.07049479443394689,0.0008986563687451292,0.07049479443394689,78.44466125843498,birge,0.36183448278439717,0.20890523603766073,3,4.95379896600672,35,1.0,1.0,2422.0,0,29660ffb,1.0019999999999998,35.13333333333333,0.0471404520791071,0.4364340028543689,0.797,79.2,Scope_TrialNumber_0_35.00W_1.00Torr_1.00NitrogenFlow_2422.00MHz.csv,D:\Data\NafisaData\LAS_1.0Torr_2Nitrogen_Freq_Sweep_4\LAS_DataFrame_29660ffb_Laser_True_20260902_132519.csv,035468d0,1.9946271119211585e-12,639.8252773579545,73.19232897151953,6.792765274687892e+16,4.185015872670733e+16,67927652746.878914,41850158726.70733
29660ffb|Scope_TrialNumber_0_35.00W_1.00Torr_1.67NitrogenFlow_2420.00MHz.csv,0.10298594498141617,0.09513380818855904,8.59617875189163e-05,0.09513380818855904,1106.6988127442603,birge,0.16299142156785928,0.09410314111780334,1.236264918438023,0.008677669764217178,0.0006622384280753966,0.008677669764217178,13.103543068976382,birge,0.19381489303641783,0.11189908066753436,3,9.744807857295946,35,1.0,1.6666666666666663,2420.0,0,29660ffb,1.0019999999999998,34.96666666666667,0.0471404520791038,0.420249055328613,1.335,78.68,Scope_TrialNumber_0_35.00W_1.00Torr_1.67NitrogenFlow_2420.00MHz.csv,D:\Data\NafisaData\LAS_1.0Torr_2Nitrogen_Freq_Sweep_4\LAS_DataFrame_29660ffb_Laser_True_20260902_132519.csv,035468d0,2.0007387895529758e-12,643.7522235942954,9.03733354075896,3.4732065668998024e+16,3.2083928286943784e+16,34732065668.998024,32083928286.943783
29660ffb|Scope_TrialNumber_0_35.00W_1.00Torr_2.00NitrogenFlow_2420.00MHz.csv,0.2718776340395522,0.022170112176379948,0.00012542501036125124,0.022170112176379948,176.75989910246142,birge,0.15075818816287154,0.08704028051837413,1.2897518428955925,0.0322480635858525,0.0006253507341144587,0.0322480635858525,51.567963107164275,birge,1.6107437917143854,0.9299633617418189,3,6.310429642813734,35,1.0,2.0,2420.0,0,29660ffb,1.0019999999999998,34.96666666666667,0.0471404520791038,0.417930352946939,1.595,78.4,Scope_TrialNumber_0_35.00W_1.00Torr_2.00NitrogenFlow_2420.00MHz.csv,D:\Data\NafisaData\LAS_1.0Torr_2Nitrogen_Freq_Sweep_4\LAS_DataFrame_29660ffb_Laser_True_20260902_132519.csv,035468d0,2.0873006282819725e-12,700.661033763813,35.03768836370437,9.16908791883932e+16,7476882327370305.0,91690879188.39319,7476882327.370305
29660ffb|Scope_TrialNumber_0_35.00W_1.00Torr_2.33NitrogenFlow_2420.00MHz.csv,0.18078749454807835,0.07649591041530872,9.106961344107838e-05,0.07649591041530872,839.971836103172,birge,0.1404815308281796,0.08110704963982021,1.2640290294517407,0.009414488527685365,0.0005997375084169098,0.009414488527685365,15.697681728355143,birge,0.07113895922894196,0.04107209726069946,3,6.328833286545329,35,1.0,2.333333333333333,2420.0,0,29660ffb,1.001,35.03333333333333,0.0471404520791038,0.4168217312718132,1.866,78.12,Scope_TrialNumber_0_35.00W_1.00Torr_2.33NitrogenFlow_2420.00MHz.csv,D:\Data\NafisaData\LAS_1.0Torr_2Nitrogen_Freq_Sweep_4\LAS_DataFrame_29660ffb_Laser_True_20260902_132519.csv,035468d0,2.04567150019948e-12,672.9917607156099,10.024885604457994,6.09706803575046e+16,2.579828717825256e+16,60970680357.5046,25798287178.25256
29660ffb|Scope_TrialNumber_0_35.00W_1.00Torr_3.00NitrogenFlow_2418.00MHz.csv,0.11753565852619186,0.06727726259764553,0.00017069848157347435,0.06727726259764553,394.12923874596476,birge,0.10978105238958573,0.06338212014904773,1.25727960974931,0.009640660056124807,0.001437175730026245,0.009640660056124807,6.708059324066622,birge,0.1356319069938176,0.07830711801358288,3,18.22315502315667,35,1.0,3.0,2418.0,0,29660ffb,1.001,35.03333333333333,0.0471404520791038,0.4199195765217168,2.402,77.61,Scope_TrialNumber_0_35.00W_1.00Torr_3.00NitrogenFlow_2418.00MHz.csv,D:\Data\NafisaData\LAS_1.0Torr_2Nitrogen_Freq_Sweep_4\LAS_DataFrame_29660ffb_Laser_True_20260902_132519.csv,035468d0,2.0347484159929914e-12,665.8239240876889,10.210906244863612,3.963896443458636e+16,2.268929321368565e+16,39638964434.58636,22689293213.685646
29660ffb|Scope_TrialNumber_0_40.00W_1.00Torr_0.00NitrogenFlow_2424.00MHz.csv,0.28979162563040367,0.08579082431077903,0.0002141050813067343,0.08579082431077903,400.69494748642677,birge,0.5581891975076954,0.32227068343980914,1.1802140865869144,0.04377303918785934,0.0008896276699440212,0.04377303918785934,49.20377441791318,birge,4.973417302453087,2.8714038183636323,3,3.649142089081666,40,1.0,0.0,2424.0,0,29660ffb,1.004,40.0,0.0816496580927737,0.4803808917234405,-0.002,80.0,Scope_TrialNumber_0_40.00W_1.00Torr_0.00NitrogenFlow_2424.00MHz.csv,D:\Data\NafisaData\LAS_1.0Torr_2Nitrogen_Freq_Sweep_4\LAS_DataFrame_29660ffb_Laser_True_20260902_132519.csv,035468d0,1.9100275901986225e-12,586.7015548051827,43.520426407271145,9.773238254537658e+16,2.893300191882626e+16,97732382545.37657,28933001918.82626
29660ffb|Scope_TrialNumber_0_40.00W_1.00Torr_1.00NitrogenFlow_2426.00MHz.csv,0.251613184852383,0.10062508565732863,0.00016066201568411064,0.10062508565732861,626.3153442265717,birge,0.18151483058694237,0.1047976363012805,1.308419914382329,0.043330365688876674,0.000792815722347149,0.043330365688876674,54.65376690638291,birge,0.31288171058377684,0.18064233983005415,3,4.191529216369796,40,1.0,1.0,2426.0,0,29660ffb,1.003,40.0,0.0,0.477283173597423,0.809,79.21,Scope_TrialNumber_0_40.00W_1.00Torr_1.00NitrogenFlow_2426.00MHz.csv,D:\Data\NafisaData\LAS_1.0Torr_2Nitrogen_Freq_Sweep_4\LAS_DataFrame_29660ffb_Laser_True_20260902_132519.csv,035468d0,2.1175125466116232e-12,721.0907796243778,47.76009113366557,8.485668273525739e+16,3.3935864584527024e+16,84856682735.25739,33935864584.527023
29660ffb|Scope_TrialNumber_0_40.00W_1.00Torr_1.67NitrogenFlow_2420.00MHz.csv,0.0961395828950177,0.09980147382013602,8.562795696287319e-05,0.09980147382013602,1165.5244076815732,birge,0.1790136843549266,0.10335359885094357,1.2609981528306728,0.012663473581294323,0.0006595231038373724,0.012663473581294321,19.200955216903104,birge,0.17890670626348054,0.1032918350210498,3,7.132553519822336,40,1.0,1.6666666666666663,2420.0,0,29660ffb,1.0019999999999998,40.03333333333333,0.0471404520791004,0.4335477169160991,1.323,78.67,Scope_TrialNumber_0_40.00W_1.00Torr_1.67NitrogenFlow_2420.00MHz.csv,D:\Data\NafisaData\LAS_1.0Torr_2Nitrogen_Freq_Sweep_4\LAS_DataFrame_29660ffb_Laser_True_20260902_132519.csv,035468d0,2.040766408797403e-12,669.7682437016407,13.452188555020882,3.242312635090526e+16,3.3658101046790876e+16,32423126350.90526,33658101046.790874
29660ffb|Scope_TrialNumber_0_40.00W_1.00Torr_2.00NitrogenFlow_2420.00MHz.csv,0.2966023188144095,0.022573574991076456,0.00012586914525298054,0.022573574991076456,179.34160866594047,birge,0.1670510143843865,0.09644694812322559,1.2847803470457875,0.01670989459033802,0.0005638194226420622,0.01670989459033802,29.636961621569057,birge,1.3523436269416658,0.7807759570516456,3,5.004988905911142,40,1.0,2.0,2420.0,0,29660ffb,1.0019999999999998,39.86666666666667,0.0471404520791038,0.4265452263148683,1.595,78.39,Scope_TrialNumber_0_40.00W_1.00Torr_2.00NitrogenFlow_2420.00MHz.csv,D:\Data\NafisaData\LAS_1.0Torr_2Nitrogen_Freq_Sweep_4\LAS_DataFrame_29660ffb_Laser_True_20260902_132519.csv,035468d0,2.0792548895083017e-12,695.2698881922336,18.085405135971126,1.0002929250683758e+17,7612950379933852.0,100029292506.83759,7612950379.933851
29660ffb|Scope_TrialNumber_0_40.00W_1.00Torr_2.33NitrogenFlow_2420.00MHz.csv,0.2286345663579969,0.0762869048542634,0.00012771580892258162,0.0762869048542634,597.3176343463225,birge,0.15618939527427242,0.09017598940616604,1.3340163195306631,0.02006147147569738,0.0007089534635362389,0.02006147147569738,28.297303712476918,birge,0.41644625753965453,0.24043535889353176,3,7.0509705117841,40,1.0,2.333333333333333,2420.0,0,29660ffb,1.001,39.8,0.0,0.4248602611026698,1.871,78.12,Scope_TrialNumber_0_40.00W_1.00Torr_2.33NitrogenFlow_2420.00MHz.csv,D:\Data\NafisaData\LAS_1.0Torr_2Nitrogen_Freq_Sweep_4\LAS_DataFrame_29660ffb_Laser_True_20260902_132519.csv,035468d0,2.158937098816898e-12,749.5799067352323,22.544965451420204,7.710713121466992e+16,2.5727799939700524e+16,77107131214.66992,25727799939.700523
29660ffb|Scope_TrialNumber_0_40.00W_1.00Torr_2.67NitrogenFlow_2420.00MHz.csv,0.11795256744303774,0.0928294380030384,8.641180518725844e-05,0.0928294380030384,1074.2680100464588,birge,0.14836986003604727,0.085661378631439,1.3777327672986692,0.04768633855654056,0.0007072100661442844,0.04768633855654055,67.42881760228174,birge,0.2510095116421292,0.1449204091157398,3,6.055701093325092,40,1.0,2.6666666666666665,2420.0,0,29660ffb,1.001,40.0,0.0816496580927737,0.4206603227125591,2.136,77.88,Scope_TrialNumber_0_40.00W_1.00Torr_2.67NitrogenFlow_2420.00MHz.csv,D:\Data\NafisaData\LAS_1.0Torr_2Nitrogen_Freq_Sweep_4\LAS_DataFrame_29660ffb_Laser_True_20260902_132519.csv,035468d0,2.2296866537759e-12,799.5131780795555,55.34579273318879,3.977956719237525e+16,3.1306778195019824e+16,39779567192.375244,31306778195.01982
29660ffb|Scope_TrialNumber_0_40.00W_1.00Torr_3.00NitrogenFlow_2418.00MHz.csv,0.1967168877810777,0.0528985705559815,0.0002149403240089798,0.0528985705559815,246.10817351225126,birge,0.128230055042978,0.07403365679726388,1.3347443931859435,0.04107490295509541,0.0013521090363929637,0.04107490295509541,30.378395417481553,birge,0.5667443057813127,0.3272099775045285,3,20.723377453863414,40,1.0,3.0,2418.0,0,29660ffb,1.001,40.16666666666666,0.0942809041582076,0.4219430851952293,2.398,77.61,Scope_TrialNumber_0_40.00W_1.00Torr_3.00NitrogenFlow_2418.00MHz.csv,D:\Data\NafisaData\LAS_1.0Torr_2Nitrogen_Freq_Sweep_4\LAS_DataFrame_29660ffb_Laser_True_20260902_132519.csv,035468d0,2.160115394166095e-12,750.398334970326,46.184930903511834,6.634287684446854e+16,1.7840071542558666e+16,66342876844.468544,17840071542.558666
29660ffb|Scope_TrialNumber_0_45.00W_1.00Torr_0.00NitrogenFlow_2430.00MHz.csv,0.02890527994352118,0.06205648164738824,5.783703893633332e-05,0.06205648164738824,1072.9539891504414,birge,0.17897546807723577,0.10333153467273135,1.163379767715314,0.06285228923302645,0.0008064836849302434,0.06285228923302645,77.9337392776431,birge,0.3028315482948657,0.17483987592715186,3,4.329134667576528,45,1.0,0.0,2430.0,0,29660ffb,1.004,45.13333333333333,0.1247219128924633,0.4905142355456592,0.004,80.0,Scope_TrialNumber_0_45.00W_1.00Torr_0.00NitrogenFlow_2430.00MHz.csv,D:\Data\NafisaData\LAS_1.0Torr_2Nitrogen_Freq_Sweep_4\LAS_DataFrame_29660ffb_Laser_True_20260902_132519.csv,035468d0,1.8827833691099345e-12,570.0837539174679,61.598232980510716,9748321301128132.0,2.092858201333194e+16,9748321301.128132,20928582013.33194
29660ffb|Scope_TrialNumber_0_45.00W_1.00Torr_1.00NitrogenFlow_2424.00MHz.csv,0.28112085306468565,0.04689234450633305,0.00016672946008717963,0.04689234450633305,281.24810385527513,birge,0.14784238359049037,0.08535683996360553,1.2601142901816664,0.04412816211168269,0.0007983644430219127,0.04412816211168269,55.2732057362824,birge,0.27732055832041924,0.16011109899811138,3,20.416273681292477,45,1.0,1.0,2424.0,0,29660ffb,1.003,44.93333333333334,0.0471404520791038,0.4737045162177042,0.8,79.18,Scope_TrialNumber_0_45.00W_1.00Torr_1.00NitrogenFlow_2424.00MHz.csv,D:\Data\NafisaData\LAS_1.0Torr_2Nitrogen_Freq_Sweep_4\LAS_DataFrame_29660ffb_Laser_True_20260902_132519.csv,035468d0,2.039335988617933e-12,668.8296607775285,46.84372509042423,9.480815980597454e+16,1.5814468557443752e+16,94808159805.97453,15814468557.44375
29660ffb|Scope_TrialNumber_0_45.00W_1.00Torr_2.00NitrogenFlow_2420.00MHz.csv,0.30837409498428636,0.038937636418683697,0.00018169541182783383,0.038937636418683697,214.30170430268873,birge,0.1655340729466892,0.09557114157582616,1.3021125290292015,0.033107363540227544,0.000777727188205334,0.033107363540227544,42.569379137465106,birge,0.9134678014442243,0.5273908810598785,3,10.810171126186887,45,1.0,2.0,2420.0,0,29660ffb,1.0019999999999998,44.93333333333334,0.0471404520791004,0.4402045072794459,1.606,78.4,Scope_TrialNumber_0_45.00W_1.00Torr_2.00NitrogenFlow_2420.00MHz.csv,D:\Data\NafisaData\LAS_1.0Torr_2Nitrogen_Freq_Sweep_4\LAS_DataFrame_29660ffb_Laser_True_20260902_132519.csv,035468d0,2.10730483922751e-12,714.1553381453782,36.316063131350035,1.0399933038964467e+17,1.313173895072118e+16,103999330389.64467,13131738950.72118
29660ffb|Scope_TrialNumber_0_45.00W_1.00Torr_2.33NitrogenFlow_2420.00MHz.csv,0.26961124527493296,0.01351253461897414,0.00013375210821645078,0.01351253461897414,101.02670379674937,birge,0.13481078234045452,0.07783304147392546,1.201176143341867,0.03706164341198101,0.0006572171346197228,0.03706164341198101,56.39177900227072,birge,1.4865137204930123,0.8582390966807129,3,12.480658240351147,45,1.0,2.333333333333333,2420.0,0,29660ffb,1.001,44.96666666666666,0.1247219128924639,0.4317057236082575,1.862,78.12,Scope_TrialNumber_0_45.00W_1.00Torr_2.33NitrogenFlow_2420.00MHz.csv,D:\Data\NafisaData\LAS_1.0Torr_2Nitrogen_Freq_Sweep_4\LAS_DataFrame_29660ffb_Laser_True_20260902_132519.csv,035468d0,1.9439520342501725e-12,607.7277218961461,37.502223542047396,9.092653835121938e+16,4557109611661160.0,90926538351.21938,4557109611.6611595
29660ffb|Scope_TrialNumber_0_45.00W_1.00Torr_2.67NitrogenFlow_2420.00MHz.csv,0.14432137083327537,0.0933349589088722,0.00010243720111946152,0.0933349589088722,911.1431968941209,birge,0.15101358761137598,0.08718773545871907,1.2974257021891695,0.010002523936194224,0.000705886358328279,0.010002523936194224,14.170161837215243,birge,0.27478231748676,0.15864564496953013,3,8.191744434752607,45,1.0,2.6666666666666665,2420.0,0,29660ffb,1.001,45.0,0.0816496580927737,0.4264017851099486,2.128,77.86,Scope_TrialNumber_0_45.00W_1.00Torr_2.67NitrogenFlow_2420.00MHz.csv,D:\Data\NafisaData\LAS_1.0Torr_2Nitrogen_Freq_Sweep_4\LAS_DataFrame_29660ffb_Laser_True_20260902_132519.csv,035468d0,2.099719801329146e-12,709.0235257831889,10.932456133718746,4.86724604034624e+16,3.1477265394041384e+16,48672460403.462395,31477265394.04138
29660ffb|Scope_TrialNumber_0_45.00W_1.00Torr_3.00NitrogenFlow_2420.00MHz.csv,0.10060859252960916,0.07452674753570915,0.00015746967998501947,0.07452674753570915,473.2768082261873,birge,0.12122645387595751,0.06999012577818782,1.2659872140943444,0.035776239422587314,0.0014194978867123511,0.035776239422587314,25.203446766269867,birge,0.159239256280301,0.0919368274789876,3,21.764912029374283,45,1.0,3.0,2420.0,0,29660ffb,1.001,45.0,0.0816496580927679,0.4228858173797913,2.398,77.6,Scope_TrialNumber_0_45.00W_1.00Torr_3.00NitrogenFlow_2420.00MHz.csv,D:\Data\NafisaData\LAS_1.0Torr_2Nitrogen_Freq_Sweep_4\LAS_DataFrame_29660ffb_Laser_True_20260902_132519.csv,035468d0,2.0488405749771692e-12,675.0785211848811,38.15484158777079,3.393030226827947e+16,2.5134185931625684e+16,33930302268.279472,25134185931.625683
29660ffb|Scope_TrialNumber_0_50.00W_1.00Torr_0.00NitrogenFlow_2424.00MHz.csv,0.2775071790121461,0.08700185420797324,0.0002199198769773521,0.08700185420797324,395.60705200345717,birge,0.16996325854919148,0.09812833307572166,1.2959618987820625,0.06910430915279057,0.0010358259890055252,0.06910430915279057,66.71420671645454,birge,2.059430321611299,1.189012650559561,3,4.402752080842843,50,1.0,0.0,2424.0,0,29660ffb,1.004,50.06666666666667,0.1699673171197596,0.5117718076508299,-0.005,80.0,Scope_TrialNumber_0_50.00W_1.00Torr_0.00NitrogenFlow_2424.00MHz.csv,D:\Data\NafisaData\LAS_1.0Torr_2Nitrogen_Freq_Sweep_4\LAS_DataFrame_29660ffb_Laser_True_20260902_132519.csv,035468d0,2.09735082020447e-12,707.4245354612634,75.44370532301492,9.358944627645549e+16,2.9341422406923536e+16,93589446276.45549,29341422406.923534
29660ffb|Scope_TrialNumber_0_50.00W_1.00Torr_1.00NitrogenFlow_2422.00MHz.csv,0.2329302532463398,0.09235192421621947,0.00017590344151488115,0.09235192421621946,525.0148798732096,birge,0.16856340565857914,0.09732012763250075,1.152662599493138,0.03830967623962957,0.0008467415597617047,0.03830967623962957,45.24364701126861,birge,0.2359108520517534,0.1362031939368338,3,1.4310337186852045,50,1.0,1.0,2422.0,0,29660ffb,1.003,49.833333333333336,0.2624669291337274,0.438054763013943,0.804,79.21,Scope_TrialNumber_0_50.00W_1.00Torr_1.00NitrogenFlow_2422.00MHz.csv,D:\Data\NafisaData\LAS_1.0Torr_2Nitrogen_Freq_Sweep_4\LAS_DataFrame_29660ffb_Laser_True_20260902_132519.csv,035468d0,1.8654389845395436e-12,559.6287981768855,37.199433870686825,7.855585394208971e+16,3.1145736412040216e+16,78555853942.0897,31145736412.040215
29660ffb|Scope_TrialNumber_0_50.00W_1.00Torr_2.00NitrogenFlow_2422.00MHz.csv,0.22479656491020333,0.04648595305484581,0.00012126755747130789,0.04648595305484581,383.3337953215102,birge,0.13667694264520364,0.07891046962822336,1.220535097889372,0.039251389789896104,0.0006594496532282369,0.039251389789896104,59.521435181210286,birge,0.6955915655672157,0.4015999776262652,3,6.61681994048961,50,1.0,2.0,2422.0,0,29660ffb,1.0019999999999998,49.9,0.0816496580927737,0.4770266787164577,1.603,78.4,Scope_TrialNumber_0_50.00W_1.00Torr_2.00NitrogenFlow_2422.00MHz.csv,D:\Data\NafisaData\LAS_1.0Torr_2Nitrogen_Freq_Sweep_4\LAS_DataFrame_29660ffb_Laser_True_20260902_132519.csv,035468d0,1.975282059644182e-12,627.4746665609166,40.358122864402866,7.581276314972157e+16,1.5677412820537894e+16,75812763149.72156,15677412820.537893
29660ffb|Scope_TrialNumber_0_50.00W_1.00Torr_2.33NitrogenFlow_2420.00MHz.csv,0.1543610461162166,0.06664922281091877,0.00012022204761061375,0.06664922281091877,554.3843590718769,birge,0.12384183715818653,0.0715001180202168,1.1077146350011278,0.03658950735015812,0.0007768623525289044,0.03658950735015812,47.09908677006812,birge,0.055929903407076584,0.03229114478782544,3,10.99494241738279,50,1.0,2.333333333333333,2420.0,0,29660ffb,1.001,50.0,0.0816496580927737,0.4685747376771127,1.871,78.13,Scope_TrialNumber_0_50.00W_1.00Torr_2.33NitrogenFlow_2420.00MHz.csv,D:\Data\NafisaData\LAS_1.0Torr_2Nitrogen_Freq_Sweep_4\LAS_DataFrame_29660ffb_Laser_True_20260902_132519.csv,035468d0,1.7926963751445952e-12,516.8344313510797,34.14366232457671,5.205834632493891e+16,2.247748645578996e+16,52058346324.93891,22477486455.78996
29660ffb|Scope_TrialNumber_0_50.00W_1.00Torr_2.67NitrogenFlow_2420.00MHz.csv,0.2677176207437122,0.0054009749896420855,0.00024462766857146206,0.0054009749896420855,22.07834878688026,birge,0.01095528004647046,0.006325033883877456,1.2852669399590093,0.007314729353631897,0.001239989661513044,0.007314729353631897,5.899024468241464,birge,0.012075994575120087,0.006972078718678043,3,46.8845059083723,50,1.0,2.6666666666666665,2420.0,0,29660ffb,1.001,50.1,0.0816496580927737,0.4361117166911872,2.127,77.88,Scope_TrialNumber_0_50.00W_1.00Torr_2.67NitrogenFlow_2420.00MHz.csv,D:\Data\NafisaData\LAS_1.0Torr_2Nitrogen_Freq_Sweep_4\LAS_DataFrame_29660ffb_Laser_True_20260902_132519.csv,035468d0,2.0800423787443747e-12,695.7966357672976,7.919855272971843,9.02879124534558e+16,1821481737636285.8,90287912453.45581,1821481737.6362858
29660ffb|Scope_TrialNumber_0_50.00W_1.00Torr_3.00NitrogenFlow_2420.00MHz.csv,0.1223961542565452,0.08387011393597565,0.000175447873428285,0.08387011393597565,478.03437167483185,birge,0.13684063656475337,0.07900497835674011,1.3187509778789948,0.01469121177826759,0.0013428642466137494,0.014691211778267588,10.940206216163599,birge,0.08154886399014485,0.04708225857681831,3,15.64645001967676,50,1.0,3.0,2420.0,0,29660ffb,1.001,49.96666666666667,0.1699673171197595,0.4310100596675861,2.403,77.59,Scope_TrialNumber_0_50.00W_1.00Torr_3.00NitrogenFlow_2420.00MHz.csv,D:\Data\NafisaData\LAS_1.0Torr_2Nitrogen_Freq_Sweep_4\LAS_DataFrame_29660ffb_Laser_True_20260902_132519.csv,035468d0,2.1342320693990444e-12,732.5229583611217,16.320973548826885,4.127816924958301e+16,2.8285241305658756e+16,41278169249.58301,28285241305.658756
29660ffb|Scope_TrialNumber_0_55.00W_1.00Torr_0.00NitrogenFlow_2432.00MHz.csv,0.444592361870385,0.11069936870457521,0.0004198314696525063,0.11069936870457522,263.67572873039,birge,0.7532844700963854,0.43490899158651275,1.8914263679500463,0.22556058666614542,0.0018352838950698703,0.22556058666614542,122.90228627411248,birge,4.765076303029546,2.751118086263215,3,12.983020594885785,55,1.0,0.0,2432.0,0,29660ffb,1.004,54.900000000000006,0.1414213562373048,0.4930583847945515,0.0,79.99,Scope_TrialNumber_0_55.00W_1.00Torr_0.00NitrogenFlow_2432.00MHz.csv,D:\Data\NafisaData\LAS_1.0Torr_2Nitrogen_Freq_Sweep_4\LAS_DataFrame_29660ffb_Laser_True_20260902_132519.csv,035468d0,3.0610349331292378e-12,1506.8656383534633,359.40018937394825,1.4993901460246432e+17,3.733342199324121e+16,149939014602.46432,37333421993.2412
29660ffb|Scope_TrialNumber_0_55.00W_1.00Torr_1.00NitrogenFlow_2426.00MHz.csv,0.21265826189835896,0.09785929912256254,0.000226936309247283,0.09785929912256254,431.2192237863944,birge,0.16402152854517593,0.09469787365845121,1.1803425339916287,0.09304924471287045,0.001157758065509693,0.09304924471287043,80.37019778558512,birge,0.3613559835628162,0.2086289743832739,3,4.242769077190122,55,1.0,1.0,2426.0,0,29660ffb,1.003,55.03333333333333,0.0471404520791088,0.4187145538695833,0.8,79.21,Scope_TrialNumber_0_55.00W_1.00Torr_1.00NitrogenFlow_2426.00MHz.csv,D:\Data\NafisaData\LAS_1.0Torr_2Nitrogen_Freq_Sweep_4\LAS_DataFrame_29660ffb_Laser_True_20260902_132519.csv,035468d0,1.9102354661167987e-12,586.8292678935005,92.52232903653747,7.1719113891139224e+16,3.3003101579155164e+16,71719113891.13922,33003101579.155163
29660ffb|Scope_TrialNumber_0_55.00W_1.00Torr_2.00NitrogenFlow_2422.00MHz.csv,0.23304191697581966,0.04888789726685882,0.00013951182172432383,0.04888789726685882,350.421180532368,birge,0.1395921963154406,0.08059359211949071,1.2809530878666195,0.011904498082774082,0.0007681567453126493,0.011904498082774082,15.497485578843424,birge,0.7218236862928624,0.41674509958863215,3,8.723862034319103,55,1.0,2.0,2422.0,0,29660ffb,1.0019999999999998,54.9,0.0816496580927737,0.4773346065663826,1.604,78.4,Scope_TrialNumber_0_55.00W_1.00Torr_2.00NitrogenFlow_2422.00MHz.csv,D:\Data\NafisaData\LAS_1.0Torr_2Nitrogen_Freq_Sweep_4\LAS_DataFrame_29660ffb_Laser_True_20260902_132519.csv,035468d0,2.073060953416425e-12,691.1337498305991,12.84606044941364,7.859351259527621e+16,1.6487469805692126e+16,78593512595.2762,16487469805.692125
29660ffb|Scope_TrialNumber_0_55.00W_1.00Torr_3.00NitrogenFlow_2420.00MHz.csv,0.10460597155964607,0.0637239873519848,0.00018388910333930284,0.0637239873519848,346.53487452382933,birge,0.10406697672660095,0.060083097026853584,1.1999453212275963,0.030478071839916045,0.0016165081302479047,0.030478071839916045,18.854264491228996,birge,0.23019914307942765,0.13290553722412873,3,26.43097134844366,55,1.0,3.0,2420.0,0,29660ffb,1.001,55.03333333333333,0.0471404520790988,0.4683852237327093,2.396,77.61,Scope_TrialNumber_0_55.00W_1.00Torr_3.00NitrogenFlow_2420.00MHz.csv,D:\Data\NafisaData\LAS_1.0Torr_2Nitrogen_Freq_Sweep_4\LAS_DataFrame_29660ffb_Laser_True_20260902_132519.csv,035468d0,1.9419601039524394e-12,606.4829061533803,30.808786461225434,3.527842050907602e+16,2.149094921446727e+16,35278420509.07602,21490949214.46727
29660ffb|Scope_TrialNumber_0_60.00W_1.00Torr_0.00NitrogenFlow_2434.00MHz.csv,0.2639187272838284,0.0821234395280193,0.00020710481547657914,0.0821234395280193,396.53080658236263,birge,0.16698211510522296,0.09640716910585355,1.2404881273195076,0.056569144280170285,0.0009759894780540709,0.056569144280170285,57.960813668768154,birge,1.729288746012068,0.998405323016658,3,3.9898406079485667,60,1.0,0.0,2434.0,0,29660ffb,1.004,59.96666666666667,0.1247219128924652,0.513133830667098,0.004,79.99,Scope_TrialNumber_0_60.00W_1.00Torr_0.00NitrogenFlow_2434.00MHz.csv,D:\Data\NafisaData\LAS_1.0Torr_2Nitrogen_Freq_Sweep_4\LAS_DataFrame_29660ffb_Laser_True_20260902_132519.csv,035468d0,2.007573520280631e-12,648.1579844437426,59.11502372468672,8.90067335785907e+16,2.769617441647844e+16,89006733578.5907,27696174416.47844
29660ffb|Scope_TrialNumber_0_60.00W_1.00Torr_0.33NitrogenFlow_2430.00MHz.csv,0.00024509491358031254,0.006266782578544626,6.613244920390974e-06,0.006266782578544626,947.6108406664204,birge,0.18178197260740453,0.10495187081870619,0.6197491720606352,0.34531363490950767,,0.34531363490950767,,unweighted,0.5981007602095572,0.34531363490950767,3,9.310098011934278,60,1.0,0.3333333333333333,2430.0,0,29660ffb,1.003,60.03333333333333,0.1247219128924626,0.468690882514242,0.277,79.73,Scope_TrialNumber_0_60.00W_1.00Torr_0.33NitrogenFlow_2430.00MHz.csv,D:\Data\NafisaData\LAS_1.0Torr_2Nitrogen_Freq_Sweep_4\LAS_DataFrame_29660ffb_Laser_True_20260902_132519.csv,035468d0,1.0029858405281733e-12,161.78101723938042,180.28322954120034,82658392221821.34,2113475815468034.8,82658392.22182134,2113475815.4680347
29660ffb|Scope_TrialNumber_0_60.00W_1.00Torr_0.67NitrogenFlow_2430.00MHz.csv,0.28161915307242735,0.08336801981932208,0.00026665651000902003,0.08336801981932208,312.6419820633745,birge,0.9134530331009922,0.527382354552938,1.2435594917016493,0.04748067484164911,0.0011898254832835862,0.04748067484164911,39.90557901871097,birge,7.742933376706167,4.470384669358644,3,10.920606942887014,60,1.0,0.6666666666666666,2430.0,0,29660ffb,1.003,60.2,4.1023203976182695e-15,0.4759747232370086,0.529,79.47,Scope_TrialNumber_0_60.00W_1.00Torr_0.67NitrogenFlow_2430.00MHz.csv,D:\Data\NafisaData\LAS_1.0Torr_2Nitrogen_Freq_Sweep_4\LAS_DataFrame_29660ffb_Laser_True_20260902_132519.csv,035468d0,2.0125441360156193e-12,651.3715481351284,49.74037974779202,9.497621175320744e+16,2.81159097931424e+16,94976211753.20744,28115909793.1424
29660ffb|Scope_TrialNumber_0_60.00W_1.00Torr_1.00NitrogenFlow_2432.00MHz.csv,0.18002252369708283,0.11142274364722572,0.0002657509195666448,0.11142274364722572,419.2751010191075,birge,0.1799732070471128,0.10390757953557084,1.2885896061945017,0.1140818417311218,0.0015608510479017419,0.11408184173112179,73.08951221481541,birge,0.36426976089322943,0.21031124450934663,3,2.917623532453594,60,1.0,1.0,2432.0,0,29660ffb,1.0019999999999998,60.06666666666666,0.2054804667656293,0.4360179930141452,0.796,79.19,Scope_TrialNumber_0_60.00W_1.00Torr_1.00NitrogenFlow_2432.00MHz.csv,D:\Data\NafisaData\LAS_1.0Torr_2Nitrogen_Freq_Sweep_4\LAS_DataFrame_29660ffb_Laser_True_20260902_132519.csv,035468d0,2.0854196948219726e-12,699.3988265233495,123.83881703035503,6.0712693524093096e+16,3.757738058405647e+16,60712693524.093094,37577380584.05647
29660ffb|Scope_TrialNumber_0_60.00W_1.00Torr_2.00NitrogenFlow_2424.00MHz.csv,0.26353381456207875,0.02259165574378505,0.00015283061250164864,0.02259165574378505,147.82153505758765,birge,0.15094779702739408,0.08714975124734697,1.2655066557421806,0.05917575944760994,0.0007683714605891071,0.05917575944760994,77.01452029756562,birge,1.4457483666067195,0.8347032086408512,3,6.918939742814754,60,1.0,2.0,2424.0,0,29660ffb,1.0019999999999998,59.96666666666667,0.0471404520791055,0.4630442755865272,1.606,78.39,Scope_TrialNumber_0_60.00W_1.00Torr_2.00NitrogenFlow_2424.00MHz.csv,D:\Data\NafisaData\LAS_1.0Torr_2Nitrogen_Freq_Sweep_4\LAS_DataFrame_29660ffb_Laser_True_20260902_132519.csv,035468d0,2.0480628519167815e-12,674.5661099289897,63.08613498244661,8.887692155491062e+16,7619048123568025.0,88876921554.91061,7619048123.568025
29660ffb|Scope_TrialNumber_0_60.00W_1.00Torr_3.00NitrogenFlow_2424.00MHz.csv,0.11032009825784152,0.07114850588042522,0.00019929455432063484,0.07114850588042522,357.0017561340789,birge,0.11670745279540673,0.06738107928786362,1.3381918090882041,0.022766560013002413,0.001794287889770133,0.022766560013002413,12.688354049984166,birge,0.11096308627885972,0.06406456773321133,3,22.87781547789205,60,1.0,3.0,2424.0,0,29660ffb,1.001,60.03333333333333,0.1247219128924639,0.4761377738810133,2.401,77.61,Scope_TrialNumber_0_60.00W_1.00Torr_3.00NitrogenFlow_2424.00MHz.csv,D:\Data\NafisaData\LAS_1.0Torr_2Nitrogen_Freq_Sweep_4\LAS_DataFrame_29660ffb_Laser_True_20260902_132519.csv,035468d0,2.1656946018395516e-12,754.2796413405833,25.665009462084438,3.720551282986322e+16,2.3994872105469708e+16,37205512829.86321,23994872105.469707
29660ffb|Scope_TrialNumber_0_65.00W_1.00Torr_0.00NitrogenFlow_2436.00MHz.csv,0.2622653419208967,0.05558674992360396,0.00019499347148291583,0.05558674992360396,285.06980003417266,birge,0.1391650096994659,0.08034695581176353,1.158593984540683,0.04093468322800718,0.0009185978406142311,0.04093468322800718,44.56213744268736,birge,1.9320723598891867,1.1154824970758574,3,4.683195237676739,65,1.0,0.0,2436.0,0,29660ffb,1.004,65.10000000000001,0.2160246899469229,0.5295235292435474,0.0,79.99,Scope_TrialNumber_0_65.00W_1.00Torr_0.00NitrogenFlow_2436.00MHz.csv,D:\Data\NafisaData\LAS_1.0Torr_2Nitrogen_Freq_Sweep_4\LAS_DataFrame_29660ffb_Laser_True_20260902_132519.csv,035468d0,1.8750381828694545e-12,565.4031059823925,39.95290386165112,8.844912847032211e+16,1.8746661488819356e+16,88449128470.32211,18746661488.819355
29660ffb|Scope_TrialNumber_0_65.00W_1.00Torr_1.00NitrogenFlow_2432.00MHz.csv,0.15047090825905393,0.10779926095082479,0.00020876512801436278,0.10779926095082477,516.3662244558791,birge,0.17812839690237692,0.10284247790190382,1.2151436815996093,0.10509806750662555,0.0013030360370526236,0.10509806750662555,80.65630152819874,birge,0.3575286450934625,0.20641925948771275,3,3.7671662363690612,65,1.0,1.0,2432.0,0,29660ffb,1.0019999999999998,64.96666666666667,0.1699673171197498,0.4644290072655758,0.795,79.21,Scope_TrialNumber_0_65.00W_1.00Torr_1.00NitrogenFlow_2432.00MHz.csv,D:\Data\NafisaData\LAS_1.0Torr_2Nitrogen_Freq_Sweep_4\LAS_DataFrame_29660ffb_Laser_True_20260902_132519.csv,035468d0,1.9665567326202743e-12,621.9434771570363,107.58408003489657,5.074639522772065e+16,3.6355359084087864e+16,50746395227.72064,36355359084.08786
29660ffb|Scope_TrialNumber_0_65.00W_1.00Torr_1.33NitrogenFlow_2430.00MHz.csv,0.2301822803861888,0.0963250748043689,0.00036380699178223917,0.09632507480436889,264.76971850509506,birge,0.169332070421953,0.09776391644055124,1.2298559371916356,0.02755879095813795,0.001851897376088143,0.02755879095813795,14.881381287094746,birge,0.3669513482554499,0.21185945969478012,3,64.28956019260904,65,1.0,1.3333333333333333,2430.0,0,29660ffb,1.0019999999999998,65.10000000000001,0.0816496580927737,0.4299897088432848,1.072,78.96,Scope_TrialNumber_0_65.00W_1.00Torr_1.33NitrogenFlow_2430.00MHz.csv,D:\Data\NafisaData\LAS_1.0Torr_2Nitrogen_Freq_Sweep_4\LAS_DataFrame_29660ffb_Laser_True_20260902_132519.csv,035468d0,1.990366662034089e-12,637.0949101058428,28.552231065685866,7.762909860812046e+16,3.24856835977006e+16,77629098608.12045,32485683597.7006
29660ffb|Scope_TrialNumber_0_65.00W_1.00Torr_2.00NitrogenFlow_2424.00MHz.csv,0.31140618631067546,0.01284851079310796,0.00015856936104808803,0.01284851079310796,81.02770111567453,birge,0.14137477518069091,0.08162276450719473,1.3675937169564674,0.044606229277517506,0.0007078674292471482,0.044606229277517506,63.01494804607471,birge,1.4216662780576688,0.8207994083344085,3,4.87687029290405,65,1.0,2.0,2424.0,0,29660ffb,1.0019999999999998,65.8,0.2449489742783155,0.4004401072625542,1.606,78.41,Scope_TrialNumber_0_65.00W_1.00Torr_2.00NitrogenFlow_2424.00MHz.csv,D:\Data\NafisaData\LAS_1.0Torr_2Nitrogen_Freq_Sweep_4\LAS_DataFrame_29660ffb_Laser_True_20260902_132519.csv,035468d0,2.213277880052462e-12,787.78887786666,51.38995722589596,1.0502190483008456e+17,4333167217095326.5,105021904830.08455,4333167217.095326
29660ffb|Scope_TrialNumber_0_65.00W_1.00Torr_3.00NitrogenFlow_2424.00MHz.csv,0.1185285240074365,0.06897722841173742,0.00022907708474567963,0.06897722841173742,301.1092466464537,birge,0.1105610763803143,0.06383246721006924,1.3062655811528396,0.03192302060032253,0.0019606766733053786,0.03192302060032253,16.28163431276283,birge,0.1702479643158888,0.0982927080267642,3,32.767753771712854,65,1.0,3.0,2424.0,0,29660ffb,1.001,65.03333333333333,0.1699673171197498,0.4745307223291175,2.396,77.62,Scope_TrialNumber_0_65.00W_1.00Torr_3.00NitrogenFlow_2424.00MHz.csv,D:\Data\NafisaData\LAS_1.0Torr_2Nitrogen_Freq_Sweep_4\LAS_DataFrame_29660ffb_Laser_True_20260902_132519.csv,035468d0,2.114026030094348e-12,718.7181607041869,35.128621592764986,3.997380885535944e+16,2.3262607604311916e+16,39973808855.359436,23262607604.311916
29660ffb|Scope_TrialNumber_0_70.00W_1.00Torr_0.00NitrogenFlow_2436.00MHz.csv,0.26742411222089785,0.07338371700771706,0.0002559467684636253,0.07338371700771706,286.7147627931322,birge,0.3498572475872521,0.20199017607244157,1.2636203260375523,0.05412868392288034,0.0012376218133844752,0.054128683922880345,43.73604548457075,birge,3.992552554374527,2.3051012920218614,3,6.059069526544187,70,1.0,0.0,2436.0,0,29660ffb,1.004,69.9,0.0,0.5412826713160319,-0.003,80.0,Scope_TrialNumber_0_70.00W_1.00Torr_0.00NitrogenFlow_2436.00MHz.csv,D:\Data\NafisaData\LAS_1.0Torr_2Nitrogen_Freq_Sweep_4\LAS_DataFrame_29660ffb_Laser_True_20260902_132519.csv,035468d0,2.045010065290187e-12,672.5566289950979,57.61953086853349,9.0188926545324e+16,2.4748698267585172e+16,90188926545.32399,24748698267.58517
29660ffb|Scope_TrialNumber_0_70.00W_1.00Torr_1.00NitrogenFlow_2432.00MHz.csv,0.24720507543052905,0.08339663382727108,0.00018038099129308088,0.08339663382727108,462.3360434457821,birge,0.16406921540704722,0.09472540568098942,1.166623796556695,0.05152114919707365,0.0008481842900315519,0.05152114919707365,60.742871334196835,birge,0.3348083149742623,0.19330167077731536,3,3.413630983786359,70,1.0,1.0,2432.0,0,29660ffb,1.003,70.03333333333335,0.1699673171197628,0.4866546565771564,0.806,79.21,Scope_TrialNumber_0_70.00W_1.00Torr_1.00NitrogenFlow_2432.00MHz.csv,D:\Data\NafisaData\LAS_1.0Torr_2Nitrogen_Freq_Sweep_4\LAS_DataFrame_29660ffb_Laser_True_20260902_132519.csv,035468d0,1.888033420486932e-12,573.2674891489165,50.63397459480466,8.337004544758102e+16,2.8125559882805776e+16,83370045447.58102,28125559882.805775
29660ffb|Scope_TrialNumber_0_70.00W_1.00Torr_1.67NitrogenFlow_2430.00MHz.csv,0.2806394128127691,0.055389492227512334,0.00016010950275446078,0.055389492227512334,345.94756260317683,birge,0.17408701983593644,0.10050918776469762,1.3109870307481521,0.004831553829294793,0.0007093428900856899,0.004831553829294793,6.811309307281747,birge,0.44946584137023454,0.2594992245066466,3,7.675169202814429,70,1.0,1.6666666666666663,2430.0,0,29660ffb,1.0019999999999998,70.06666666666668,0.0471404520791038,0.4282191852216876,1.339,78.67,Scope_TrialNumber_0_70.00W_1.00Torr_1.67NitrogenFlow_2430.00MHz.csv,D:\Data\NafisaData\LAS_1.0Torr_2Nitrogen_Freq_Sweep_4\LAS_DataFrame_29660ffb_Laser_True_20260902_132519.csv,035468d0,2.1216671005537414e-12,723.9231117699785,5.33593910656949,9.464579382051622e+16,1.8680136224079536e+16,94645793820.51622,18680136224.079536
29660ffb|Scope_TrialNumber_0_70.00W_1.00Torr_2.00NitrogenFlow_2426.00MHz.csv,0.2847772216206596,0.01395155915294838,0.0001614481092027563,0.01395155915294838,86.41512881037936,birge,0.15687964570996088,0.09057450568101903,1.2675023217934627,0.007052312688195081,0.0007670214023467296,0.007052312688195081,9.194414479984882,birge,1.7879204813161487,1.0322563711775237,3,11.35058615737681,70,1.0,2.0,2426.0,0,29660ffb,1.0019999999999998,69.9,0.0816496580927737,0.4144865889690242,1.6,78.41,Scope_TrialNumber_0_70.00W_1.00Torr_2.00NitrogenFlow_2426.00MHz.csv,D:\Data\NafisaData\LAS_1.0Torr_2Nitrogen_Freq_Sweep_4\LAS_DataFrame_29660ffb_Laser_True_20260902_132519.csv,035468d0,2.0512925856253455e-12,676.6953285216905,7.530190626591198,9.604127207987816e+16,4705170873292989.0,96041272079.87816,4705170873.292989
29660ffb|Scope_TrialNumber_0_70.00W_1.00Torr_3.00NitrogenFlow_2424.00MHz.csv,0.1458794776572421,0.07006470833939361,0.00031599429264974753,0.07006470833939361,221.72776524497013,birge,0.11529332855469332,0.06656463427682016,1.3789933429332688,0.05512194095327833,0.002417881786870055,0.055121940953278326,22.79761618314418,birge,0.27721684205638153,0.16005121838514985,3,37.19251669843463,70,1.0,3.0,2424.0,0,29660ffb,1.001,70.03333333333333,0.1247219128924639,0.4641759301460217,2.393,77.61,Scope_TrialNumber_0_70.00W_1.00Torr_3.00NitrogenFlow_2424.00MHz.csv,D:\Data\NafisaData\LAS_1.0Torr_2Nitrogen_Freq_Sweep_4\LAS_DataFrame_29660ffb_Laser_True_20260902_132519.csv,035468d0,2.2317267363922492e-12,800.9768986608669,64.03424866288256,4.919793277291138e+16,2.3629360798331624e+16,49197932772.91138,23629360798.331623
29660ffb|Scope_TrialNumber_0_75.00W_1.00Torr_0.00NitrogenFlow_2436.00MHz.csv,0.24654741328147634,0.09029996871550411,0.0002868485577520357,0.09029996871550411,314.80014898162153,birge,0.7003982002545365,0.40437508945688605,1.3099735689202063,0.06782266867125963,0.0014846377808674718,0.06782266867125963,45.68297368239608,birge,4.570862459249166,2.6389886712762607,3,9.945470464331471,75,1.0,0.0,2436.0,0,29660ffb,1.004,74.9,0.1632993161855417,0.54990081054109,0.005,80.0,Scope_TrialNumber_0_75.00W_1.00Torr_0.00NitrogenFlow_2436.00MHz.csv,D:\Data\NafisaData\LAS_1.0Torr_2Nitrogen_Freq_Sweep_4\LAS_DataFrame_29660ffb_Laser_True_20260902_132519.csv,035468d0,2.120026940454832e-12,722.8042832219796,74.84504508826117,8.314824853196274e+16,3.0453713309144296e+16,83148248531.96274,30453713309.144295
29660ffb|Scope_TrialNumber_0_75.00W_1.00Torr_1.00NitrogenFlow_2428.00MHz.csv,0.2354169681990637,0.08943860789280524,0.00021795101056358072,0.08943860789280524,410.36106077936347,birge,0.1626823536357824,0.09392470066402087,1.2153163937946527,0.06489030049570457,0.0010955063338397284,0.06489030049570457,59.23315866943948,birge,0.32050980012837094,0.18504641938202812,3,3.482717928723218,75,1.0,1.0,2428.0,0,29660ffb,1.0019999999999998,75.03333333333333,0.0471404520791004,0.4736328636880123,0.802,79.2,Scope_TrialNumber_0_75.00W_1.00Torr_1.00NitrogenFlow_2428.00MHz.csv,D:\Data\NafisaData\LAS_1.0Torr_2Nitrogen_Freq_Sweep_4\LAS_DataFrame_29660ffb_Laser_True_20260902_132519.csv,035468d0,1.9668362455166597e-12,622.1202872882716,66.43467099223724,7.939449990541674e+16,3.0163218905620804e+16,79394499905.41673,30163218905.620804
29660ffb|Scope_TrialNumber_0_75.00W_1.00Torr_2.00NitrogenFlow_2430.00MHz.csv,0.29105555339904016,0.0014185888194968212,0.00015486850835913323,0.0014185888194968212,9.159956627251658,birge,0.07930295422701629,0.04578558197050043,1.2748042588105224,0.01864450934109263,0.0006970344830516253,0.01864450934109263,26.748331387375192,birge,2.429965986674101,1.4029415165279266,3,7.677656028939085,75,1.0,2.0,2430.0,0,29660ffb,1.0019999999999998,75.03333333333332,0.1699673171197609,0.4280613648326119,1.605,78.4,Scope_TrialNumber_0_75.00W_1.00Torr_2.00NitrogenFlow_2430.00MHz.csv,D:\Data\NafisaData\LAS_1.0Torr_2Nitrogen_Freq_Sweep_4\LAS_DataFrame_29660ffb_Laser_True_20260902_132519.csv,035468d0,2.063109849393828e-12,684.5145165282008,20.02258340340305,9.815864286923995e+16,478419846950580.06,98158642869.23994,478419846.95058006
29660ffb|Scope_TrialNumber_0_75.00W_1.00Torr_2.67NitrogenFlow_2420.00MHz.csv,0.29579275784463466,0.012985648577039516,0.00039723562683583515,0.012985648577039516,32.690040116683875,birge,0.05183511739652241,0.02992701898235807,1.4145030644127812,0.05779817334948821,0.0019149127694705287,0.05779817334948821,30.183188639694194,birge,2.2367479631859126,1.291387038654734,3,52.7964554052598,75,1.0,2.6666666666666665,2420.0,0,29660ffb,1.001,74.93333333333334,0.0942809041582009,0.4443300310888074,2.13,77.86,Scope_TrialNumber_0_75.00W_1.00Torr_2.67NitrogenFlow_2420.00MHz.csv,D:\Data\NafisaData\LAS_1.0Torr_2Nitrogen_Freq_Sweep_4\LAS_DataFrame_29660ffb_Laser_True_20260902_132519.csv,035468d0,2.289194740305235e-12,842.7590727633371,68.87215193082784,9.975626763174077e+16,4379417008929263.0,99756267631.74077,4379417008.929263
29660ffb|Scope_TrialNumber_0_75.00W_1.00Torr_3.00NitrogenFlow_2422.00MHz.csv,0.2547942482188521,0.012169065170726367,0.0002893164971613767,0.012169065170726367,42.061428539758076,birge,0.0267602102926743,0.015450014616046504,1.289143541583499,0.08330868056696136,0.001524562055218557,0.08330868056696136,54.64433558594534,birge,0.1635325632952595,0.0944155694397876,3,23.75330679670506,75,1.0,3.0,2422.0,0,29660ffb,1.001,76.23333333333333,0.0942809041582009,0.4088349341131141,2.4,77.61,Scope_TrialNumber_0_75.00W_1.00Torr_3.00NitrogenFlow_2422.00MHz.csv,D:\Data\NafisaData\LAS_1.0Torr_2Nitrogen_Freq_Sweep_4\LAS_DataFrame_29660ffb_Laser_True_20260902_132519.csv,035468d0,2.0863161693584123e-12,700.0002670922897,90.47262274043982,8.59294980768206e+16,4104023813310188.0,85929498076.8206,4104023813.310188
29660ffb|Scope_TrialNumber_0_80.00W_1.00Torr_0.00NitrogenFlow_2434.00MHz.csv,0.23087999596775735,0.07799890480911076,0.0001752521398211936,0.07799890480911076,445.0667757249158,birge,0.15597284447413468,0.09005096374341329,1.2457032188200878,0.04334160195049852,0.0009360917940186504,0.04334160195049852,46.30058956550899,birge,1.1248385165682,0.6494258203355097,3,4.32433542461465,80,1.0,0.0,2434.0,0,29660ffb,1.004,80.03333333333333,0.0471404520791004,0.5469747961353253,-0.007,80.01,Scope_TrialNumber_0_80.00W_1.00Torr_0.00NitrogenFlow_2434.00MHz.csv,D:\Data\NafisaData\LAS_1.0Torr_2Nitrogen_Freq_Sweep_4\LAS_DataFrame_29660ffb_Laser_True_20260902_132519.csv,035468d0,2.0160134878803444e-12,653.6192354084562,45.48259055651349,7.786440356552699e+16,2.6305172850808056e+16,77864403565.527,26305172850.808056
29660ffb|Scope_TrialNumber_0_80.00W_1.00Torr_1.00NitrogenFlow_2432.00MHz.csv,0.22273766504715434,0.10176983087806013,0.0002816936444474787,0.10176983087806013,361.2784061126908,birge,0.1693227103735353,0.09775851241407765,1.2693089522605847,0.10864155375834812,0.0014822474641591223,0.10864155375834812,73.29515238535448,birge,0.3978870587599003,0.2297202004820969,3,4.977337423684341,80,1.0,1.0,2432.0,0,29660ffb,1.0019999999999998,80.13333333333334,0.1699673171197563,0.4759330527957766,0.805,79.21,Scope_TrialNumber_0_80.00W_1.00Torr_1.00NitrogenFlow_2432.00MHz.csv,D:\Data\NafisaData\LAS_1.0Torr_2Nitrogen_Freq_Sweep_4\LAS_DataFrame_29660ffb_Laser_True_20260902_132519.csv,035468d0,2.0542163890917783e-12,678.6257544421326,116.16865421412174,7.511839805687115e+16,3.4321930529621692e+16,75118398056.87115,34321930529.62169
29660ffb|Scope_TrialNumber_0_80.00W_1.00Torr_2.00NitrogenFlow_2432.00MHz.csv,0.30050637972284305,0.010513596976518033,0.00017855413101118954,0.010513596976518033,58.881846737330164,birge,0.1257504491065019,0.07260205564235521,1.3073416897711676,0.028655203539642304,0.0008104428031738163,0.028655203539642304,35.357465606979545,birge,1.680665026207688,0.9703324052985982,3,14.38668136763626,80,1.0,2.0,2432.0,0,29660ffb,1.0019999999999998,80.06666666666666,0.1699673171197674,0.4497304882487374,1.602,78.4,Scope_TrialNumber_0_80.00W_1.00Torr_2.00NitrogenFlow_2432.00MHz.csv,D:\Data\NafisaData\LAS_1.0Torr_2Nitrogen_Freq_Sweep_4\LAS_DataFrame_29660ffb_Laser_True_20260902_132519.csv,035468d0,2.1157675761192737e-12,719.9028162464207,31.558638249979953,1.0134593916063048e+17,3545716269066584.0,101345939160.63048,3545716269.0665836
29660ffb|Scope_TrialNumber_0_80.00W_1.00Torr_2.33NitrogenFlow_2430.00MHz.csv,0.2567401970084612,0.06330507109527889,0.0001276512561848257,0.06330507109527889,495.9220378029007,birge,0.16311638026397848,0.09417528605464534,1.3143422823519564,0.04977195941249877,0.000681141044501582,0.04977195941249876,73.07144359347613,birge,0.4362141790663749,0.25184837370830315,3,10.431854788426465,80,1.0,2.333333333333333,2430.0,0,29660ffb,1.001,79.96666666666667,0.0471404520791004,0.427344224382121,1.87,78.14,Scope_TrialNumber_0_80.00W_1.00Torr_2.33NitrogenFlow_2430.00MHz.csv,D:\Data\NafisaData\LAS_1.0Torr_2Nitrogen_Freq_Sweep_4\LAS_DataFrame_29660ffb_Laser_True_20260902_132519.csv,035468d0,2.1270971519386194e-12,727.6333733706578,55.108534835807774,8.658577035903742e+16,2.134966948022445e+16,86585770359.03741,21349669480.224445
29660ffb|Scope_TrialNumber_0_80.00W_1.00Torr_3.00NitrogenFlow_2422.00MHz.csv,0.13281455809366624,0.07845630742847184,0.00026355454180478793,0.07845630742847184,297.6852794537823,birge,0.12624461987854238,0.07288736527061843,1.2581577880925632,0.023207324293569625,0.0019353394131228423,0.023207324293569625,11.991345877735494,birge,0.13057479475850012,0.07538739290320018,3,48.08999718184047,80,1.0,3.0,2422.0,0,29660ffb,1.001,80.13333333333334,0.0942809041582076,0.4308557101316435,2.403,77.61,Scope_TrialNumber_0_80.00W_1.00Torr_3.00NitrogenFlow_2422.00MHz.csv,D:\Data\NafisaData\LAS_1.0Torr_2Nitrogen_Freq_Sweep_4\LAS_DataFrame_29660ffb_Laser_True_20260902_132519.csv,035468d0,2.0361696368407944e-12,666.7543716180871,24.597208828242433,4.4791781580880504e+16,2.645943213168068e+16,44791781580.8805,26459432131.68068
