run_id,timestamp,date,pressure,Measured Pressure,Argon_Gas_Flow,Nitrogen_Gas_Flow,Nitrogen_Percent,power,frequency,Temperaure3,forward_power,forward_power_error,reverse_power,reverse_power_error,delivered_power,delivered_power_error,gamma,gamma_error,ScopeFileLocation,ScopeFileLocation_Off_Loop,Laser_On?,row_uid,T_gas_K,T_gas_K_stat,T_gas_K_sys,T_gas_K_err,N_s_cm3,N_s_cm3_stat,N_s_cm3_sys,N_s_cm3_err,fwhm_GHz,fwhm_GHz_err,area_GHz,area_GHz_err,n_periods_used,chi2_median,fwhm_birge
33a310dd,2026-09-22 15:12:57.063318,2026-09-22,0.7,0.708,79.2,0.804,1.0,30,2420,44.9,37.1,0.0816496580927737,7.099999999999999,8.881784197001252e-16,30.0,0.0816496580927737,0.437464693743467,0.0004813876592501,Data\NafisaData\LAS_Nafisa_Requested_Data_0.7Torr\OscopeData_Laser_True\Scope_TrialNumber_0_30.00W_0.70Torr_1.00NitrogenFlow_2420.00MHz.csv,Data\NafisaData\LAS_Nafisa_Requested_Data_0.7Torr\OscopeData_Laser_True\Plasma_Off_Measuremnt_1.0.csv,True,33a310dd|Scope_TrialNumber_0_30.00W_0.70Torr_1.00NitrogenFlow_2420.00MHz.csv,910.3734351489466,35.76420676912061,9.103734351489466,36.90469434864489,109631881931.65125,2074318465.5839038,13393498677.453259,13553176893.983364,1.4701510640042927,0.019148544001033867,0.3250754812115921,0.0038711407190399117,3,2.614624496734365,0.35912996629648003
33a310dd,2026-09-22 15:13:15.442183,2026-09-22,0.7,0.708,79.19,0.805,1.0,35,2420,45.9,43.46666666666667,0.0471404520791038,8.5,0.0,34.96666666666667,0.0471404520791038,0.4422129801957014,0.000239932400202,Data\NafisaData\LAS_Nafisa_Requested_Data_0.7Torr\OscopeData_Laser_True\Scope_TrialNumber_0_35.00W_0.70Torr_1.00NitrogenFlow_2420.00MHz.csv,Data\NafisaData\LAS_Nafisa_Requested_Data_0.7Torr\OscopeData_Laser_True\Plasma_Off_Measuremnt_1.0.csv,True,33a310dd|Scope_TrialNumber_0_35.00W_0.70Torr_1.00NitrogenFlow_2420.00MHz.csv,857.1367926235241,49.05583183888729,8.571367926235242,49.79902594963161,120501944881.35027,3555205341.7063403,14721471628.162914,15144676025.603947,1.426517957725998,0.03177174252165841,0.3573068985868469,0.0083614079320136,3,2.8043560078415397,1.748882609380247
33a310dd,2026-09-22 15:13:33.814954,2026-09-22,0.7,0.708,79.21,0.8,1.0,40,2420,47.1,50.4,0.1414213562373115,10.4,0.0,40.0,0.1414213562373115,0.4542581015982319,0.0006363738357312,Data\NafisaData\LAS_Nafisa_Requested_Data_0.7Torr\OscopeData_Laser_True\Scope_TrialNumber_0_40.00W_0.70Torr_1.00NitrogenFlow_2420.00MHz.csv,Data\NafisaData\LAS_Nafisa_Requested_Data_0.7Torr\OscopeData_Laser_True\Plasma_Off_Measuremnt_1.0.csv,True,33a310dd|Scope_TrialNumber_0_40.00W_0.70Torr_1.00NitrogenFlow_2420.00MHz.csv,927.4244659748122,49.34681033385601,9.274244659748122,50.210748890396225,126798847328.89061,3569430984.691106,15490751085.171259,15896672819.71946,1.4838549461070087,0.02177092971655193,0.3759781879710133,0.006511276313821415,3,3.283257374761083,1.13321597575494
33a310dd,2026-09-22 15:13:52.077937,2026-09-22,0.7,0.708,79.21,0.803,1.0,45,2420,48.9,60.833333333333336,0.1247219128924639,15.800000000000002,1.7763568394002505e-15,45.03333333333334,0.1247219128924639,0.5096340311142991,0.0005221265050064,Data\NafisaData\LAS_Nafisa_Requested_Data_0.7Torr\OscopeData_Laser_True\Scope_TrialNumber_0_45.00W_0.70Torr_1.00NitrogenFlow_2420.00MHz.csv,Data\NafisaData\LAS_Nafisa_Requested_Data_0.7Torr\OscopeData_Laser_True\Plasma_Off_Measuremnt_1.0.csv,True,33a310dd|Scope_TrialNumber_0_45.00W_0.70Torr_1.00NitrogenFlow_2420.00MHz.csv,928.4250560504072,39.07322973273365,9.284250560504072,40.16110793064854,99576598235.43578,2014023761.08376,12165065611.142847,12330657445.311676,1.4846551893275453,0.020927613219734322,0.2952600103041039,0.003792503154962908,3,2.465293998889321,0.5670898206968448
33a310dd,2026-09-22 15:14:10.282775,2026-09-22,0.7,0.708,79.19,0.803,1.0,50,2420,50.5,67.66666666666667,0.1885618083164086,17.8,0.0816496580927723,49.86666666666667,0.1247219128924633,0.5128868092892197,0.0006610855048712,Data\NafisaData\LAS_Nafisa_Requested_Data_0.7Torr\OscopeData_Laser_True\Scope_TrialNumber_0_50.00W_0.70Torr_1.00NitrogenFlow_2420.00MHz.csv,Data\NafisaData\LAS_Nafisa_Requested_Data_0.7Torr\OscopeData_Laser_True\Plasma_Off_Measuremnt_1.0.csv,True,33a310dd|Scope_TrialNumber_0_50.00W_0.70Torr_1.00NitrogenFlow_2420.00MHz.csv,966.823545358116,41.09472865473969,9.66823545358116,42.216720621011845,99497523066.07457,2056315501.818463,12155405162.397482,12328110483.97354,1.515045875779748,0.018587050823094704,0.2950255402003434,0.003311258544155773,3,2.1086367913507615,0.44150688243928665
33a310dd,2026-09-22 15:14:28.773692,2026-09-22,0.7,0.708,79.21,0.791,1.0,55,2420,51.3,69.3,0.4320493798938569,14.666666666666666,2.357022603955158,54.63333333333333,2.7824849006278933,0.4587444383732402,0.0375648060633276,Data\NafisaData\LAS_Nafisa_Requested_Data_0.7Torr\OscopeData_Laser_True\Scope_TrialNumber_0_55.00W_0.70Torr_1.00NitrogenFlow_2420.00MHz.csv,Data\NafisaData\LAS_Nafisa_Requested_Data_0.7Torr\OscopeData_Laser_True\Plasma_Off_Measuremnt_1.0.csv,True,33a310dd|Scope_TrialNumber_0_55.00W_0.70Torr_1.00NitrogenFlow_2420.00MHz.csv,930.6246682909347,46.98408720753043,9.306246682909347,47.89687545182865,104974338521.0124,2866153013.9894795,12824496299.573227,13140872818.704561,1.4864128615010488,0.020752789968103855,0.3112651448495727,0.0054197449916684095,3,2.485900000916988,1.0305218460407504
33a310dd,2026-09-22 15:14:47.057256,2026-09-22,0.7,0.708,79.19,0.801,1.0,60,2420,52.1,76.23333333333333,0.124721912892469,16.133333333333333,0.0471404520791021,60.1,0.1414213562373132,0.4600337227985305,0.0008292739972203,Data\NafisaData\LAS_Nafisa_Requested_Data_0.7Torr\OscopeData_Laser_True\Scope_TrialNumber_0_60.00W_0.70Torr_1.00NitrogenFlow_2420.00MHz.csv,Data\NafisaData\LAS_Nafisa_Requested_Data_0.7Torr\OscopeData_Laser_True\Plasma_Off_Measuremnt_1.0.csv,True,33a310dd|Scope_TrialNumber_0_60.00W_0.70Torr_1.00NitrogenFlow_2420.00MHz.csv,957.9556319642335,36.74631841845736,9.579556319642334,37.97446268996914,110287727415.32834,2043757260.865852,13473621954.217941,13627744945.75407,1.5080817065489547,0.018332642134446322,0.32702016447753923,0.003631584193394176,3,2.2851194509863695,0.48438386066250966
33a310dd,2026-09-22 15:15:05.214835,2026-09-22,0.7,0.708,79.21,0.803,1.0,65,2420,53.1,85.33333333333333,0.3091206165165192,20.4,0.2160246899469284,64.93333333333334,0.0942809041582009,0.4889310186278788,0.001710863048269,Data\NafisaData\LAS_Nafisa_Requested_Data_0.7Torr\OscopeData_Laser_True\Scope_TrialNumber_0_65.00W_0.70Torr_1.00NitrogenFlow_2420.00MHz.csv,Data\NafisaData\LAS_Nafisa_Requested_Data_0.7Torr\OscopeData_Laser_True\Plasma_Off_Measuremnt_1.0.csv,True,33a310dd|Scope_TrialNumber_0_65.00W_0.70Torr_1.00NitrogenFlow_2420.00MHz.csv,959.8011723231876,40.83324533561681,9.598011723231876,41.946105345764444,110499569946.96796,2630386784.9026165,13499502315.08881,13753381307.637714,1.5095336978268703,0.023825466809135186,0.32764831033894815,0.0062449585912287145,3,2.517456157156115,1.1688723682949054
33a310dd,2026-09-22 15:15:23.636087,2026-09-22,0.7,0.708,79.21,0.797,1.0,70,2420,54.2,94.86666666666667,0.1247219128924639,25.0,0.1632993161855446,69.86666666666667,0.0471404520791071,0.513346059995394,0.0013466935511271,Data\NafisaData\LAS_Nafisa_Requested_Data_0.7Torr\OscopeData_Laser_True\Scope_TrialNumber_0_70.00W_0.70Torr_1.00NitrogenFlow_2420.00MHz.csv,Data\NafisaData\LAS_Nafisa_Requested_Data_0.7Torr\OscopeData_Laser_True\Plasma_Off_Measuremnt_1.0.csv,True,33a310dd|Scope_TrialNumber_0_70.00W_0.70Torr_1.00NitrogenFlow_2420.00MHz.csv,948.6820470572832,38.47306458166036,9.486820470572832,39.62545218600651,109285429853.16296,2140455351.9983947,13351173348.604788,13521663318.482431,1.5007643868892693,0.019283953938280897,0.32404819723044553,0.0038005548063496336,3,2.2699141102795135,0.5632703786135584
33a310dd,2026-09-22 15:15:41.885037,2026-09-22,0.7,0.708,79.2,0.807,1.0,75,2420,55.5,105.13333333333333,0.0471404520791071,30.266666666666666,0.0471404520791038,74.86666666666666,0.0471404520791038,0.5365521541607116,0.0003727220626885,Data\NafisaData\LAS_Nafisa_Requested_Data_0.7Torr\OscopeData_Laser_True\Scope_TrialNumber_0_75.00W_0.70Torr_1.00NitrogenFlow_2420.00MHz.csv,Data\NafisaData\LAS_Nafisa_Requested_Data_0.7Torr\OscopeData_Laser_True\Plasma_Off_Measuremnt_1.0.csv,True,33a310dd|Scope_TrialNumber_0_75.00W_0.70Torr_1.00NitrogenFlow_2420.00MHz.csv,997.7219290786215,52.006139333908635,9.977219290786216,52.95454119520209,112742460565.52687,2983298522.354557,13773511590.529957,14092895075.460752,1.5390648981102095,0.026921839631544042,0.3342988278187772,0.006044479376555582,3,2.253032967355698,1.4463901675497441
33a310dd,2026-09-22 15:16:00.146709,2026-09-22,0.7,0.708,79.2,0.804,1.0,80,2420,56.4,108.9,0.0816496580927737,28.899999999999995,3.552713678800501e-15,80.0,0.0816496580927679,0.5151516237489328,0.0001931219952734,Data\NafisaData\LAS_Nafisa_Requested_Data_0.7Torr\OscopeData_Laser_True\Scope_TrialNumber_0_80.00W_0.70Torr_1.00NitrogenFlow_2420.00MHz.csv,Data\NafisaData\LAS_Nafisa_Requested_Data_0.7Torr\OscopeData_Laser_True\Plasma_Off_Measuremnt_1.0.csv,True,33a310dd|Scope_TrialNumber_0_80.00W_0.70Torr_1.00NitrogenFlow_2420.00MHz.csv,988.7908937410632,49.34977846838779,9.887908937410632,50.33062067999436,110166425265.35014,2877699493.4624763,13458802723.199741,13763012937.459696,1.532160999652461,0.024841508938598232,0.3266604848471125,0.005865970447002335,3,2.278000385391266,1.2446486322623844
33a310dd,2026-09-22 15:16:18.427914,2026-09-22,0.7,0.708,79.2,0.802,1.0,85,2420,57.4,119.9,0.1414213562373081,34.83333333333333,0.0471404520791038,85.06666666666668,0.1247219128924626,0.5389990093521607,0.0003435734312485,Data\NafisaData\LAS_Nafisa_Requested_Data_0.7Torr\OscopeData_Laser_True\Scope_TrialNumber_0_85.00W_0.70Torr_1.00NitrogenFlow_2420.00MHz.csv,Data\NafisaData\LAS_Nafisa_Requested_Data_0.7Torr\OscopeData_Laser_True\Plasma_Off_Measuremnt_1.0.csv,True,33a310dd|Scope_TrialNumber_0_85.00W_0.70Torr_1.00NitrogenFlow_2420.00MHz.csv,1043.9824192491137,51.18933963531796,10.439824192491137,52.24307055935799,109078942738.19981,2616924948.264862,13325947247.835176,13580470030.044504,1.5743408591841355,0.01985583342816946,0.3234359310075371,0.003738267035290218,3,2.2459018697150532,0.6526224582738904
33a310dd,2026-09-22 15:16:36.690559,2026-09-22,0.7,0.708,79.2,0.806,1.0,90,2420,58.7,131.43333333333334,0.1885618083164019,41.43333333333333,0.0471404520791038,90.0,0.1414213562373014,0.5614644499729522,8.327370293360114e-05,Data\NafisaData\LAS_Nafisa_Requested_Data_0.7Torr\OscopeData_Laser_True\Scope_TrialNumber_0_90.00W_0.70Torr_1.00NitrogenFlow_2420.00MHz.csv,Data\NafisaData\LAS_Nafisa_Requested_Data_0.7Torr\OscopeData_Laser_True\Plasma_Off_Measuremnt_1.0.csv,True,33a310dd|Scope_TrialNumber_0_90.00W_0.70Torr_1.00NitrogenFlow_2420.00MHz.csv,948.9358529173237,48.928339547500535,9.489358529173238,49.84004751372833,102586748872.09566,2584546880.475172,12532809444.96825,12796530590.799185,1.5009651271290012,0.02016349449607711,0.304185572371365,0.0037323054534241923,3,2.2232232573458655,0.028653800887665764
33a310dd,2026-09-22 15:16:54.868067,2026-09-22,0.7,0.708,79.2,0.806,1.0,95,2420,60.1,143.53333333333333,0.1885618083164153,48.56666666666666,0.1247219128924664,94.96666666666668,0.1247219128924626,0.5816910867088168,0.0005224342783363,Data\NafisaData\LAS_Nafisa_Requested_Data_0.7Torr\OscopeData_Laser_True\Scope_TrialNumber_0_95.00W_0.70Torr_1.00NitrogenFlow_2420.00MHz.csv,Data\NafisaData\LAS_Nafisa_Requested_Data_0.7Torr\OscopeData_Laser_True\Plasma_Off_Measuremnt_1.0.csv,True,33a310dd|Scope_TrialNumber_0_95.00W_0.70Torr_1.00NitrogenFlow_2420.00MHz.csv,1013.7479848001199,46.66413601757371,10.137479848001199,47.7525924734485,104790775413.61482,2331608990.1948366,12802070777.062435,13012663703.64167,1.551376384817223,0.022525163458976934,0.31072085185360676,0.004124091679801179,3,2.5225816705292003,0.38883823149422786
33a310dd,2026-09-22 15:17:13.079386,2026-09-22,0.7,0.708,79.2,0.805,1.0,100,2420,61.6,153.70000000000002,0.2449489742783155,53.56666666666666,0.1699673171197586,100.13333333333333,0.0942809041582043,0.5903502039393614,0.0005012387209895,Data\NafisaData\LAS_Nafisa_Requested_Data_0.7Torr\OscopeData_Laser_True\Scope_TrialNumber_0_100.00W_0.70Torr_1.00NitrogenFlow_2420.00MHz.csv,Data\NafisaData\LAS_Nafisa_Requested_Data_0.7Torr\OscopeData_Laser_True\Plasma_Off_Measuremnt_1.0.csv,True,33a310dd|Scope_TrialNumber_0_100.00W_0.70Torr_1.00NitrogenFlow_2420.00MHz.csv,974.1458252393811,40.09481326218095,9.74145825239381,41.26124161258714,102451965987.99704,2035139807.9560826,12516343300.739843,12680719366.814434,1.5207721868048925,0.021336554988112322,0.3037859202798798,0.003936579534470757,3,2.454269162634601,0.8218485051185168
33a310dd,2026-09-22 15:17:31.568667,2026-09-22,0.7,0.708,79.2,0.802,1.0,105,2420,63.2,166.43333333333334,0.2867441755680944,61.43333333333334,0.3399346342395182,105.0,0.0816496580927737,0.6075467393885016,0.0011706568131684,Data\NafisaData\LAS_Nafisa_Requested_Data_0.7Torr\OscopeData_Laser_True\Scope_TrialNumber_0_105.00W_0.70Torr_1.00NitrogenFlow_2420.00MHz.csv,Data\NafisaData\LAS_Nafisa_Requested_Data_0.7Torr\OscopeData_Laser_True\Plasma_Off_Measuremnt_1.0.csv,True,33a310dd|Scope_TrialNumber_0_105.00W_0.70Torr_1.00NitrogenFlow_2420.00MHz.csv,1045.9948230132845,45.723694229772526,10.459948230132845,46.90486894763477,105752971403.29434,2435155597.4132614,12919620257.087395,13147112624.867716,1.5758574959132083,0.024418579803179713,0.31357391173777377,0.005364166075879572,3,2.308317993950658,1.1459207265660643
33a310dd,2026-09-22 15:17:49.977976,2026-09-22,0.7,0.708,79.2,0.793,1.0,110,2420,65.1,178.76666666666665,0.8178562764256883,68.8,0.7257180352359085,109.96666666666668,0.0942809041582076,0.6203590269663435,0.0018477139098228,Data\NafisaData\LAS_Nafisa_Requested_Data_0.7Torr\OscopeData_Laser_True\Scope_TrialNumber_0_110.00W_0.70Torr_1.00NitrogenFlow_2420.00MHz.csv,Data\NafisaData\LAS_Nafisa_Requested_Data_0.7Torr\OscopeData_Laser_True\Plasma_Off_Measuremnt_1.0.csv,True,33a310dd|Scope_TrialNumber_0_110.00W_0.70Torr_1.00NitrogenFlow_2420.00MHz.csv,1014.0694177550608,38.853599034135634,10.140694177550609,40.15514707117873,103155179044.84196,1888477222.2046614,12602253375.262619,12742964190.215082,1.5516223157492954,0.021665910472775784,0.3058710557242449,0.0039066224374586,3,2.4404989287709116,0.44801264395215695
33a310dd,2026-09-22 15:18:42.733288,2026-09-22,0.7,0.7070000000000001,77.61,2.404,3.0,30,2420,51.5,37.66666666666667,0.0471404520791038,7.7,0.0,29.96666666666667,0.0471404520791038,0.4521338508456555,0.0002831145033697,Data\NafisaData\LAS_Nafisa_Requested_Data_0.7Torr\OscopeData_Laser_True\Scope_TrialNumber_0_30.00W_0.70Torr_3.00NitrogenFlow_2420.00MHz.csv,Data\NafisaData\LAS_Nafisa_Requested_Data_0.7Torr\OscopeData_Laser_True\Plasma_Off_Measuremnt_3.0.csv,True,33a310dd|Scope_TrialNumber_0_30.00W_0.70Torr_3.00NitrogenFlow_2420.00MHz.csv,1034.223548952026,39.75913301584015,10.342235489520261,41.08224060457222,70193326230.54553,1356683574.0882869,8575372468.940857,8682027603.116095,1.5669653225299505,0.018354652049695185,0.20813406556737357,0.002474044504560337,3,1.4225807413198608,0.9251365432019749
33a310dd,2026-09-22 15:19:00.990348,2026-09-22,0.7,0.7070000000000001,77.61,2.402,3.0,35,2420,51.1,43.5,0.0,8.6,0.0,34.9,0.0,0.4446359740566292,5.551115123125783e-17,Data\NafisaData\LAS_Nafisa_Requested_Data_0.7Torr\OscopeData_Laser_True\Scope_TrialNumber_0_35.00W_0.70Torr_3.00NitrogenFlow_2420.00MHz.csv,Data\NafisaData\LAS_Nafisa_Requested_Data_0.7Torr\OscopeData_Laser_True\Plasma_Off_Measuremnt_3.0.csv,True,33a310dd|Scope_TrialNumber_0_35.00W_0.70Torr_3.00NitrogenFlow_2420.00MHz.csv,1036.733959428366,48.14884184453967,10.36733959428366,49.25233701291438,77320760766.73422,1814375115.9987004,9446116301.410978,9618787358.151625,1.5688659473694373,0.024877692907208974,0.22926801101127406,0.0037170212101521423,3,1.5685023673010836,1.4020580066501294
33a310dd,2026-09-22 15:19:19.438337,2026-09-22,0.7,0.7070000000000001,77.59,2.399,3.0,40,2420,51.2,49.73333333333334,0.1247219128924633,9.833333333333334,0.047140452079103,39.9,0.0816496580927737,0.4446570099982539,0.000567954884338,Data\NafisaData\LAS_Nafisa_Requested_Data_0.7Torr\OscopeData_Laser_True\Scope_TrialNumber_0_40.00W_0.70Torr_3.00NitrogenFlow_2420.00MHz.csv,Data\NafisaData\LAS_Nafisa_Requested_Data_0.7Torr\OscopeData_Laser_True\Plasma_Off_Measuremnt_3.0.csv,True,33a310dd|Scope_TrialNumber_0_40.00W_0.70Torr_3.00NitrogenFlow_2420.00MHz.csv,982.3522577029246,42.8762106463012,9.823522577029246,43.98716898377749,79048570148.98616,1691419739.121991,9657199175.008915,9804203008.89799,1.5271644230599775,0.016855757551911862,0.23439123298357967,0.0023835320563678365,3,1.5853115357006031,0.3016217104750964
33a310dd,2026-09-22 15:19:37.688484,2026-09-22,0.7,0.7070000000000001,77.6,2.392,3.0,45,2420,51.4,56.03333333333333,0.1247219128924665,10.966666666666669,0.047140452079103,45.06666666666666,0.1699673171197619,0.4423997525080076,0.001424842552687,Data\NafisaData\LAS_Nafisa_Requested_Data_0.7Torr\OscopeData_Laser_True\Scope_TrialNumber_0_45.00W_0.70Torr_3.00NitrogenFlow_2420.00MHz.csv,Data\NafisaData\LAS_Nafisa_Requested_Data_0.7Torr\OscopeData_Laser_True\Plasma_Off_Measuremnt_3.0.csv,True,33a310dd|Scope_TrialNumber_0_45.00W_0.70Torr_3.00NitrogenFlow_2420.00MHz.csv,1003.9481699176367,44.71148522943484,10.039481699176367,45.824754273318995,85892051333.53368,2327269925.262435,10493253017.918924,10748234469.116108,1.5438596635535657,0.021616091997356805,0.25468321283498996,0.005307783423827137,3,1.6434619854387682,1.2581078911609385
33a310dd,2026-09-22 15:19:56.108366,2026-09-22,0.7,0.7070000000000001,77.62,2.399,3.0,50,2420,51.8,62.333333333333336,0.1247219128924639,12.366666666666667,0.047140452079103,49.96666666666667,0.1699673171197596,0.4454170072646118,0.0012780505508673,Data\NafisaData\LAS_Nafisa_Requested_Data_0.7Torr\OscopeData_Laser_True\Scope_TrialNumber_0_50.00W_0.70Torr_3.00NitrogenFlow_2420.00MHz.csv,Data\NafisaData\LAS_Nafisa_Requested_Data_0.7Torr\OscopeData_Laser_True\Plasma_Off_Measuremnt_3.0.csv,True,33a310dd|Scope_TrialNumber_0_50.00W_0.70Torr_3.00NitrogenFlow_2420.00MHz.csv,1063.4291873529044,46.34438757232506,10.634291873529044,47.54882146915193,94008764482.25475,2088210336.883866,11484854958.04103,11673153636.370434,1.5889362104268563,0.017597988705231254,0.2787505223273321,0.0033131490539515377,3,1.749841887458744,0.9398839560771889
33a310dd,2026-09-22 15:20:14.591137,2026-09-22,0.7,0.7070000000000001,77.59,2.401,3.0,55,2420,52.2,68.83333333333333,0.1247219128924639,13.966666666666669,0.047140452079103,54.86666666666667,0.1699673171197595,0.4504509695085936,0.0011532936087322,Data\NafisaData\LAS_Nafisa_Requested_Data_0.7Torr\OscopeData_Laser_True\Scope_TrialNumber_0_55.00W_0.70Torr_3.00NitrogenFlow_2420.00MHz.csv,Data\NafisaData\LAS_Nafisa_Requested_Data_0.7Torr\OscopeData_Laser_True\Plasma_Off_Measuremnt_3.0.csv,True,33a310dd|Scope_TrialNumber_0_55.00W_0.70Torr_3.00NitrogenFlow_2420.00MHz.csv,998.5210784776607,43.89668575887652,9.985210784776607,45.018034775298354,91206253897.15216,1966712126.5849414,11142478076.847645,11314714944.791435,1.5396811502758085,0.01891920270198937,0.27044064511824817,0.003116630008745862,3,1.8537978928011494,0.7996249841728142
33a310dd,2026-09-22 15:20:32.947591,2026-09-22,0.7,0.7070000000000001,77.61,2.4,3.0,60,2420,52.8,76.89999999999999,0.1414213562373081,16.966666666666665,0.0471404520791038,59.93333333333334,0.0942809041582043,0.4697152606123023,0.0002209472334579,Data\NafisaData\LAS_Nafisa_Requested_Data_0.7Torr\OscopeData_Laser_True\Scope_TrialNumber_0_60.00W_0.70Torr_3.00NitrogenFlow_2420.00MHz.csv,Data\NafisaData\LAS_Nafisa_Requested_Data_0.7Torr\OscopeData_Laser_True\Plasma_Off_Measuremnt_3.0.csv,True,33a310dd|Scope_TrialNumber_0_60.00W_0.70Torr_3.00NitrogenFlow_2420.00MHz.csv,985.9678234419248,42.62184024809818,9.859678234419247,43.74739444836324,92959005478.33936,2154604857.631524,11356608086.940607,11559189821.648148,1.529972220413992,0.02127620959678436,0.2756378245669603,0.004473749818900325,3,1.9440925624065517,1.1375495788885477
33a310dd,2026-09-22 15:20:51.250163,2026-09-22,0.7,0.7070000000000001,77.61,2.398,3.0,65,2420,54.2,88.86666666666667,0.1885618083164153,23.8,0.0816496580927723,65.06666666666666,0.2054804667656324,0.5175104562055601,0.0010438164902816,Data\NafisaData\LAS_Nafisa_Requested_Data_0.7Torr\OscopeData_Laser_True\Scope_TrialNumber_0_65.00W_0.70Torr_3.00NitrogenFlow_2420.00MHz.csv,Data\NafisaData\LAS_Nafisa_Requested_Data_0.7Torr\OscopeData_Laser_True\Plasma_Off_Measuremnt_3.0.csv,True,33a310dd|Scope_TrialNumber_0_65.00W_0.70Torr_3.00NitrogenFlow_2420.00MHz.csv,1048.2826023669772,53.84091187645928,10.482826023669773,54.85192278426694,81538744252.6051,2267841993.9344893,9961418558.784903,10216308874.185287,1.5775798969249715,0.03283055550111752,0.24177498423159025,0.005655478806520092,3,1.611078032345373,1.745463309329519
33a310dd,2026-09-22 15:21:09.699571,2026-09-22,0.7,0.7070000000000001,77.6,2.407,3.0,70,2420,55.3,96.03333333333336,0.0942809041582009,26.066666666666663,0.0471404520791038,69.96666666666667,0.1247219128924576,0.5209929220804339,0.0006388214086296,Data\NafisaData\LAS_Nafisa_Requested_Data_0.7Torr\OscopeData_Laser_True\Scope_TrialNumber_0_70.00W_0.70Torr_3.00NitrogenFlow_2420.00MHz.csv,Data\NafisaData\LAS_Nafisa_Requested_Data_0.7Torr\OscopeData_Laser_True\Plasma_Off_Measuremnt_3.0.csv,True,33a310dd|Scope_TrialNumber_0_70.00W_0.70Torr_3.00NitrogenFlow_2420.00MHz.csv,1035.1494079813667,41.28372395305293,10.351494079813667,42.56171158584078,81012875079.87894,1566162580.6719682,9897174217.218164,10020325479.497414,1.5676665560519112,0.019731418549537538,0.24021570082455287,0.0027860343304968805,3,1.7264137420917631,0.3123553266112554
33a310dd,2026-09-22 15:21:28.019673,2026-09-22,0.7,0.7070000000000001,77.59,2.402,3.0,75,2420,56.2,102.5,0.1632993161855475,27.53333333333333,0.0471404520791038,74.96666666666667,0.1247219128924639,0.5182835939635858,0.0002237751891394,Data\NafisaData\LAS_Nafisa_Requested_Data_0.7Torr\OscopeData_Laser_True\Scope_TrialNumber_0_75.00W_0.70Torr_3.00NitrogenFlow_2420.00MHz.csv,Data\NafisaData\LAS_Nafisa_Requested_Data_0.7Torr\OscopeData_Laser_True\Plasma_Off_Measuremnt_3.0.csv,True,33a310dd|Scope_TrialNumber_0_75.00W_0.70Torr_3.00NitrogenFlow_2420.00MHz.csv,1035.3913111098304,42.92284167411755,10.353913111098304,44.153978915761776,85909469687.21252,1714134439.3892732,10495380981.909422,10634438341.150244,1.5678497186412275,0.02258012497229056,0.25473486094687403,0.0033783623991481744,3,2.0801909000593897,0.32096809694563205
33a310dd,2026-09-22 15:21:46.389582,2026-09-22,0.7,0.7070000000000001,77.6,2.401,3.0,80,2420,56.4,100.93333333333334,0.5557777333511014,20.433333333333334,0.2624669291337274,80.50000000000001,0.2943920288775958,0.4499255705288225,0.0016479390599473,Data\NafisaData\LAS_Nafisa_Requested_Data_0.7Torr\OscopeData_Laser_True\Scope_TrialNumber_0_80.00W_0.70Torr_3.00NitrogenFlow_2420.00MHz.csv,Data\NafisaData\LAS_Nafisa_Requested_Data_0.7Torr\OscopeData_Laser_True\Plasma_Off_Measuremnt_3.0.csv,True,33a310dd|Scope_TrialNumber_0_80.00W_0.70Torr_3.00NitrogenFlow_2420.00MHz.csv,1030.4707529990242,47.17286826880795,10.304707529990242,48.28526170566901,94238174665.74796,2110535798.0397623,11512881522.349451,11704734183.33209,1.5641197842797872,0.01901604110694714,0.27943075899279757,0.0031300376279384903,3,1.9285513309902695,0.6401950254081036
33a310dd,2026-09-22 15:22:04.831458,2026-09-22,0.7,0.7070000000000001,77.61,2.404,3.0,85,2420,56.9,109.16666666666669,0.1885618083164086,24.3,0.0,84.86666666666667,0.1885618083164086,0.47180071899351,0.0004078407923428,Data\NafisaData\LAS_Nafisa_Requested_Data_0.7Torr\OscopeData_Laser_True\Scope_TrialNumber_0_85.00W_0.70Torr_3.00NitrogenFlow_2420.00MHz.csv,Data\NafisaData\LAS_Nafisa_Requested_Data_0.7Torr\OscopeData_Laser_True\Plasma_Off_Measuremnt_3.0.csv,True,33a310dd|Scope_TrialNumber_0_85.00W_0.70Torr_3.00NitrogenFlow_2420.00MHz.csv,1062.2867982298912,43.899781162970385,10.622867982298912,45.16675890880417,94926162580.46117,1904894589.8624415,11596931572.968485,11752337865.573832,1.5880825234969198,0.020299048100891545,0.28147074953663037,0.003319894395580145,3,2.00489607121099,0.602796994654251
33a310dd,2026-09-22 15:22:23.210683,2026-09-22,0.7,0.706,77.58,2.387,3.0,90,2420,57.6,118.36666666666667,0.2494438257849329,28.46666666666667,0.0471404520791038,89.90000000000002,0.2449489742783212,0.4904041105803167,0.0005942328465643,Data\NafisaData\LAS_Nafisa_Requested_Data_0.7Torr\OscopeData_Laser_True\Scope_TrialNumber_0_90.00W_0.70Torr_3.00NitrogenFlow_2420.00MHz.csv,Data\NafisaData\LAS_Nafisa_Requested_Data_0.7Torr\OscopeData_Laser_True\Plasma_Off_Measuremnt_3.0.csv,True,33a310dd|Scope_TrialNumber_0_90.00W_0.70Torr_3.00NitrogenFlow_2420.00MHz.csv,1071.3771018879643,73.48590355545333,10.713771018879642,74.26279627650965,94550860073.6179,3446130033.0840416,11551081647.376732,12054181823.304615,1.5948628959082725,0.04488701735963779,0.28035791957455736,0.00861564038996018,3,2.202064972717316,1.9885072783130853
33a310dd,2026-09-22 15:22:41.611283,2026-09-22,0.7,0.7070000000000001,77.62,2.402,3.0,95,2420,58.6,128.63333333333333,0.0471404520791004,33.56666666666667,0.0471404520791038,95.06666666666666,0.0471404520791004,0.5108309859505556,0.0003223855987623,Data\NafisaData\LAS_Nafisa_Requested_Data_0.7Torr\OscopeData_Laser_True\Scope_TrialNumber_0_95.00W_0.70Torr_3.00NitrogenFlow_2420.00MHz.csv,Data\NafisaData\LAS_Nafisa_Requested_Data_0.7Torr\OscopeData_Laser_True\Plasma_Off_Measuremnt_3.0.csv,True,33a310dd|Scope_TrialNumber_0_95.00W_0.70Torr_3.00NitrogenFlow_2420.00MHz.csv,1089.9624048513867,52.62264922233089,10.899624048513868,53.73960379064423,97196742217.9821,2365503108.1078563,11874323558.186329,12107649025.263607,1.6086365553205226,0.022445123378981136,0.2882033692389586,0.004119013226886928,3,2.1934811740507154,1.0291444059045107
33a310dd,2026-09-22 15:22:59.915966,2026-09-22,0.7,0.7070000000000001,77.62,2.401,3.0,100,2420,59.8,139.43333333333337,0.1247219128924576,39.33333333333333,0.0471404520791038,100.1,0.1414213562373048,0.531125491059189,0.0004314206125623,Data\NafisaData\LAS_Nafisa_Requested_Data_0.7Torr\OscopeData_Laser_True\Scope_TrialNumber_0_100.00W_0.70Torr_3.00NitrogenFlow_2420.00MHz.csv,Data\NafisaData\LAS_Nafisa_Requested_Data_0.7Torr\OscopeData_Laser_True\Plasma_Off_Measuremnt_3.0.csv,True,33a310dd|Scope_TrialNumber_0_100.00W_0.70Torr_3.00NitrogenFlow_2420.00MHz.csv,1042.2822312851893,57.86282593121123,10.422822312851892,58.79406304815933,95911195302.94876,2820700051.6991158,11717270969.076918,12052003474.29539,1.573058382582804,0.03412426904273742,0.28439152386458955,0.0067599664200634485,3,2.0381807396817093,1.6154922463635597
33a310dd,2026-09-22 15:23:18.272744,2026-09-22,0.7,0.7070000000000001,77.6,2.395,3.0,105,2420,61.2,150.46666666666667,0.1699673171197498,45.5,0.0,104.96666666666664,0.1699673171197498,0.5499025784054309,0.0003104466022062,Data\NafisaData\LAS_Nafisa_Requested_Data_0.7Torr\OscopeData_Laser_True\Scope_TrialNumber_0_105.00W_0.70Torr_3.00NitrogenFlow_2420.00MHz.csv,Data\NafisaData\LAS_Nafisa_Requested_Data_0.7Torr\OscopeData_Laser_True\Plasma_Off_Measuremnt_3.0.csv,True,33a310dd|Scope_TrialNumber_0_105.00W_0.70Torr_3.00NitrogenFlow_2420.00MHz.csv,1136.0385605709807,62.5037372906769,11.360385605709807,63.52775406397091,101586929730.16156,3079451891.9525757,12410663622.792768,12787008857.155064,1.6422856979263856,0.03195553901565062,0.30122095402347043,0.007004571030002089,3,2.351897901835065,1.3868679679295617
33a310dd,2026-09-22 15:23:36.573330,2026-09-22,0.7,0.7070000000000001,77.6,2.405,3.0,110,2420,62.6,160.83333333333334,0.2054804667656316,50.76666666666667,0.1247219128924633,110.06666666666666,0.0942809041581976,0.5618247997869789,0.0003644751071813,Data\NafisaData\LAS_Nafisa_Requested_Data_0.7Torr\OscopeData_Laser_True\Scope_TrialNumber_0_110.00W_0.70Torr_3.00NitrogenFlow_2420.00MHz.csv,Data\NafisaData\LAS_Nafisa_Requested_Data_0.7Torr\OscopeData_Laser_True\Plasma_Off_Measuremnt_3.0.csv,True,33a310dd|Scope_TrialNumber_0_110.00W_0.70Torr_3.00NitrogenFlow_2420.00MHz.csv,1117.8168837920948,49.370295855417474,11.178168837920948,50.61993255053308,101904448790.61662,2176122746.774335,12449454265.08898,12638212757.64777,1.6290616006725702,0.024034233583798074,0.3021624471325245,0.00412100499140134,3,2.451680954748585,0.05778639526431726
33a310dd,2026-09-22 15:24:19.474304,2026-09-22,0.7,0.705,76.0,3.997,5.0,30,2420,52.3,38.46666666666667,0.1247219128924665,8.433333333333332,0.047140452079103,30.03333333333333,0.0942809041582076,0.4682263943151044,0.0008854175894009,Data\NafisaData\LAS_Nafisa_Requested_Data_0.7Torr\OscopeData_Laser_True\Scope_TrialNumber_0_30.00W_0.70Torr_5.00NitrogenFlow_2420.00MHz.csv,Data\NafisaData\LAS_Nafisa_Requested_Data_0.7Torr\OscopeData_Laser_True\Plasma_Off_Measuremnt_5.0.csv,True,33a310dd|Scope_TrialNumber_0_30.00W_0.70Torr_5.00NitrogenFlow_2420.00MHz.csv,1018.2813430952795,41.62913125388072,10.182813430952795,42.85643776986628,47723686260.35477,1104901515.5460212,5830303352.903764,5934074868.582024,1.5548412991845026,0.016042666994954557,0.14150810879948017,0.002120955357594865,3,1.1991297446904032,1.016044961676728
33a310dd,2026-09-22 15:24:37.772533,2026-09-22,0.7,0.705,76.0,3.998,5.0,35,2420,51.8,44.29999999999999,7.105427357601002e-15,9.2,0.0,35.099999999999994,0.0,0.4557136640112861,0.0,Data\NafisaData\LAS_Nafisa_Requested_Data_0.7Torr\OscopeData_Laser_True\Scope_TrialNumber_0_35.00W_0.70Torr_5.00NitrogenFlow_2420.00MHz.csv,Data\NafisaData\LAS_Nafisa_Requested_Data_0.7Torr\OscopeData_Laser_True\Plasma_Off_Measuremnt_5.0.csv,True,33a310dd|Scope_TrialNumber_0_35.00W_0.70Torr_5.00NitrogenFlow_2420.00MHz.csv,1059.124371687553,53.89996096853925,10.591243716875532,54.93068574012443,54924291573.75681,1439008977.7384565,6709986306.828047,6862555141.9155655,1.5857169016738946,0.02225612162668712,0.16285901691148563,0.0025016199269512324,3,1.2348234492564996,1.413748011897614
33a310dd,2026-09-22 15:24:56.226511,2026-09-22,0.7,0.705,76.0,3.999,5.0,40,2420,51.8,50.06666666666666,0.0471404520791038,9.966666666666669,0.047140452079103,40.1,0.0,0.4461686708144268,0.0008462382348241,Data\NafisaData\LAS_Nafisa_Requested_Data_0.7Torr\OscopeData_Laser_True\Scope_TrialNumber_0_40.00W_0.70Torr_5.00NitrogenFlow_2420.00MHz.csv,Data\NafisaData\LAS_Nafisa_Requested_Data_0.7Torr\OscopeData_Laser_True\Plasma_Off_Measuremnt_5.0.csv,True,33a310dd|Scope_TrialNumber_0_40.00W_0.70Torr_5.00NitrogenFlow_2420.00MHz.csv,1021.3497747642557,60.864068917835255,10.213497747642558,61.71507450757958,58702624444.00408,1775169064.0641153,7171577364.182915,7388013745.010971,1.5571821726627826,0.034710479488804395,0.17406235807768894,0.0039826947879051154,3,1.2786248152289938,2.1193374005297234
33a310dd,2026-09-22 15:25:14.666974,2026-09-22,0.7,0.705,76.0,4.003,5.0,45,2420,52.1,56.1,0.0816496580927737,11.1,0.0,45.0,0.0816496580927737,0.4448160034341575,0.0003236998991875,Data\NafisaData\LAS_Nafisa_Requested_Data_0.7Torr\OscopeData_Laser_True\Scope_TrialNumber_0_45.00W_0.70Torr_5.00NitrogenFlow_2420.00MHz.csv,Data\NafisaData\LAS_Nafisa_Requested_Data_0.7Torr\OscopeData_Laser_True\Plasma_Off_Measuremnt_5.0.csv,True,33a310dd|Scope_TrialNumber_0_45.00W_0.70Torr_5.00NitrogenFlow_2420.00MHz.csv,978.7602459418362,34.69181036098222,9.787602459418363,36.04606591607419,59898148572.88027,1043864285.2893547,7317632057.004382,7391711004.077529,1.52436979603649,0.01592276187620863,0.17760727197177664,0.0017648362186732536,3,1.3226999263072092,0.9504277024874098
33a310dd,2026-09-22 15:25:33.067944,2026-09-22,0.7,0.705,76.0,3.998,5.0,50,2420,52.4,62.16666666666666,0.1699673171197586,12.133333333333333,0.047140452079103,50.03333333333333,0.1247219128924664,0.4417845808308045,0.0003077822983889,Data\NafisaData\LAS_Nafisa_Requested_Data_0.7Torr\OscopeData_Laser_True\Scope_TrialNumber_0_50.00W_0.70Torr_5.00NitrogenFlow_2420.00MHz.csv,Data\NafisaData\LAS_Nafisa_Requested_Data_0.7Torr\OscopeData_Laser_True\Plasma_Off_Measuremnt_5.0.csv,True,33a310dd|Scope_TrialNumber_0_50.00W_0.70Torr_5.00NitrogenFlow_2420.00MHz.csv,1013.5618539017066,39.997968577442734,10.135618539017067,41.26218915048695,63395722504.5817,1220837686.026427,7744923379.593763,7840553731.172336,1.55123395674814,0.017088486960299427,0.18797811947423765,0.0019066007699087885,3,1.3402694192720344,0.5830983091861586
33a310dd,2026-09-22 15:25:51.157658,2026-09-22,0.7,0.705,76.0,4.001,5.0,55,2420,52.8,67.9,0.1632993161855417,12.833333333333334,0.047140452079103,55.06666666666667,0.1247219128924614,0.4347446349195389,0.0004329510694443,Data\NafisaData\LAS_Nafisa_Requested_Data_0.7Torr\OscopeData_Laser_True\Scope_TrialNumber_0_55.00W_0.70Torr_5.00NitrogenFlow_2420.00MHz.csv,Data\NafisaData\LAS_Nafisa_Requested_Data_0.7Torr\OscopeData_Laser_True\Plasma_Off_Measuremnt_5.0.csv,True,33a310dd|Scope_TrialNumber_0_55.00W_0.70Torr_5.00NitrogenFlow_2420.00MHz.csv,986.1580822075359,46.24675255355651,9.861580822075359,47.286498052406145,66788610704.44395,1530829541.817272,8159425464.360787,8301786735.068525,1.5301198299899967,0.02572438211336818,0.19803855759528505,0.0031821272813198046,3,1.3712701562382723,1.644721570622328
33a310dd,2026-09-22 15:26:09.565575,2026-09-22,0.7,0.705,76.0,3.999,5.0,60,2420,53.2,73.83333333333333,0.0942809041582076,13.800000000000002,1.7763568394002505e-15,60.03333333333334,0.0942809041582076,0.4323282062950335,0.0002762162608748,Data\NafisaData\LAS_Nafisa_Requested_Data_0.7Torr\OscopeData_Laser_True\Scope_TrialNumber_0_60.00W_0.70Torr_5.00NitrogenFlow_2420.00MHz.csv,Data\NafisaData\LAS_Nafisa_Requested_Data_0.7Torr\OscopeData_Laser_True\Plasma_Off_Measuremnt_5.0.csv,True,33a310dd|Scope_TrialNumber_0_60.00W_0.70Torr_5.00NitrogenFlow_2420.00MHz.csv,1061.18783434638,39.06900309926728,10.6118783434638,40.48455217915881,73025111728.37936,1324937285.044151,8921325805.249672,9019174736.787943,1.5872608541748718,0.01602303755428028,0.21653074741919326,0.0020795320553845527,3,1.3199824050698716,0.7224143006153045
33a310dd,2026-09-22 15:26:27.996868,2026-09-22,0.7,0.705,75.99,3.997,5.0,65,2420,53.7,80.0,0.2160246899469273,15.1,0.0,64.89999999999999,0.2160246899469273,0.4344548663022848,0.0005858766476185,Data\NafisaData\LAS_Nafisa_Requested_Data_0.7Torr\OscopeData_Laser_True\Scope_TrialNumber_0_65.00W_0.70Torr_5.00NitrogenFlow_2420.00MHz.csv,Data\NafisaData\LAS_Nafisa_Requested_Data_0.7Torr\OscopeData_Laser_True\Plasma_Off_Measuremnt_5.0.csv,True,33a310dd|Scope_TrialNumber_0_65.00W_0.70Torr_5.00NitrogenFlow_2420.00MHz.csv,994.8865827930155,48.904770307008604,9.948865827930154,49.906477435734,72326389052.98286,1805158957.8496783,8835964311.27601,9018473494.624702,1.536876469401366,0.02068335745756561,0.21445892665012564,0.0030326428522676053,3,1.3758041194873079,1.3395428490783596
33a310dd,2026-09-22 15:26:46.488745,2026-09-22,0.7,0.705,76.0,4.003,5.0,70,2420,54.3,87.36666666666667,0.1699673171197563,17.533333333333335,0.0942809041582076,69.83333333333333,0.1699673171197628,0.447979448170121,0.0011635037125655,Data\NafisaData\LAS_Nafisa_Requested_Data_0.7Torr\OscopeData_Laser_True\Scope_TrialNumber_0_70.00W_0.70Torr_5.00NitrogenFlow_2420.00MHz.csv,Data\NafisaData\LAS_Nafisa_Requested_Data_0.7Torr\OscopeData_Laser_True\Plasma_Off_Measuremnt_5.0.csv,True,33a310dd|Scope_TrialNumber_0_70.00W_0.70Torr_5.00NitrogenFlow_2420.00MHz.csv,1097.4084373258895,46.731747940738295,10.974084373258895,48.00298733858241,76098130711.19098,1593507830.3667023,9296750133.984043,9432328994.430397,1.6141218696864819,0.01758959906666248,0.22564272385349948,0.0022999923008770063,3,1.4753238667345083,0.40309681076798015
33a310dd,2026-09-22 15:27:04.766042,2026-09-22,0.7,0.705,76.01,4.005,5.0,75,2420,55.4,98.56666666666666,0.1699673171197563,23.53333333333333,0.2054804667656325,75.03333333333335,0.0471404520791071,0.4886202116141693,0.0017178236916626,Data\NafisaData\LAS_Nafisa_Requested_Data_0.7Torr\OscopeData_Laser_True\Scope_TrialNumber_0_75.00W_0.70Torr_5.00NitrogenFlow_2420.00MHz.csv,Data\NafisaData\LAS_Nafisa_Requested_Data_0.7Torr\OscopeData_Laser_True\Plasma_Off_Measuremnt_5.0.csv,True,33a310dd|Scope_TrialNumber_0_75.00W_0.70Torr_5.00NitrogenFlow_2420.00MHz.csv,1059.1814422179195,48.702170456514736,10.591814422179196,49.84062539665107,71887288789.4796,1815153307.4647267,8782320346.629242,8967939127.827425,1.5857596239867473,0.019980607660308614,0.21315692647514503,0.0034879702866569247,3,1.380509410293105,1.178790223366369
33a310dd,2026-09-22 15:27:23.191925,2026-09-22,0.7,0.705,76.01,3.998,5.0,80,2420,56.7,108.4,0.1414213562373081,28.6,0.1414213562373098,79.8,0.1414213562373115,0.5136496215415164,0.0011415240236845,Data\NafisaData\LAS_Nafisa_Requested_Data_0.7Torr\OscopeData_Laser_True\Scope_TrialNumber_0_80.00W_0.70Torr_5.00NitrogenFlow_2420.00MHz.csv,Data\NafisaData\LAS_Nafisa_Requested_Data_0.7Torr\OscopeData_Laser_True\Plasma_Off_Measuremnt_5.0.csv,True,33a310dd|Scope_TrialNumber_0_80.00W_0.70Torr_5.00NitrogenFlow_2420.00MHz.csv,1061.0656512709304,46.653360689226886,10.610656512709305,47.84477082430013,68391469180.260414,1679753502.487343,8355243345.963664,8522421205.232031,1.5871694745014948,0.0242189691170349,0.20279128081009734,0.003808886263875928,3,1.5218551783301442,1.2080511885669902
33a310dd,2026-09-22 15:27:41.549981,2026-09-22,0.7,0.705,75.99,3.991,5.0,85,2420,57.9,116.43333333333334,0.2054804667656324,31.46666666666667,0.1247219128924649,84.96666666666667,0.188561808316412,0.5198595536600298,0.0009294449429141,Data\NafisaData\LAS_Nafisa_Requested_Data_0.7Torr\OscopeData_Laser_True\Scope_TrialNumber_0_85.00W_0.70Torr_5.00NitrogenFlow_2420.00MHz.csv,Data\NafisaData\LAS_Nafisa_Requested_Data_0.7Torr\OscopeData_Laser_True\Plasma_Off_Measuremnt_5.0.csv,True,33a310dd|Scope_TrialNumber_0_85.00W_0.70Torr_5.00NitrogenFlow_2420.00MHz.csv,1059.5575424511508,41.50962792432529,10.595575424511507,42.84058156692598,68194703826.23443,1301802873.0941176,8331204932.47954,8432298995.372941,1.586041139318478,0.019417026303632484,0.20220784111154644,0.0023107448044840584,3,1.4773678113828899,0.7355905515613572
33a310dd,2026-09-22 15:27:59.880943,2026-09-22,0.7,0.705,75.99,3.996,5.0,90,2420,58.9,124.23333333333332,0.0471404520791004,34.2,0.0,90.03333333333335,0.0471404520791004,0.5246793930203468,9.952501422370924e-05,Data\NafisaData\LAS_Nafisa_Requested_Data_0.7Torr\OscopeData_Laser_True\Scope_TrialNumber_0_90.00W_0.70Torr_5.00NitrogenFlow_2420.00MHz.csv,Data\NafisaData\LAS_Nafisa_Requested_Data_0.7Torr\OscopeData_Laser_True\Plasma_Off_Measuremnt_5.0.csv,True,33a310dd|Scope_TrialNumber_0_90.00W_0.70Torr_5.00NitrogenFlow_2420.00MHz.csv,1087.00690451867,53.48288900221134,10.8700690451867,54.576348513527215,70821773555.30249,1696958649.7793825,8652148569.694366,8816991750.655397,1.6064541162096473,0.029449487763576376,0.20999750905581854,0.0036673356555904967,3,1.6978139241008894,1.2592102815047248
33a310dd,2026-09-22 15:28:18.259941,2026-09-22,0.7,0.706,75.99,4.002,5.0,95,2420,59.9,130.70000000000002,0.1414213562373148,35.6,0.0,95.10000000000002,0.1414213562373148,0.5219001191357636,0.0002825180746245,Data\NafisaData\LAS_Nafisa_Requested_Data_0.7Torr\OscopeData_Laser_True\Scope_TrialNumber_0_95.00W_0.70Torr_5.00NitrogenFlow_2420.00MHz.csv,Data\NafisaData\LAS_Nafisa_Requested_Data_0.7Torr\OscopeData_Laser_True\Plasma_Off_Measuremnt_5.0.csv,True,33a310dd|Scope_TrialNumber_0_95.00W_0.70Torr_5.00NitrogenFlow_2420.00MHz.csv,1003.7807627740638,54.184654662356685,10.037807627740637,55.1065729550512,72245202585.76831,2028723754.2502396,8826045929.669252,9056202671.301607,1.5437309398210153,0.022030634973547458,0.21421819622178098,0.003478882227999808,3,1.6463212742003797,1.0436107729797242
33a310dd,2026-09-22 15:28:36.730863,2026-09-22,0.7,0.706,76.01,4.004,5.0,100,2420,60.4,133.83333333333334,1.307244770075179,33.166666666666664,3.0169889330626023,100.66666666666669,3.3309991827611687,0.497304723315446,0.0232767766487855,Data\NafisaData\LAS_Nafisa_Requested_Data_0.7Torr\OscopeData_Laser_True\Scope_TrialNumber_0_100.00W_0.70Torr_5.00NitrogenFlow_2420.00MHz.csv,Data\NafisaData\LAS_Nafisa_Requested_Data_0.7Torr\OscopeData_Laser_True\Plasma_Off_Measuremnt_5.0.csv,True,33a310dd|Scope_TrialNumber_0_100.00W_0.70Torr_5.00NitrogenFlow_2420.00MHz.csv,1069.0506755768038,66.87283932679222,10.690506755768038,67.72195784472042,80810806025.7336,2571977136.8395605,9872487861.736853,10202013672.435797,1.593130383904259,0.03470819180067435,0.23961653483508988,0.005407956508059375,3,1.6080452962172052,1.7542589205700667
33a310dd,2026-09-22 15:28:55.142165,2026-09-22,0.7,0.706,76.0,3.989,5.0,105,2420,60.7,134.1,0.2160246899469295,29.03333333333333,0.2624669291337264,105.06666666666666,0.0471404520791038,0.4652951036805532,0.0017249398590634,Data\NafisaData\LAS_Nafisa_Requested_Data_0.7Torr\OscopeData_Laser_True\Scope_TrialNumber_0_105.00W_0.70Torr_5.00NitrogenFlow_2420.00MHz.csv,Data\NafisaData\LAS_Nafisa_Requested_Data_0.7Torr\OscopeData_Laser_True\Plasma_Off_Measuremnt_5.0.csv,True,33a310dd|Scope_TrialNumber_0_105.00W_0.70Torr_5.00NitrogenFlow_2420.00MHz.csv,1088.3848089911917,54.625089775491475,10.883848089911917,55.698820294731405,82912807738.55278,2107780937.8145318,10129285033.003145,10346262888.678009,1.6074719750973692,0.03000093722244344,0.24584929492515462,0.004695959050260399,3,1.6697885776859995,1.5628910445653594
33a310dd,2026-09-22 15:29:13.510971,2026-09-22,0.7,0.705,75.99,4.0,5.0,110,2420,61.4,143.4,0.0816496580927679,33.36666666666667,0.0471404520791038,110.03333333333336,0.0471404520790971,0.4823715710878122,0.0002323208387175,Data\NafisaData\LAS_Nafisa_Requested_Data_0.7Torr\OscopeData_Laser_True\Scope_TrialNumber_0_110.00W_0.70Torr_5.00NitrogenFlow_2420.00MHz.csv,Data\NafisaData\LAS_Nafisa_Requested_Data_0.7Torr\OscopeData_Laser_True\Plasma_Off_Measuremnt_5.0.csv,True,33a310dd|Scope_TrialNumber_0_110.00W_0.70Torr_5.00NitrogenFlow_2420.00MHz.csv,1086.458629363647,60.50490786210801,10.86458629363647,61.47262082207048,82144632393.34857,2280677540.7732515,10035438651.013105,10291332224.898546,1.6060489256041777,0.033686755478774956,0.24357153625133363,0.005082725186014526,3,1.7426779576980582,1.6426917853082619
33a310dd,2026-09-22 15:36:42.909855,2026-09-22,0.7,0.7040000000000001,74.4,5.603,7.0,30,2420,49.0,39.66666666666666,0.0471404520791038,9.6,0.0,30.066666666666663,0.0471404520791038,0.491952297746749,0.0002925061543659,Data\NafisaData\LAS_Nafisa_Requested_Data_0.7Torr\OscopeData_Laser_True\Scope_TrialNumber_0_30.00W_0.70Torr_7.00NitrogenFlow_2420.00MHz.csv,Data\NafisaData\LAS_Nafisa_Requested_Data_0.7Torr\OscopeData_Laser_True\Plasma_Off_Measuremnt_7.0.csv,True,33a310dd|Scope_TrialNumber_0_30.00W_0.70Torr_7.00NitrogenFlow_2420.00MHz.csv,1138.0062464240407,63.55557233109427,11.380062464240407,64.5663735703266,36341182984.18569,1123329700.9620264,4439726634.8052635,4579633414.244279,1.6437073504868323,0.03194652878582424,0.10775722662270595,0.002535064015026543,3,1.3278940116278073,0.813847427905208
33a310dd,2026-09-22 15:37:01.189470,2026-09-22,0.7,0.7040000000000001,74.41,5.607,7.0,35,2420,48.9,44.76666666666667,0.0471404520791004,9.7,0.0,35.06666666666666,0.0471404520791004,0.4654881921237426,0.0002452225442055,Data\NafisaData\LAS_Nafisa_Requested_Data_0.7Torr\OscopeData_Laser_True\Scope_TrialNumber_0_35.00W_0.70Torr_7.00NitrogenFlow_2420.00MHz.csv,Data\NafisaData\LAS_Nafisa_Requested_Data_0.7Torr\OscopeData_Laser_True\Plasma_Off_Measuremnt_7.0.csv,True,33a310dd|Scope_TrialNumber_0_35.00W_0.70Torr_7.00NitrogenFlow_2420.00MHz.csv,1067.6608556802476,56.95378650718244,10.676608556802476,57.9458692900616,39333779421.37804,1017433987.4008876,4805325908.643099,4911855963.583938,1.5920944721109798,0.02912499414052663,0.11663073777431503,0.0019941110151353407,3,1.3396637272765886,0.7124507248822327
33a310dd,2026-09-22 15:37:19.520303,2026-09-22,0.7,0.7040000000000001,74.41,5.593,7.0,40,2420,49.3,50.4,0.0816496580927737,10.5,0.0,39.9,0.0816496580927737,0.4564359138081351,0.0003697212805186,Data\NafisaData\LAS_Nafisa_Requested_Data_0.7Torr\OscopeData_Laser_True\Scope_TrialNumber_0_40.00W_0.70Torr_7.00NitrogenFlow_2420.00MHz.csv,Data\NafisaData\LAS_Nafisa_Requested_Data_0.7Torr\OscopeData_Laser_True\Plasma_Off_Measuremnt_7.0.csv,True,33a310dd|Scope_TrialNumber_0_40.00W_0.70Torr_7.00NitrogenFlow_2420.00MHz.csv,1062.552249257571,50.83608216374236,10.62552249257571,51.93466066124815,43177942195.30008,992452353.3125579,5274959268.22128,5367509380.987537,1.588280931218113,0.02938303521161141,0.12802927478353532,0.0022113039970362187,3,1.4437295996925508,0.2702245440835781
33a310dd,2026-09-22 15:37:37.970404,2026-09-22,0.7,0.7040000000000001,74.4,5.594,7.0,45,2420,49.8,56.23333333333333,0.1247219128924633,11.233333333333334,0.0471404520791038,45.0,0.1632993161855475,0.4469490501285081,0.0013516945606186,Data\NafisaData\LAS_Nafisa_Requested_Data_0.7Torr\OscopeData_Laser_True\Scope_TrialNumber_0_45.00W_0.70Torr_7.00NitrogenFlow_2420.00MHz.csv,Data\NafisaData\LAS_Nafisa_Requested_Data_0.7Torr\OscopeData_Laser_True\Plasma_Off_Measuremnt_7.0.csv,True,33a310dd|Scope_TrialNumber_0_45.00W_0.70Torr_7.00NitrogenFlow_2420.00MHz.csv,1027.628205762898,55.975624443256606,10.27628205762898,56.91109298493971,46034910714.17434,1219632903.7387047,5623989161.76013,5754716197.300916,1.5619609870906515,0.02986503285731847,0.13650062818653927,0.002463570078984986,3,1.583350288837344,0.6890808231523452
33a310dd,2026-09-22 15:37:56.311930,2026-09-22,0.7,0.7040000000000001,74.39,5.589,7.0,50,2420,50.4,62.06666666666666,0.0942809041582076,12.166666666666666,0.047140452079103,49.9,0.1414213562373115,0.4427481877472137,0.001193858496051,Data\NafisaData\LAS_Nafisa_Requested_Data_0.7Torr\OscopeData_Laser_True\Scope_TrialNumber_0_50.00W_0.70Torr_7.00NitrogenFlow_2420.00MHz.csv,Data\NafisaData\LAS_Nafisa_Requested_Data_0.7Torr\OscopeData_Laser_True\Plasma_Off_Measuremnt_7.0.csv,True,33a310dd|Scope_TrialNumber_0_50.00W_0.70Torr_7.00NitrogenFlow_2420.00MHz.csv,1087.0693873976818,77.98046121386959,10.870693873976817,78.73451794752754,50169101197.72858,1772601762.8626335,6129054602.562689,6380237247.226673,1.6065002863100228,0.04588932907018888,0.1487591421989105,0.004148947549728183,3,1.4804427846568915,1.7131206491880373
33a310dd,2026-09-22 15:38:14.695374,2026-09-22,0.7,0.7040000000000001,74.4,5.597,7.0,55,2420,51.1,68.46666666666667,0.0942809041582009,13.5,0.0,54.96666666666667,0.0942809041582009,0.4440456301671935,0.0003055099425906,Data\NafisaData\LAS_Nafisa_Requested_Data_0.7Torr\OscopeData_Laser_True\Scope_TrialNumber_0_55.00W_0.70Torr_7.00NitrogenFlow_2420.00MHz.csv,Data\NafisaData\LAS_Nafisa_Requested_Data_0.7Torr\OscopeData_Laser_True\Plasma_Off_Measuremnt_7.0.csv,True,33a310dd|Scope_TrialNumber_0_55.00W_0.70Torr_7.00NitrogenFlow_2420.00MHz.csv,1115.2733976411926,57.376369197444575,11.152733976411925,58.45024565756828,52478906417.28531,1308671257.1971366,6411238695.439929,6543439620.667422,1.6272071576960427,0.028805773083900595,0.15560807181703537,0.0025737357083064467,3,1.6245956655326803,0.4741753143677569
33a310dd,2026-09-22 15:38:33.213580,2026-09-22,0.7,0.7040000000000001,74.4,5.602,7.0,60,2420,51.7,74.33333333333333,0.0471404520791071,14.300000000000002,1.7763568394002505e-15,60.03333333333334,0.0471404520791071,0.4386077286371146,0.0001390306104501,Data\NafisaData\LAS_Nafisa_Requested_Data_0.7Torr\OscopeData_Laser_True\Scope_TrialNumber_0_60.00W_0.70Torr_7.00NitrogenFlow_2420.00MHz.csv,Data\NafisaData\LAS_Nafisa_Requested_Data_0.7Torr\OscopeData_Laser_True\Plasma_Off_Measuremnt_7.0.csv,True,33a310dd|Scope_TrialNumber_0_60.00W_0.70Torr_7.00NitrogenFlow_2420.00MHz.csv,1080.7406756930075,48.68530399846532,10.807406756930074,49.87042075451862,54307573365.70213,1180397326.260217,6634643127.832987,6738829815.445984,1.6018170902720503,0.026370957895721713,0.1610303520676192,0.0024744804270690848,3,1.5949158276030897,0.39225598265990486
33a310dd,2026-09-22 15:38:51.512243,2026-09-22,0.7,0.7040000000000001,74.39,5.602,7.0,65,2420,52.2,79.43333333333334,0.2054804667656324,14.5,0.0,64.93333333333334,0.2054804667656324,0.4272515988089864,0.0005523596880678,Data\NafisaData\LAS_Nafisa_Requested_Data_0.7Torr\OscopeData_Laser_True\Scope_TrialNumber_0_65.00W_0.70Torr_7.00NitrogenFlow_2420.00MHz.csv,Data\NafisaData\LAS_Nafisa_Requested_Data_0.7Torr\OscopeData_Laser_True\Plasma_Off_Measuremnt_7.0.csv,True,33a310dd|Scope_TrialNumber_0_65.00W_0.70Torr_7.00NitrogenFlow_2420.00MHz.csv,1070.1103445243002,51.28886713643274,10.701103445243003,52.39333456733254,56995231538.763374,1384580769.3457015,6962988729.058588,7099315174.567112,1.5939197630698079,0.024533666459289363,0.16899967411651776,0.0026869016589081717,3,1.5433962404284036,0.9332750336678501
33a310dd,2026-09-22 15:39:09.953177,2026-09-22,0.7,0.7040000000000001,74.4,5.607,7.0,70,2420,52.8,85.53333333333335,0.3299831645537264,15.5,0.141421356237309,70.03333333333335,0.2054804667656385,0.4256890534094523,0.0012224866721943,Data\NafisaData\LAS_Nafisa_Requested_Data_0.7Torr\OscopeData_Laser_True\Scope_TrialNumber_0_70.00W_0.70Torr_7.00NitrogenFlow_2420.00MHz.csv,Data\NafisaData\LAS_Nafisa_Requested_Data_0.7Torr\OscopeData_Laser_True\Plasma_Off_Measuremnt_7.0.csv,True,33a310dd|Scope_TrialNumber_0_70.00W_0.70Torr_7.00NitrogenFlow_2420.00MHz.csv,1067.6385606236502,57.6539287965949,10.676385606236503,58.63412585939939,59709168742.73808,1595649051.2734294,7294544784.757676,7467026149.121564,1.5920778488445724,0.02762462496712058,0.17704691755533916,0.0029951111345470436,3,1.489763375689259,1.21272303091175
33a310dd,2026-09-22 15:39:28.304138,2026-09-22,0.7,0.7040000000000001,74.41,5.604,7.0,75,2420,53.4,92.16666666666669,0.2494438257849279,17.133333333333333,0.094280904158206,75.03333333333333,0.2494438257849266,0.4311548073285944,0.0012213224558401,Data\NafisaData\LAS_Nafisa_Requested_Data_0.7Torr\OscopeData_Laser_True\Scope_TrialNumber_0_75.00W_0.70Torr_7.00NitrogenFlow_2420.00MHz.csv,Data\NafisaData\LAS_Nafisa_Requested_Data_0.7Torr\OscopeData_Laser_True\Plasma_Off_Measuremnt_7.0.csv,True,33a310dd|Scope_TrialNumber_0_75.00W_0.70Torr_7.00NitrogenFlow_2420.00MHz.csv,1086.1001425378251,80.23969435346346,10.861001425378252,80.97141410336926,61692257858.72783,2578332137.278028,7536814651.73706,7965636930.262331,1.605783938577985,0.04615735013835587,0.182927083409536,0.006358967998169742,3,1.4585419632478898,2.1075874593968495
33a310dd,2026-09-22 15:39:46.785952,2026-09-22,0.7,0.7040000000000001,74.41,5.598,7.0,80,2420,54.1,99.23333333333332,0.0942809041582076,19.3,0.0816496580927723,79.93333333333334,0.0471404520791038,0.4410102278964409,0.0007586365131705,Data\NafisaData\LAS_Nafisa_Requested_Data_0.7Torr\OscopeData_Laser_True\Scope_TrialNumber_0_80.00W_0.70Torr_7.00NitrogenFlow_2420.00MHz.csv,Data\NafisaData\LAS_Nafisa_Requested_Data_0.7Torr\OscopeData_Laser_True\Plasma_Off_Measuremnt_7.0.csv,True,33a310dd|Scope_TrialNumber_0_80.00W_0.70Torr_7.00NitrogenFlow_2420.00MHz.csv,1101.3798932342766,71.02828672298367,11.013798932342766,71.87712627619757,62620044378.749756,2139360948.8879974,7650160398.521008,7943665362.584583,1.6170399375463942,0.03842278561478495,0.18567811389577527,0.004884551152146306,3,1.5026236625700082,1.7117783715500714
33a310dd,2026-09-22 15:40:05.156232,2026-09-22,0.7,0.7040000000000001,74.41,5.592,7.0,85,2420,55.0,107.66666666666669,0.0942809041582076,22.766666666666666,0.0471404520791038,84.89999999999999,0.1414213562373081,0.4598425760801247,0.0006773428206773,Data\NafisaData\LAS_Nafisa_Requested_Data_0.7Torr\OscopeData_Laser_True\Scope_TrialNumber_0_85.00W_0.70Torr_7.00NitrogenFlow_2420.00MHz.csv,Data\NafisaData\LAS_Nafisa_Requested_Data_0.7Torr\OscopeData_Laser_True\Plasma_Off_Measuremnt_7.0.csv,True,33a310dd|Scope_TrialNumber_0_85.00W_0.70Torr_7.00NitrogenFlow_2420.00MHz.csv,1079.9368424040902,53.17390239923281,10.799368424040901,54.25947156691915,63619406303.44164,1609493644.436624,7772250363.418287,7937149709.003704,1.6012212797137888,0.024743134515742823,0.1886413765238518,0.003115261370558919,3,1.4472651921088489,1.1830850641306467
33a310dd,2026-09-22 15:40:23.495775,2026-09-22,0.7,0.7040000000000001,74.41,5.59,7.0,90,2420,56.1,118.96666666666664,0.1247219128924639,28.866666666666664,0.0471404520791021,90.09999999999998,0.0816496580927679,0.4925899312838983,0.0001794920834065,Data\NafisaData\LAS_Nafisa_Requested_Data_0.7Torr\OscopeData_Laser_True\Scope_TrialNumber_0_90.00W_0.70Torr_7.00NitrogenFlow_2420.00MHz.csv,Data\NafisaData\LAS_Nafisa_Requested_Data_0.7Torr\OscopeData_Laser_True\Plasma_Off_Measuremnt_7.0.csv,True,33a310dd|Scope_TrialNumber_0_90.00W_0.70Torr_7.00NitrogenFlow_2420.00MHz.csv,1031.296967646603,57.67207179985005,10.31296967646603,58.586903052088076,58450385524.04071,1612454593.4516623,7140761860.686972,7320552558.8568125,1.5647467015117273,0.022728995660266815,0.1733144306788096,0.0023902822157045576,3,1.5043462973313928,0.7740809024557352
33a310dd,2026-09-22 15:40:41.945168,2026-09-22,0.7,0.7040000000000001,74.4,5.603,7.0,95,2420,57.5,128.36666666666667,0.0471404520791004,33.333333333333336,0.0471404520791038,95.03333333333336,0.0471404520791038,0.5095808817470525,0.0003237213627772,Data\NafisaData\LAS_Nafisa_Requested_Data_0.7Torr\OscopeData_Laser_True\Scope_TrialNumber_0_95.00W_0.70Torr_7.00NitrogenFlow_2420.00MHz.csv,Data\NafisaData\LAS_Nafisa_Requested_Data_0.7Torr\OscopeData_Laser_True\Plasma_Off_Measuremnt_7.0.csv,True,33a310dd|Scope_TrialNumber_0_95.00W_0.70Torr_7.00NitrogenFlow_2420.00MHz.csv,1095.706381508891,52.58253033584415,10.95706381508891,53.712007446826085,58534295095.83212,1488198169.7932706,7151012918.308281,7304226143.157669,1.6128696505896112,0.028503497268859965,0.17356323553327116,0.003396552209721857,3,1.5185306825655431,1.2008339750394104
33a310dd,2026-09-22 15:41:00.259751,2026-09-22,0.7,0.7040000000000001,74.42,5.591,7.0,100,2420,58.7,136.20000000000002,0.1414213562373148,36.43333333333333,0.0942809041582076,99.76666666666664,0.124721912892469,0.5172024406024754,0.0005837955293648,Data\NafisaData\LAS_Nafisa_Requested_Data_0.7Torr\OscopeData_Laser_True\Scope_TrialNumber_0_100.00W_0.70Torr_7.00NitrogenFlow_2420.00MHz.csv,Data\NafisaData\LAS_Nafisa_Requested_Data_0.7Torr\OscopeData_Laser_True\Plasma_Off_Measuremnt_7.0.csv,True,33a310dd|Scope_TrialNumber_0_100.00W_0.70Torr_7.00NitrogenFlow_2420.00MHz.csv,1091.4479763870156,81.2444642597719,10.914479763870157,81.97431818181403,58616543512.22717,2390822948.1183667,7161061036.034623,7549624462.916196,1.6097324330049039,0.050279780456353236,0.17380711480513464,0.006154856648221479,3,1.576518109331977,1.9361291814560115
33a310dd,2026-09-22 15:41:18.705356,2026-09-22,0.7,0.7040000000000001,74.39,5.591,7.0,105,2420,59.9,143.56666666666666,0.2494438257849279,38.46666666666666,0.3091206165165224,105.1,0.0816496580927737,0.5176199190515188,0.0016381274864738,Data\NafisaData\LAS_Nafisa_Requested_Data_0.7Torr\OscopeData_Laser_True\Scope_TrialNumber_0_105.00W_0.70Torr_7.00NitrogenFlow_2420.00MHz.csv,Data\NafisaData\LAS_Nafisa_Requested_Data_0.7Torr\OscopeData_Laser_True\Plasma_Off_Measuremnt_7.0.csv,True,33a310dd|Scope_TrialNumber_0_105.00W_0.70Torr_7.00NitrogenFlow_2420.00MHz.csv,1156.319439153139,66.10414344843966,11.56319439153139,67.10786277023156,61750635584.0859,1743313984.0333543,7543946536.856605,7742756162.883925,1.6568801222663494,0.024887960582427596,0.183100182391588,0.0026255010349234545,3,1.544429481631268,0.2314140159877907
33a310dd,2026-09-22 15:41:37.135479,2026-09-22,0.7,0.7040000000000001,74.4,5.6,7.0,110,2420,61.0,150.3,0.0816496580927795,40.333333333333336,0.0471404520791038,109.96666666666664,0.094280904158211,0.5180271733075902,0.0003337125184136,Data\NafisaData\LAS_Nafisa_Requested_Data_0.7Torr\OscopeData_Laser_True\Scope_TrialNumber_0_110.00W_0.70Torr_7.00NitrogenFlow_2420.00MHz.csv,Data\NafisaData\LAS_Nafisa_Requested_Data_0.7Torr\OscopeData_Laser_True\Plasma_Off_Measuremnt_7.0.csv,True,33a310dd|Scope_TrialNumber_0_110.00W_0.70Torr_7.00NitrogenFlow_2420.00MHz.csv,1130.7008816717703,56.84267107352259,11.307008816717703,57.956343079545775,62956811581.81805,1819036746.7551277,7691302546.310798,7903482115.177616,1.6384230144574747,0.025434114479274513,0.18667668072382584,0.003933472285445346,3,1.5867518441681263,1.0681827891415216
33a310dd,2026-09-22 15:42:37.902045,2026-09-22,0.7,0.703,72.81,7.204,9.0,30,2420,51.1,40.03333333333333,0.2054804667656324,10.0,0.0,30.03333333333333,0.2054804667656324,0.4997967295012678,0.0012815047043711,Data\NafisaData\LAS_Nafisa_Requested_Data_0.7Torr\OscopeData_Laser_True\Scope_TrialNumber_0_30.00W_0.70Torr_9.00NitrogenFlow_2420.00MHz.csv,Data\NafisaData\LAS_Nafisa_Requested_Data_0.7Torr\OscopeData_Laser_True\Plasma_Off_Measuremnt_9.0.csv,True,33a310dd|Scope_TrialNumber_0_30.00W_0.70Torr_9.00NitrogenFlow_2420.00MHz.csv,1117.169416779277,60.238808811977066,11.17169416779277,61.26598434420703,27452813094.245365,791269184.4322768,3353852997.792909,3445930477.1043487,1.6285897360746713,0.030104470184892818,0.08140183557906469,0.0017183056644150645,3,1.1190538828087266,1.4483753262837502
33a310dd,2026-09-22 15:42:56.282653,2026-09-22,0.7,0.703,72.79,7.203,9.0,35,2420,51.0,45.9,0.0,10.800000000000002,1.7763568394002505e-15,35.099999999999994,0.0,0.485071250072666,0.0,Data\NafisaData\LAS_Nafisa_Requested_Data_0.7Torr\OscopeData_Laser_True\Scope_TrialNumber_0_35.00W_0.70Torr_9.00NitrogenFlow_2420.00MHz.csv,Data\NafisaData\LAS_Nafisa_Requested_Data_0.7Torr\OscopeData_Laser_True\Plasma_Off_Measuremnt_9.0.csv,True,33a310dd|Scope_TrialNumber_0_35.00W_0.70Torr_9.00NitrogenFlow_2420.00MHz.csv,1134.0799448727837,81.32750251168467,11.340799448727838,82.11441040964942,30094378363.339527,1175743886.1147172,3676567524.9418297,3859989954.804679,1.640869375331911,0.04505582894979047,0.08923448504081492,0.002814294454061123,3,1.1401014779839502,1.9280452504855405
33a310dd,2026-09-22 15:43:14.702090,2026-09-22,0.7,0.703,72.79,7.196,9.0,40,2420,51.3,51.13333333333333,0.0471404520791038,11.1,0.0,40.03333333333333,0.0471404520791038,0.4659180925220643,0.0002146629232048,Data\NafisaData\LAS_Nafisa_Requested_Data_0.7Torr\OscopeData_Laser_True\Scope_TrialNumber_0_40.00W_0.70Torr_9.00NitrogenFlow_2420.00MHz.csv,Data\NafisaData\LAS_Nafisa_Requested_Data_0.7Torr\OscopeData_Laser_True\Plasma_Off_Measuremnt_9.0.csv,True,33a310dd|Scope_TrialNumber_0_40.00W_0.70Torr_9.00NitrogenFlow_2420.00MHz.csv,1058.2118160956568,47.896025884220826,10.582118160956568,49.05110111174262,32359206004.600464,763504614.265343,3953256800.7566814,4026310796.3411646,1.585033617113915,0.01967166683411544,0.09595004918485849,0.0013521546112672765,3,1.1441304974233792,0.9528916839595489
33a310dd,2026-09-22 15:43:32.913394,2026-09-22,0.7,0.703,72.8,7.2,9.0,45,2420,51.7,57.1,0.0,12.1,0.0,45.0,0.0,0.4603356728505559,0.0,Data\NafisaData\LAS_Nafisa_Requested_Data_0.7Torr\OscopeData_Laser_True\Scope_TrialNumber_0_45.00W_0.70Torr_9.00NitrogenFlow_2420.00MHz.csv,Data\NafisaData\LAS_Nafisa_Requested_Data_0.7Torr\OscopeData_Laser_True\Plasma_Off_Measuremnt_9.0.csv,True,33a310dd|Scope_TrialNumber_0_45.00W_0.70Torr_9.00NitrogenFlow_2420.00MHz.csv,1121.2073377791617,62.628521778180364,11.212073377791617,63.62422753597088,36061383657.601326,1076497401.0828147,4405544133.834456,4535158847.24022,1.6315302861368588,0.032167760468466026,0.10692757835680462,0.0023905695982908,3,1.1960977754834903,1.4322464434939641
33a310dd,2026-09-22 15:43:51.194565,2026-09-22,0.7,0.703,72.79,7.206,9.0,50,2420,52.2,62.79999999999999,7.105427357601002e-15,12.766666666666666,0.0471404520791038,50.03333333333333,0.0471404520791004,0.4508771192335206,0.0008329705903418,Data\NafisaData\LAS_Nafisa_Requested_Data_0.7Torr\OscopeData_Laser_True\Scope_TrialNumber_0_50.00W_0.70Torr_9.00NitrogenFlow_2420.00MHz.csv,Data\NafisaData\LAS_Nafisa_Requested_Data_0.7Torr\OscopeData_Laser_True\Plasma_Off_Measuremnt_9.0.csv,True,33a310dd|Scope_TrialNumber_0_50.00W_0.70Torr_9.00NitrogenFlow_2420.00MHz.csv,1122.029012506623,59.07702977595729,11.220290125066231,60.133105338407425,39275281899.690186,952031150.6339995,4798179388.255452,4891716340.269227,1.6321280086259502,0.030894768413925265,0.11645728357762232,0.001851745185730093,3,1.19518600193356,1.3806911821413543
33a310dd,2026-09-22 15:44:09.482723,2026-09-22,0.7,0.703,72.78,7.202,9.0,55,2420,52.7,68.86666666666666,0.0471404520791071,13.800000000000002,1.7763568394002505e-15,55.06666666666667,0.0471404520791071,0.4476463918469708,0.0001532665977426,Data\NafisaData\LAS_Nafisa_Requested_Data_0.7Torr\OscopeData_Laser_True\Scope_TrialNumber_0_55.00W_0.70Torr_9.00NitrogenFlow_2420.00MHz.csv,Data\NafisaData\LAS_Nafisa_Requested_Data_0.7Torr\OscopeData_Laser_True\Plasma_Off_Measuremnt_9.0.csv,True,33a310dd|Scope_TrialNumber_0_55.00W_0.70Torr_9.00NitrogenFlow_2420.00MHz.csv,1099.4947509305384,58.57311459556854,10.994947509305385,59.596129271606095,41032017866.39028,1083309817.3913043,5012796162.427961,5128516893.460416,1.615655467059573,0.03390893931006053,0.12166627734544593,0.0025171433326558047,3,1.2264135695054725,1.511817893717265
33a310dd,2026-09-22 15:44:27.932100,2026-09-22,0.7,0.703,72.8,7.197,9.0,60,2420,53.3,74.83333333333333,0.1247219128924639,14.9,0.0,59.93333333333334,0.1247219128924639,0.4462169270581984,0.0003716697362973,Data\NafisaData\LAS_Nafisa_Requested_Data_0.7Torr\OscopeData_Laser_True\Scope_TrialNumber_0_60.00W_0.70Torr_9.00NitrogenFlow_2420.00MHz.csv,Data\NafisaData\LAS_Nafisa_Requested_Data_0.7Torr\OscopeData_Laser_True\Plasma_Off_Measuremnt_9.0.csv,True,33a310dd|Scope_TrialNumber_0_60.00W_0.70Torr_9.00NitrogenFlow_2420.00MHz.csv,1095.2236931897642,60.48524976649832,10.952236931897643,61.46882895523639,42472134146.33713,1203799528.3716185,5188732168.91622,5326544360.582548,1.6125143550872334,0.027791708592470127,0.1259364447863025,0.002314966242856612,3,1.2994478599817274,1.1425236926643183
33a310dd,2026-09-22 15:44:46.372615,2026-09-22,0.7,0.703,72.81,7.2,9.0,65,2420,53.9,80.7,0.2449489742783155,15.633333333333333,0.047140452079103,65.06666666666668,0.205480466765627,0.4401383131529084,0.0003451138489931,Data\NafisaData\LAS_Nafisa_Requested_Data_0.7Torr\OscopeData_Laser_True\Scope_TrialNumber_0_65.00W_0.70Torr_9.00NitrogenFlow_2420.00MHz.csv,Data\NafisaData\LAS_Nafisa_Requested_Data_0.7Torr\OscopeData_Laser_True\Plasma_Off_Measuremnt_9.0.csv,True,33a310dd|Scope_TrialNumber_0_65.00W_0.70Torr_9.00NitrogenFlow_2420.00MHz.csv,1164.4751658918044,93.1575560234722,11.644751658918045,93.8825355721938,45604815007.43428,2042808846.8605652,5571445265.058688,5934144447.715835,1.66271299042268,0.05458516929286473,0.13522532791464636,0.005209658172725097,3,1.2751325042968387,2.167760948114271
33a310dd,2026-09-22 15:45:04.612346,2026-09-22,0.7,0.703,72.79,7.205,9.0,70,2420,54.4,85.8,0.1414213562373148,15.833333333333334,0.047140452079103,69.96666666666668,0.188561808316422,0.4295789861640212,0.0009938683078572,Data\NafisaData\LAS_Nafisa_Requested_Data_0.7Torr\OscopeData_Laser_True\Scope_TrialNumber_0_70.00W_0.70Torr_9.00NitrogenFlow_2420.00MHz.csv,Data\NafisaData\LAS_Nafisa_Requested_Data_0.7Torr\OscopeData_Laser_True\Plasma_Off_Measuremnt_9.0.csv,True,33a310dd|Scope_TrialNumber_0_70.00W_0.70Torr_9.00NitrogenFlow_2420.00MHz.csv,1108.455712726215,56.47996327490669,11.084557127262151,57.55739447058342,46696121116.98152,1207470988.451601,5704767859.521037,5831154475.65716,1.6222259612200691,0.02311654078581849,0.1384612192672311,0.002065939806304841,3,1.2779481253271923,0.9013373371179948
33a310dd,2026-09-22 15:45:22.963639,2026-09-22,0.7,0.703,72.8,7.204,9.0,75,2420,54.9,91.36666666666667,0.1247219128924639,16.333333333333332,0.0471404520791021,75.03333333333335,0.0942809041582043,0.4228078587517337,0.0004347001656311,Data\NafisaData\LAS_Nafisa_Requested_Data_0.7Torr\OscopeData_Laser_True\Scope_TrialNumber_0_75.00W_0.70Torr_9.00NitrogenFlow_2420.00MHz.csv,Data\NafisaData\LAS_Nafisa_Requested_Data_0.7Torr\OscopeData_Laser_True\Plasma_Off_Measuremnt_9.0.csv,True,33a310dd|Scope_TrialNumber_0_75.00W_0.70Torr_9.00NitrogenFlow_2420.00MHz.csv,1128.95115466052,48.909453969395564,11.2895115466052,50.195495400935684,49482815119.54611,1045519986.1853433,6045212461.76808,6134957681.144108,1.6371548174570243,0.025499890095159416,0.14672419786352944,0.002175368141540574,3,1.3862333456851197,0.744784214919998
33a310dd,2026-09-22 15:45:41.484833,2026-09-22,0.7,0.703,72.79,7.209,9.0,80,2420,55.4,97.5,0.2160246899469273,17.566666666666666,0.0471404520791038,79.93333333333334,0.1885618083164053,0.4244654607830003,0.000441614446084,Data\NafisaData\LAS_Nafisa_Requested_Data_0.7Torr\OscopeData_Laser_True\Scope_TrialNumber_0_80.00W_0.70Torr_9.00NitrogenFlow_2420.00MHz.csv,Data\NafisaData\LAS_Nafisa_Requested_Data_0.7Torr\OscopeData_Laser_True\Plasma_Off_Measuremnt_9.0.csv,True,33a310dd|Scope_TrialNumber_0_80.00W_0.70Torr_9.00NitrogenFlow_2420.00MHz.csv,1095.2714132545989,69.22101381180569,10.952714132545989,70.08217105657805,50601888035.82926,1583067689.1245446,6181927269.177446,6381404866.465522,1.6125494841900263,0.023477461675590814,0.15004242209139046,0.002079865155581903,3,1.3689092278917587,0.5698244924822029
33a310dd,2026-09-22 15:45:59.946764,2026-09-22,0.7,0.703,72.8,7.204,9.0,85,2420,55.9,104.36666666666667,0.0942809041582076,19.5,0.0,84.86666666666666,0.0942809041582076,0.4322515229199437,0.0001951464026372,Data\NafisaData\LAS_Nafisa_Requested_Data_0.7Torr\OscopeData_Laser_True\Scope_TrialNumber_0_85.00W_0.70Torr_9.00NitrogenFlow_2420.00MHz.csv,Data\NafisaData\LAS_Nafisa_Requested_Data_0.7Torr\OscopeData_Laser_True\Plasma_Off_Measuremnt_9.0.csv,True,33a310dd|Scope_TrialNumber_0_85.00W_0.70Torr_9.00NitrogenFlow_2420.00MHz.csv,1131.1694514354003,73.77329154363454,11.311694514354004,74.6354672924888,52098780836.127075,1819922552.7498655,6364799544.904476,6619878499.249349,1.6387624658442046,0.03226763714134616,0.1544809406938746,0.003605052097769703,3,1.4141357376887154,1.3307909507733622
33a310dd,2026-09-22 15:46:18.334123,2026-09-22,0.7,0.703,72.79,7.2,9.0,90,2420,56.4,111.86666666666667,0.2624669291337253,21.83333333333333,0.094280904158206,90.03333333333335,0.1699673171197563,0.4417824597622807,0.0004500640505589,Data\NafisaData\LAS_Nafisa_Requested_Data_0.7Torr\OscopeData_Laser_True\Scope_TrialNumber_0_90.00W_0.70Torr_9.00NitrogenFlow_2420.00MHz.csv,Data\NafisaData\LAS_Nafisa_Requested_Data_0.7Torr\OscopeData_Laser_True\Plasma_Off_Measuremnt_9.0.csv,True,33a310dd|Scope_TrialNumber_0_90.00W_0.70Torr_9.00NitrogenFlow_2420.00MHz.csv,1108.6200361344688,59.438243798578206,11.08620036134469,60.46328360510285,51651847843.544495,1413500458.1008277,6310198672.05987,6466574891.387047,1.6223462004940192,0.02603021692278814,0.1531557152660771,0.0025977725642677358,3,1.396573123076484,1.066515515645101
33a310dd,2026-09-22 15:46:36.807288,2026-09-22,0.7,0.703,72.81,7.196,9.0,95,2420,57.1,120.23333333333332,0.1699673171197609,25.366666666666664,0.0471404520791021,94.86666666666667,0.2054804667656385,0.4593244811478674,0.0006927492247176,Data\NafisaData\LAS_Nafisa_Requested_Data_0.7Torr\OscopeData_Laser_True\Scope_TrialNumber_0_95.00W_0.70Torr_9.00NitrogenFlow_2420.00MHz.csv,Data\NafisaData\LAS_Nafisa_Requested_Data_0.7Torr\OscopeData_Laser_True\Plasma_Off_Measuremnt_9.0.csv,True,33a310dd|Scope_TrialNumber_0_95.00W_0.70Torr_9.00NitrogenFlow_2420.00MHz.csv,1102.5937272896683,71.03511002459476,11.025937272896684,71.88572980051141,52838368550.66711,1891320162.3761964,6455153435.597771,6726521971.548181,1.6179307644300405,0.03836131023337079,0.1566739326225562,0.004447309042385004,3,1.4590457002283805,1.5705208404875726
33a310dd,2026-09-22 15:46:55.151476,2026-09-22,0.7,0.703,72.79,7.198,9.0,100,2420,58.0,130.29999999999998,0.1414213562373148,30.3,0.0,100.0,0.1414213562373148,0.4822245296031722,0.0002615412063662,Data\NafisaData\LAS_Nafisa_Requested_Data_0.7Torr\OscopeData_Laser_True\Scope_TrialNumber_0_100.00W_0.70Torr_9.00NitrogenFlow_2420.00MHz.csv,Data\NafisaData\LAS_Nafisa_Requested_Data_0.7Torr\OscopeData_Laser_True\Plasma_Off_Measuremnt_9.0.csv,True,33a310dd|Scope_TrialNumber_0_100.00W_0.70Torr_9.00NitrogenFlow_2420.00MHz.csv,1143.0787803677574,48.62218824918543,11.430787803677575,49.947773723679916,53561133815.4459,1227838987.4576628,6543452162.64105,6657653849.810225,1.647366597019091,0.023768155319515743,0.1588170433866081,0.00266390575481298,3,1.3981783791008144,0.985872366716922
33a310dd,2026-09-22 15:47:13.532480,2026-09-22,0.7,0.703,72.79,7.206,9.0,105,2420,59.3,142.16666666666666,0.1247219128924677,37.0,0.0,105.16666666666669,0.1247219128924677,0.5101549406983393,0.0002238341734229,Data\NafisaData\LAS_Nafisa_Requested_Data_0.7Torr\OscopeData_Laser_True\Scope_TrialNumber_0_105.00W_0.70Torr_9.00NitrogenFlow_2420.00MHz.csv,Data\NafisaData\LAS_Nafisa_Requested_Data_0.7Torr\OscopeData_Laser_True\Plasma_Off_Measuremnt_9.0.csv,True,33a310dd|Scope_TrialNumber_0_105.00W_0.70Torr_9.00NitrogenFlow_2420.00MHz.csv,1164.4179137044835,61.24649145249245,11.644179137044835,62.343561199339746,50610083547.87455,1528198320.473165,6182928497.814642,6368986961.502232,1.6626721157314566,0.02749352049226097,0.15006672305179503,0.0033338922531182917,3,1.3901943702876356,1.0623678244386061
33a310dd,2026-09-22 15:47:31.957605,2026-09-22,0.7,0.703,72.81,7.198,9.0,110,2420,60.4,148.9,0.1632993161855475,38.833333333333336,0.2494438257849298,110.06666666666666,0.0942809041582009,0.5106839256054986,0.001367525286314,Data\NafisaData\LAS_Nafisa_Requested_Data_0.7Torr\OscopeData_Laser_True\Scope_TrialNumber_0_110.00W_0.70Torr_9.00NitrogenFlow_2420.00MHz.csv,Data\NafisaData\LAS_Nafisa_Requested_Data_0.7Torr\OscopeData_Laser_True\Plasma_Off_Measuremnt_9.0.csv,True,33a310dd|Scope_TrialNumber_0_110.00W_0.70Torr_9.00NitrogenFlow_2420.00MHz.csv,1181.869901885427,66.39217483487364,11.81869901885427,67.4359142134419,52156310399.14458,1448845796.8670127,6371827811.797402,6534473491.131024,1.675085621419678,0.02318787057507239,0.15465152474344393,0.0020421529783676263,3,1.39908023618379,0.48259679684789974
33a310dd,2026-09-22 15:48:18.585441,2026-09-22,0.7,0.701,71.21,8.796,11.0,30,2420,51.2,40.03333333333333,0.0942809041582076,10.0,0.0,30.03333333333333,0.0942809041582076,0.4997928377332011,0.0005892579527799,Data\NafisaData\LAS_Nafisa_Requested_Data_0.7Torr\OscopeData_Laser_True\Scope_TrialNumber_0_30.00W_0.70Torr_11.00NitrogenFlow_2420.00MHz.csv,Data\NafisaData\LAS_Nafisa_Requested_Data_0.7Torr\OscopeData_Laser_True\Plasma_Off_Measuremnt_11.0.csv,True,33a310dd|Scope_TrialNumber_0_30.00W_0.70Torr_11.00NitrogenFlow_2420.00MHz.csv,1026.1941080245501,41.19290234785887,10.261941080245501,42.45188616038947,20920299038.424202,381405127.38995075,2555789361.3259892,2584091548.4298253,1.5608707159414925,0.022606803898832094,0.06203192134607303,0.0007321834832791427,3,1.0642923534609967,1.1622258539590102
33a310dd,2026-09-22 15:48:37.051630,2026-09-22,0.7,0.701,71.19,8.801,11.0,35,2420,50.9,46.46666666666667,0.0942809041582076,11.5,0.0,34.96666666666667,0.0942809041582076,0.4974836709326944,0.0005041554766371,Data\NafisaData\LAS_Nafisa_Requested_Data_0.7Torr\OscopeData_Laser_True\Scope_TrialNumber_0_35.00W_0.70Torr_11.00NitrogenFlow_2420.00MHz.csv,Data\NafisaData\LAS_Nafisa_Requested_Data_0.7Torr\OscopeData_Laser_True\Plasma_Off_Measuremnt_11.0.csv,True,33a310dd|Scope_TrialNumber_0_35.00W_0.70Torr_11.00NitrogenFlow_2420.00MHz.csv,1022.1614600147758,45.27339008705993,10.221614600147758,46.41294275317016,22626098709.862743,544093618.5649205,2764183354.395047,2817223363.966323,1.5578008102801273,0.021603838843046508,0.0670898811226749,0.0011229311767031798,3,1.103601409207596,0.9068500744457709
33a310dd,2026-09-22 15:48:55.421237,2026-09-22,0.7,0.701,71.18,8.807,11.0,40,2420,51.0,51.93333333333334,0.0942809041582076,11.933333333333332,0.047140452079103,40.0,0.0816496580927737,0.4793548089024406,0.0008197339869788,Data\NafisaData\LAS_Nafisa_Requested_Data_0.7Torr\OscopeData_Laser_True\Scope_TrialNumber_0_40.00W_0.70Torr_11.00NitrogenFlow_2420.00MHz.csv,Data\NafisaData\LAS_Nafisa_Requested_Data_0.7Torr\OscopeData_Laser_True\Plasma_Off_Measuremnt_11.0.csv,True,33a310dd|Scope_TrialNumber_0_40.00W_0.70Torr_11.00NitrogenFlow_2420.00MHz.csv,1045.0475449899002,73.56737381250015,10.450475449899002,74.30592793846986,25025747858.72632,1015709657.503716,3057343492.991348,3221647923.4210014,1.575143767093812,0.04119318571757235,0.07420521188286507,0.0024524712784713527,3,1.1135286986393749,1.8224655475560427
33a310dd,2026-09-22 15:49:13.723013,2026-09-22,0.7,0.701,71.21,8.8,11.0,45,2420,51.2,57.53333333333333,0.0942809041582076,12.5,0.0,45.03333333333333,0.0942809041582076,0.4661177870721702,0.0003822502723853,Data\NafisaData\LAS_Nafisa_Requested_Data_0.7Torr\OscopeData_Laser_True\Scope_TrialNumber_0_45.00W_0.70Torr_11.00NitrogenFlow_2420.00MHz.csv,Data\NafisaData\LAS_Nafisa_Requested_Data_0.7Torr\OscopeData_Laser_True\Plasma_Off_Measuremnt_11.0.csv,True,33a310dd|Scope_TrialNumber_0_45.00W_0.70Torr_11.00NitrogenFlow_2420.00MHz.csv,1087.019257362809,52.858169015710736,10.87019257362809,53.96431337727926,27877902252.115566,665839279.2893556,3405785254.846416,3470261538.843122,1.6064632441281794,0.023534419131296832,0.08266229065944575,0.001151144167124819,3,1.1223505226579877,0.7840896237189451
33a310dd,2026-09-22 15:49:32.157534,2026-09-22,0.7,0.701,71.2,8.8,11.0,50,2420,51.5,63.26666666666666,0.1247219128924633,13.333333333333334,0.047140452079103,49.93333333333334,0.1247219128924633,0.4590729499993462,0.0008501103757041,Data\NafisaData\LAS_Nafisa_Requested_Data_0.7Torr\OscopeData_Laser_True\Scope_TrialNumber_0_50.00W_0.70Torr_11.00NitrogenFlow_2420.00MHz.csv,Data\NafisaData\LAS_Nafisa_Requested_Data_0.7Torr\OscopeData_Laser_True\Plasma_Off_Measuremnt_11.0.csv,True,33a310dd|Scope_TrialNumber_0_50.00W_0.70Torr_11.00NitrogenFlow_2420.00MHz.csv,1018.2825540437134,57.42705995359907,10.182825540437134,58.322869878815474,29206276718.63225,810458044.2259876,3568069996.7205534,3658956920.0727167,1.5548422236991708,0.024814341138071655,0.08660112634595998,0.0013122485682956972,3,1.1876160883895464,0.2791033763509555
33a310dd,2026-09-22 15:49:50.479787,2026-09-22,0.7,0.701,71.2,8.797,11.0,55,2420,51.9,68.93333333333334,0.1885618083164153,13.966666666666669,0.047140452079103,54.96666666666667,0.1699673171197619,0.4501236594359448,0.0006995689763359,Data\NafisaData\LAS_Nafisa_Requested_Data_0.7Torr\OscopeData_Laser_True\Scope_TrialNumber_0_55.00W_0.70Torr_11.00NitrogenFlow_2420.00MHz.csv,Data\NafisaData\LAS_Nafisa_Requested_Data_0.7Torr\OscopeData_Laser_True\Plasma_Off_Measuremnt_11.0.csv,True,33a310dd|Scope_TrialNumber_0_55.00W_0.70Torr_11.00NitrogenFlow_2420.00MHz.csv,1074.4823427454016,57.0326651677101,10.744823427454017,58.03598992538421,32522436442.250324,850145940.5093819,3973198323.352695,4063133401.312003,1.597172470249514,0.02381396911522217,0.09643405267118454,0.0013681231245542555,3,1.1972832912381892,0.31948155883727536
33a310dd,2026-09-22 15:50:09.046603,2026-09-22,0.7,0.701,71.21,8.8,11.0,60,2420,52.2,75.03333333333333,0.0471404520791004,14.9,0.0,60.13333333333333,0.0471404520791004,0.4456214406419239,0.0001399364838373,Data\NafisaData\LAS_Nafisa_Requested_Data_0.7Torr\OscopeData_Laser_True\Scope_TrialNumber_0_60.00W_0.70Torr_11.00NitrogenFlow_2420.00MHz.csv,Data\NafisaData\LAS_Nafisa_Requested_Data_0.7Torr\OscopeData_Laser_True\Plasma_Off_Measuremnt_11.0.csv,True,33a310dd|Scope_TrialNumber_0_60.00W_0.70Torr_11.00NitrogenFlow_2420.00MHz.csv,1077.0337847043775,66.15458647586111,10.770337847043775,67.02558831619196,34183947396.83847,1136378479.1750731,4176181656.1274085,4328030646.022197,1.599067651029123,0.028582121410586067,0.10136068955440254,0.002223923697063644,3,1.1952818253046364,1.153613247309928
33a310dd,2026-09-22 15:50:27.366316,2026-09-22,0.7,0.701,71.21,8.807,11.0,65,2420,52.7,81.1,0.0,16.1,0.0,65.0,0.0,0.4455562200808944,5.551115123125783e-17,Data\NafisaData\LAS_Nafisa_Requested_Data_0.7Torr\OscopeData_Laser_True\Scope_TrialNumber_0_65.00W_0.70Torr_11.00NitrogenFlow_2420.00MHz.csv,Data\NafisaData\LAS_Nafisa_Requested_Data_0.7Torr\OscopeData_Laser_True\Plasma_Off_Measuremnt_11.0.csv,True,33a310dd|Scope_TrialNumber_0_65.00W_0.70Torr_11.00NitrogenFlow_2420.00MHz.csv,1077.10112042369,59.00489295054904,10.771011204236899,59.97993059738857,35362245445.63162,1045653322.3834351,4320131874.6231165,4444876858.220727,1.5991176367812665,0.024795541327666506,0.10485452545754716,0.0020020208051417577,3,1.2711598135167579,0.9251567519388061
33a310dd,2026-09-22 15:50:45.706250,2026-09-22,0.7,0.701,71.2,8.8,11.0,70,2420,53.2,86.89999999999999,0.2828427124746163,16.8,0.0,70.10000000000001,0.2828427124746163,0.4396898914943571,0.0007167922372791,Data\NafisaData\LAS_Nafisa_Requested_Data_0.7Torr\OscopeData_Laser_True\Scope_TrialNumber_0_70.00W_0.70Torr_11.00NitrogenFlow_2420.00MHz.csv,Data\NafisaData\LAS_Nafisa_Requested_Data_0.7Torr\OscopeData_Laser_True\Plasma_Off_Measuremnt_11.0.csv,True,33a310dd|Scope_TrialNumber_0_70.00W_0.70Torr_11.00NitrogenFlow_2420.00MHz.csv,1098.184334212856,61.2590348647221,10.98184334212856,62.2356026382672,36857905404.56398,1022887040.3867686,4502853536.688254,4617573807.775803,1.6146923823601995,0.026625916016435533,0.10928938849476078,0.0017763647882949357,3,1.3127120277037578,0.7973699477846351
33a310dd,2026-09-22 15:51:04.265473,2026-09-22,0.7,0.701,71.2,8.793,11.0,75,2420,53.7,92.33333333333331,0.1247219128924639,17.4,0.0,74.93333333333334,0.1247219128924576,0.4341058755661534,0.0002930774642266,Data\NafisaData\LAS_Nafisa_Requested_Data_0.7Torr\OscopeData_Laser_True\Scope_TrialNumber_0_75.00W_0.70Torr_11.00NitrogenFlow_2420.00MHz.csv,Data\NafisaData\LAS_Nafisa_Requested_Data_0.7Torr\OscopeData_Laser_True\Plasma_Off_Measuremnt_11.0.csv,True,33a310dd|Scope_TrialNumber_0_75.00W_0.70Torr_11.00NitrogenFlow_2420.00MHz.csv,1169.1106641340425,58.19674852594724,11.691106641340426,59.35944333879435,39749615321.65717,926128589.0988299,4856127714.489124,4943651539.396316,1.6660191356139606,0.028787750307473384,0.11786375551519966,0.0017559090870104563,3,1.2837546804735414,1.1091116969959591
33a310dd,2026-09-22 15:51:22.758528,2026-09-22,0.7,0.701,71.2,8.798,11.0,80,2420,54.1,97.63333333333333,0.2054804667656331,17.6,0.0,80.03333333333335,0.2054804667656331,0.424578498158151,0.0004466196596519,Data\NafisaData\LAS_Nafisa_Requested_Data_0.7Torr\OscopeData_Laser_True\Scope_TrialNumber_0_80.00W_0.70Torr_11.00NitrogenFlow_2420.00MHz.csv,Data\NafisaData\LAS_Nafisa_Requested_Data_0.7Torr\OscopeData_Laser_True\Plasma_Off_Measuremnt_11.0.csv,True,33a310dd|Scope_TrialNumber_0_80.00W_0.70Torr_11.00NitrogenFlow_2420.00MHz.csv,1097.7498030282195,58.49892477448713,10.977498030282195,59.51999380692133,40324963085.96281,1057600780.7786918,4926416752.536536,5038660678.312872,1.6143728988311072,0.02457785178542572,0.11956975059665116,0.0017314221344152483,3,1.2840550733031224,0.5530300276357865
33a310dd,2026-09-22 15:51:41.097366,2026-09-22,0.7,0.7019999999999998,71.2,8.797,11.0,85,2420,54.6,103.56666666666666,0.0471404520791004,18.466666666666665,0.0471404520791038,85.1,0.0816496580927679,0.4222639428126087,0.0005931080038811,Data\NafisaData\LAS_Nafisa_Requested_Data_0.7Torr\OscopeData_Laser_True\Scope_TrialNumber_0_85.00W_0.70Torr_11.00NitrogenFlow_2420.00MHz.csv,Data\NafisaData\LAS_Nafisa_Requested_Data_0.7Torr\OscopeData_Laser_True\Plasma_Off_Measuremnt_11.0.csv,True,33a310dd|Scope_TrialNumber_0_85.00W_0.70Torr_11.00NitrogenFlow_2420.00MHz.csv,1162.5059432323385,58.70472305125285,11.625059432323384,59.84468660899937,43460483880.71297,1119592322.6340976,5309476797.458461,5426235419.851499,1.661306503783239,0.024348564589196237,0.1288670545673868,0.002000225725589852,3,1.3118133810200217,0.6667909042172728
33a310dd,2026-09-22 15:51:59.557499,2026-09-22,0.7,0.701,71.19,8.801,11.0,90,2420,55.1,109.86666666666667,0.1247219128924639,19.9,0.0,89.96666666666665,0.1247219128924576,0.4255923118505615,0.0002416473944076,Data\NafisaData\LAS_Nafisa_Requested_Data_0.7Torr\OscopeData_Laser_True\Scope_TrialNumber_0_90.00W_0.70Torr_11.00NitrogenFlow_2420.00MHz.csv,Data\NafisaData\LAS_Nafisa_Requested_Data_0.7Torr\OscopeData_Laser_True\Plasma_Off_Measuremnt_11.0.csv,True,33a310dd|Scope_TrialNumber_0_90.00W_0.70Torr_11.00NitrogenFlow_2420.00MHz.csv,1104.883117237424,67.81883891760933,11.04883117237424,68.71296516966991,43125567831.61344,1306124636.1324422,5268560801.293505,5428047022.828612,1.6196096029610092,0.025816853224036984,0.12787397669707906,0.0019370146518918941,3,1.3121849771674745,0.421709952674079
33a310dd,2026-09-22 15:52:17.958079,2026-09-22,0.7,0.701,71.21,8.793,11.0,95,2420,55.6,116.83333333333331,0.2054804667656324,21.83333333333333,0.0471404520791021,95.0,0.2160246899469273,0.4322917391098892,0.0006342123881142,Data\NafisaData\LAS_Nafisa_Requested_Data_0.7Torr\OscopeData_Laser_True\Scope_TrialNumber_0_95.00W_0.70Torr_11.00NitrogenFlow_2420.00MHz.csv,Data\NafisaData\LAS_Nafisa_Requested_Data_0.7Torr\OscopeData_Laser_True\Plasma_Off_Measuremnt_11.0.csv,True,33a310dd|Scope_TrialNumber_0_95.00W_0.70Torr_11.00NitrogenFlow_2420.00MHz.csv,1191.660855682429,58.597479318584796,11.91660855682429,59.79690746174547,45574411862.98998,1191515861.1138687,5567730976.224725,5693798228.853764,1.6820097586952443,0.0252717134686159,0.13513517789043408,0.0023591720284357317,3,1.3127685290913313,0.9159136342169272
33a310dd,2026-09-22 15:52:36.387601,2026-09-22,0.7,0.701,71.2,8.797,11.0,100,2420,56.3,124.33333333333331,0.1247219128924639,24.33333333333333,0.0471404520791021,100.0,0.1414213562373081,0.442391744665517,0.000518171562063,Data\NafisaData\LAS_Nafisa_Requested_Data_0.7Torr\OscopeData_Laser_True\Scope_TrialNumber_0_100.00W_0.70Torr_11.00NitrogenFlow_2420.00MHz.csv,Data\NafisaData\LAS_Nafisa_Requested_Data_0.7Torr\OscopeData_Laser_True\Plasma_Off_Measuremnt_11.0.csv,True,33a310dd|Scope_TrialNumber_0_100.00W_0.70Torr_11.00NitrogenFlow_2420.00MHz.csv,1179.1458562179405,57.71153140291322,11.791458562179406,58.90381440868691,45771744797.066414,1102891718.5063992,5591838729.781472,5699564064.26264,1.6731540881635791,0.024819098965009362,0.13572030055159376,0.0019278219885130905,3,1.317908377869263,0.8225180235898093
33a310dd,2026-09-22 15:52:54.711220,2026-09-22,0.7,0.701,71.21,8.799,11.0,105,2420,57.1,133.0,0.0816496580927679,28.0,0.0816496580927737,105.0,0.0,0.4588308395333431,0.0005281514638046,Data\NafisaData\LAS_Nafisa_Requested_Data_0.7Torr\OscopeData_Laser_True\Scope_TrialNumber_0_105.00W_0.70Torr_11.00NitrogenFlow_2420.00MHz.csv,Data\NafisaData\LAS_Nafisa_Requested_Data_0.7Torr\OscopeData_Laser_True\Plasma_Off_Measuremnt_11.0.csv,True,33a310dd|Scope_TrialNumber_0_105.00W_0.70Torr_11.00NitrogenFlow_2420.00MHz.csv,1225.13832620403,65.81881766662865,12.2513832620403,66.94933271412276,47524166058.902885,1261002739.1421013,5805928385.447335,5941290459.57753,1.7054725645683768,0.024752926389487107,0.14091650055235697,0.0019584074974181827,3,1.346039643648364,0.35105275309639683
33a310dd,2026-09-22 15:53:13.109930,2026-09-22,0.7,0.701,71.21,8.796,11.0,110,2420,58.0,142.23333333333332,0.0471404520791138,32.266666666666666,0.0471404520791004,109.96666666666664,0.0471404520791071,0.476295230799864,0.0003160631506587,Data\NafisaData\LAS_Nafisa_Requested_Data_0.7Torr\OscopeData_Laser_True\Scope_TrialNumber_0_110.00W_0.70Torr_11.00NitrogenFlow_2420.00MHz.csv,Data\NafisaData\LAS_Nafisa_Requested_Data_0.7Torr\OscopeData_Laser_True\Plasma_Off_Measuremnt_11.0.csv,True,33a310dd|Scope_TrialNumber_0_110.00W_0.70Torr_11.00NitrogenFlow_2420.00MHz.csv,1172.5221785735127,55.00674157852265,11.725221785735128,56.242532348846545,47596949355.23546,1096766153.2671509,5814820169.169326,5917349879.357381,1.6684481221370804,0.025053487488526118,0.1411323142797381,0.0020268083640835426,3,1.3577720608070318,0.8091810455475484
