power,pressure,Nitrogen_Percent,Total_Flow_sccm,frequency,n_measurements,run_ids,first_timestamp,last_timestamp,date,Measured Pressure,Measured Pressure_std,Argon_Gas_Flow,Argon_Gas_Flow_std,Nitrogen_Gas_Flow,Nitrogen_Gas_Flow_std,N2_Percent_Measured,N2_Percent_Measured_std,Temperaure3,Temperaure3_std,forward_power,forward_power_error,forward_power_n,reverse_power,reverse_power_error,reverse_power_n,delivered_power,delivered_power_error,delivered_power_n,gamma,gamma_error,gamma_n,Laser_On?,T_gas_K,T_gas_K_stat,T_gas_K_sys,T_gas_K_err,T_gas_K_n,N_s_cm3,N_s_cm3_stat,N_s_cm3_sys,N_s_cm3_err,N_s_cm3_n,fwhm_GHz,fwhm_GHz_err,fwhm_GHz_n,area_GHz,area_GHz_err,area_GHz_n,n_periods_used,chi2_median,fwhm_birge,source_files
30.0,0.7,1.0,80.0,2420.0,1,33a310dd,2026-09-22 15:12:57.063318,2026-09-22 15:12:57.063318,2026-09-22,0.708,,79.2,,0.804,,1.0049497525123743,,44.9,,37.1,0.0816496580927737,1,7.099999999999999,8.881784197001252e-16,1,30.0,0.0816496580927737,1,0.437464693743467,0.0004813876592501,1,True,910.3734351489466,35.76420676912061,9.103734351489466,36.90469434864489,1,109631881931.65125,2074318465.583904,13393498677.45326,13553176893.983366,1,1.4701510640042927,0.0191485440010338,1,0.3250754812115921,0.0038711407190399,1,3.0,2.614624496734365,0.35912996629648,LAS_DataFrame_33a310dd_Laser_True_20260922_151050_LAS.csv
30.0,0.7,3.0,80.0,2420.0,1,33a310dd,2026-09-22 15:18:42.733288,2026-09-22 15:18:42.733288,2026-09-22,0.7070000000000001,,77.61,,2.404,,3.0044742170120227,,51.5,,37.66666666666667,0.0471404520791038,1,7.7,0.0,1,29.96666666666667,0.0471404520791038,1,0.4521338508456555,0.0002831145033697,1,True,1034.223548952026,39.75913301584015,10.34223548952026,41.08224060457222,1,70193326230.54553,1356683574.0882869,8575372468.940857,8682027603.116093,1,1.5669653225299505,0.0183546520496951,1,0.2081340655673735,0.0024740445045603,1,3.0,1.4225807413198608,0.9251365432019748,LAS_DataFrame_33a310dd_Laser_True_20260922_151050_LAS.csv
30.0,0.7,5.0,80.0,2420.0,1,33a310dd,2026-09-22 15:24:19.474304,2026-09-22 15:24:19.474304,2026-09-22,0.705,,76.0,,3.997,,4.99643736640124,,52.3,,38.46666666666667,0.1247219128924665,1,8.433333333333332,0.047140452079103,1,30.03333333333333,0.0942809041582076,1,0.4682263943151044,0.0008854175894009,1,True,1018.2813430952796,41.62913125388072,10.182813430952796,42.85643776986628,1,47723686260.35477,1104901515.5460212,5830303352.903764,5934074868.582024,1,1.5548412991845026,0.0160426669949545,1,0.1415081087994801,0.0021209553575948,1,3.0,1.1991297446904032,1.016044961676728,LAS_DataFrame_33a310dd_Laser_True_20260922_151050_LAS.csv
30.0,0.7,7.0,80.0,2420.0,1,33a310dd,2026-09-22 15:36:42.909855,2026-09-22 15:36:42.909855,2026-09-22,0.7040000000000001,,74.4,,5.603,,7.003487369223653,,49.0,,39.66666666666666,0.0471404520791038,1,9.6,0.0,1,30.066666666666663,0.0471404520791038,1,0.491952297746749,0.0002925061543659,1,True,1138.006246424041,63.55557233109427,11.380062464240408,64.56637357032659,1,36341182984.18569,1123329700.9620264,4439726634.805264,4579633414.244279,1,1.6437073504868325,0.0319465287858242,1,0.1077572266227059,0.0025350640150265,1,3.0,1.3278940116278073,0.813847427905208,LAS_DataFrame_33a310dd_Laser_True_20260922_151050_LAS.csv
30.0,0.7,9.0,80.0,2420.0,1,33a310dd,2026-09-22 15:42:37.902045,2026-09-22 15:42:37.902045,2026-09-22,0.703,,72.81,,7.204,,9.003424400729873,,51.1,,40.03333333333333,0.2054804667656324,1,10.0,0.0,1,30.03333333333333,0.2054804667656324,1,0.4997967295012678,0.0012815047043711,1,True,1117.169416779277,60.238808811977066,11.17169416779277,61.26598434420703,1,27452813094.245365,791269184.4322768,3353852997.792909,3445930477.1043487,1,1.6285897360746713,0.0301044701848928,1,0.0814018355790646,0.001718305664415,1,3.0,1.1190538828087266,1.4483753262837502,LAS_DataFrame_33a310dd_Laser_True_20260922_151050_LAS.csv
30.0,0.7,11.0,80.0,2420.0,1,33a310dd,2026-09-22 15:48:18.585441,2026-09-22 15:48:18.585441,2026-09-22,0.701,,71.21,,8.796,,10.994175436842236,,51.2,,40.03333333333333,0.0942809041582076,1,10.0,0.0,1,30.03333333333333,0.0942809041582076,1,0.4997928377332011,0.0005892579527799,1,True,1026.19410802455,41.19290234785887,10.2619410802455,42.45188616038947,1,20920299038.4242,381405127.3899508,2555789361.325989,2584091548.429825,1,1.5608707159414923,0.022606803898832,1,0.062031921346073,0.0007321834832791,1,3.0,1.0642923534609967,1.1622258539590102,LAS_DataFrame_33a310dd_Laser_True_20260922_151050_LAS.csv
35.0,0.7,1.0,80.0,2420.0,1,33a310dd,2026-09-22 15:13:15.442183,2026-09-22 15:13:15.442183,2026-09-22,0.708,,79.19,,0.805,,1.0063128945559097,,45.9,,43.46666666666667,0.0471404520791038,1,8.5,0.0,1,34.96666666666667,0.0471404520791038,1,0.4422129801957014,0.000239932400202,1,True,857.1367926235241,49.05583183888729,8.571367926235242,49.79902594963161,1,120501944881.35028,3555205341.7063403,14721471628.162914,15144676025.603947,1,1.426517957725998,0.0317717425216584,1,0.3573068985868469,0.0083614079320136,1,3.0,2.80435600784154,1.748882609380247,LAS_DataFrame_33a310dd_Laser_True_20260922_151050_LAS.csv
35.0,0.7,3.0,80.0,2420.0,1,33a310dd,2026-09-22 15:19:00.990348,2026-09-22 15:19:00.990348,2026-09-22,0.7070000000000001,,77.61,,2.402,,3.002049692546118,,51.1,,43.5,0.0,1,8.6,0.0,1,34.9,0.0,1,0.4446359740566292,5.551115123125783e-17,1,True,1036.733959428366,48.14884184453967,10.36733959428366,49.25233701291438,1,77320760766.73422,1814375115.9987004,9446116301.410978,9618787358.151625,1,1.5688659473694373,0.0248776929072089,1,0.229268011011274,0.0037170212101521,1,3.0,1.5685023673010836,1.4020580066501294,LAS_DataFrame_33a310dd_Laser_True_20260922_151050_LAS.csv
35.0,0.7,5.0,80.0,2420.0,1,33a310dd,2026-09-22 15:24:37.772533,2026-09-22 15:24:37.772533,2026-09-22,0.705,,76.0,,3.998,,4.997624940623515,,51.8,,44.29999999999999,7.105427357601002e-15,1,9.2,0.0,1,35.099999999999994,0.0,1,0.4557136640112861,0.0,1,True,1059.124371687553,53.89996096853925,10.591243716875532,54.93068574012443,1,54924291573.75681,1439008977.7384565,6709986306.828047,6862555141.9155655,1,1.5857169016738946,0.0222561216266871,1,0.1628590169114856,0.0025016199269512,1,3.0,1.2348234492564996,1.413748011897614,LAS_DataFrame_33a310dd_Laser_True_20260922_151050_LAS.csv
35.0,0.7,7.0,80.0,2420.0,1,33a310dd,2026-09-22 15:37:01.189470,2026-09-22 15:37:01.189470,2026-09-22,0.7040000000000001,,74.41,,5.607,,7.007260957046628,,48.9,,44.76666666666667,0.0471404520791004,1,9.7,0.0,1,35.06666666666666,0.0471404520791004,1,0.4654881921237426,0.0002452225442055,1,True,1067.6608556802476,56.95378650718244,10.676608556802476,57.94586929006161,1,39333779421.37804,1017433987.4008876,4805325908.643099,4911855963.583938,1,1.5920944721109798,0.0291249941405266,1,0.116630737774315,0.0019941110151353,1,3.0,1.3396637272765886,0.7124507248822327,LAS_DataFrame_33a310dd_Laser_True_20260922_151050_LAS.csv
35.0,0.7,9.0,80.0,2420.0,1,33a310dd,2026-09-22 15:42:56.282653,2026-09-22 15:42:56.282653,2026-09-22,0.703,,72.79,,7.203,,9.004537897065994,,51.0,,45.9,0.0,1,10.800000000000002,1.7763568394002505e-15,1,35.099999999999994,0.0,1,0.485071250072666,0.0,1,True,1134.0799448727837,81.32750251168467,11.340799448727838,82.11441040964942,1,30094378363.339527,1175743886.1147172,3676567524.9418297,3859989954.804679,1,1.640869375331911,0.0450558289497904,1,0.0892344850408149,0.0028142944540611,1,3.0,1.1401014779839502,1.9280452504855403,LAS_DataFrame_33a310dd_Laser_True_20260922_151050_LAS.csv
35.0,0.7,11.0,80.0,2420.0,1,33a310dd,2026-09-22 15:48:37.051630,2026-09-22 15:48:37.051630,2026-09-22,0.701,,71.19,,8.801,,11.002487779875237,,50.9,,46.46666666666667,0.0942809041582076,1,11.5,0.0,1,34.96666666666667,0.0942809041582076,1,0.4974836709326944,0.0005041554766371,1,True,1022.1614600147758,45.27339008705993,10.221614600147758,46.41294275317016,1,22626098709.862743,544093618.5649205,2764183354.395047,2817223363.966323,1,1.5578008102801273,0.0216038388430465,1,0.0670898811226749,0.0011229311767031,1,3.0,1.103601409207596,0.9068500744457708,LAS_DataFrame_33a310dd_Laser_True_20260922_151050_LAS.csv
40.0,0.7,1.0,80.0,2420.0,1,33a310dd,2026-09-22 15:13:33.814954,2026-09-22 15:13:33.814954,2026-09-22,0.708,,79.21,,0.8,,0.9998750156230473,,47.1,,50.4,0.1414213562373115,1,10.4,0.0,1,40.0,0.1414213562373115,1,0.4542581015982319,0.0006363738357312,1,True,927.4244659748122,49.34681033385601,9.274244659748122,50.21074889039622,1,126798847328.8906,3569430984.691106,15490751085.17126,15896672819.719461,1,1.4838549461070087,0.0217709297165519,1,0.3759781879710133,0.0065112763138214,1,3.0,3.283257374761083,1.13321597575494,LAS_DataFrame_33a310dd_Laser_True_20260922_151050_LAS.csv
40.0,0.7,3.0,80.0,2420.0,1,33a310dd,2026-09-22 15:19:19.438337,2026-09-22 15:19:19.438337,2026-09-22,0.7070000000000001,,77.59,,2.399,,2.9991623848279136,,51.2,,49.73333333333334,0.1247219128924633,1,9.833333333333334,0.047140452079103,1,39.9,0.0816496580927737,1,0.4446570099982539,0.000567954884338,1,True,982.3522577029246,42.8762106463012,9.823522577029246,43.98716898377749,1,79048570148.98616,1691419739.121991,9657199175.008917,9804203008.897991,1,1.5271644230599777,0.0168557575519118,1,0.2343912329835796,0.0023835320563678,1,3.0,1.5853115357006031,0.3016217104750964,LAS_DataFrame_33a310dd_Laser_True_20260922_151050_LAS.csv
40.0,0.7,5.0,80.0,2420.0,1,33a310dd,2026-09-22 15:24:56.226511,2026-09-22 15:24:56.226511,2026-09-22,0.705,,76.0,,3.999,,4.998812485156066,,51.8,,50.06666666666666,0.0471404520791038,1,9.966666666666669,0.047140452079103,1,40.1,0.0,1,0.4461686708144268,0.0008462382348241,1,True,1021.3497747642556,60.864068917835255,10.213497747642558,61.71507450757958,1,58702624444.00408,1775169064.0641153,7171577364.182915,7388013745.010971,1,1.5571821726627826,0.0347104794888043,1,0.1740623580776889,0.0039826947879051,1,3.0,1.2786248152289938,2.1193374005297234,LAS_DataFrame_33a310dd_Laser_True_20260922_151050_LAS.csv
40.0,0.7,7.0,80.0,2420.0,1,33a310dd,2026-09-22 15:37:19.520303,2026-09-22 15:37:19.520303,2026-09-22,0.7040000000000001,,74.41,,5.593,,6.990987837956076,,49.3,,50.4,0.0816496580927737,1,10.5,0.0,1,39.9,0.0816496580927737,1,0.4564359138081351,0.0003697212805186,1,True,1062.552249257571,50.83608216374236,10.62552249257571,51.93466066124815,1,43177942195.30008,992452353.312558,5274959268.22128,5367509380.987537,1,1.588280931218113,0.0293830352116114,1,0.1280292747835353,0.0022113039970362,1,3.0,1.4437295996925508,0.2702245440835781,LAS_DataFrame_33a310dd_Laser_True_20260922_151050_LAS.csv
40.0,0.7,9.0,80.0,2420.0,1,33a310dd,2026-09-22 15:43:14.702090,2026-09-22 15:43:14.702090,2026-09-22,0.703,,72.79,,7.196,,8.99657440052009,,51.3,,51.13333333333333,0.0471404520791038,1,11.1,0.0,1,40.03333333333333,0.0471404520791038,1,0.4659180925220643,0.0002146629232048,1,True,1058.2118160956568,47.896025884220826,10.582118160956568,49.05110111174262,1,32359206004.600464,763504614.265343,3953256800.7566814,4026310796.3411646,1,1.585033617113915,0.0196716668341154,1,0.0959500491848584,0.0013521546112672,1,3.0,1.1441304974233792,0.9528916839595488,LAS_DataFrame_33a310dd_Laser_True_20260922_151050_LAS.csv
40.0,0.7,11.0,80.0,2420.0,1,33a310dd,2026-09-22 15:48:55.421237,2026-09-22 15:48:55.421237,2026-09-22,0.701,,71.18,,8.807,,11.010539212622051,,51.0,,51.93333333333334,0.0942809041582076,1,11.933333333333332,0.047140452079103,1,40.0,0.0816496580927737,1,0.4793548089024406,0.0008197339869788,1,True,1045.0475449899002,73.56737381250015,10.450475449899002,74.30592793846985,1,25025747858.72632,1015709657.503716,3057343492.991348,3221647923.4210014,1,1.575143767093812,0.0411931857175723,1,0.074205211882865,0.0024524712784713,1,3.0,1.1135286986393749,1.8224655475560427,LAS_DataFrame_33a310dd_Laser_True_20260922_151050_LAS.csv
45.0,0.7,1.0,80.0,2420.0,1,33a310dd,2026-09-22 15:13:52.077937,2026-09-22 15:13:52.077937,2026-09-22,0.708,,79.21,,0.803,,1.0035869171259673,,48.9,,60.833333333333336,0.1247219128924639,1,15.800000000000002,1.7763568394002505e-15,1,45.03333333333334,0.1247219128924639,1,0.5096340311142991,0.0005221265050064,1,True,928.4250560504072,39.07322973273365,9.284250560504072,40.16110793064854,1,99576598235.43578,2014023761.08376,12165065611.142847,12330657445.311676,1,1.4846551893275453,0.0209276132197343,1,0.2952600103041039,0.0037925031549629,1,3.0,2.465293998889321,0.5670898206968448,LAS_DataFrame_33a310dd_Laser_True_20260922_151050_LAS.csv
45.0,0.7,3.0,80.0,2420.0,1,33a310dd,2026-09-22 15:19:37.688484,2026-09-22 15:19:37.688484,2026-09-22,0.7070000000000001,,77.6,,2.392,,2.9902990299029906,,51.4,,56.03333333333333,0.1247219128924665,1,10.966666666666669,0.047140452079103,1,45.06666666666666,0.1699673171197619,1,0.4423997525080076,0.001424842552687,1,True,1003.9481699176368,44.71148522943484,10.039481699176369,45.824754273318995,1,85892051333.53368,2327269925.262435,10493253017.918924,10748234469.116108,1,1.5438596635535655,0.0216160919973568,1,0.2546832128349899,0.0053077834238271,1,3.0,1.6434619854387682,1.2581078911609385,LAS_DataFrame_33a310dd_Laser_True_20260922_151050_LAS.csv
45.0,0.7,5.0,80.0,2420.0,1,33a310dd,2026-09-22 15:25:14.666974,2026-09-22 15:25:14.666974,2026-09-22,0.705,,76.0,,4.003,,5.00356236641126,,52.1,,56.1,0.0816496580927737,1,11.1,0.0,1,45.0,0.0816496580927737,1,0.4448160034341575,0.0003236998991875,1,True,978.7602459418362,34.69181036098222,9.787602459418364,36.04606591607419,1,59898148572.88027,1043864285.2893548,7317632057.004382,7391711004.07753,1,1.52436979603649,0.0159227618762086,1,0.1776072719717766,0.0017648362186732,1,3.0,1.3226999263072092,0.9504277024874098,LAS_DataFrame_33a310dd_Laser_True_20260922_151050_LAS.csv
45.0,0.7,7.0,80.0,2420.0,1,33a310dd,2026-09-22 15:37:37.970404,2026-09-22 15:37:37.970404,2026-09-22,0.7040000000000001,,74.4,,5.594,,6.993024476835762,,49.8,,56.23333333333333,0.1247219128924633,1,11.233333333333334,0.0471404520791038,1,45.0,0.1632993161855475,1,0.4469490501285081,0.0013516945606186,1,True,1027.628205762898,55.975624443256606,10.27628205762898,56.91109298493971,1,46034910714.17434,1219632903.7387047,5623989161.76013,5754716197.300916,1,1.5619609870906517,0.0298650328573184,1,0.1365006281865392,0.0024635700789849,1,3.0,1.583350288837344,0.6890808231523452,LAS_DataFrame_33a310dd_Laser_True_20260922_151050_LAS.csv
45.0,0.7,9.0,80.0,2420.0,1,33a310dd,2026-09-22 15:43:32.913394,2026-09-22 15:43:32.913394,2026-09-22,0.703,,72.8,,7.2,,9.0,,51.7,,57.1,0.0,1,12.1,0.0,1,45.0,0.0,1,0.4603356728505559,0.0,1,True,1121.2073377791617,62.62852177818037,11.212073377791617,63.62422753597089,1,36061383657.601326,1076497401.0828147,4405544133.834456,4535158847.24022,1,1.6315302861368588,0.032167760468466,1,0.1069275783568046,0.0023905695982908,1,3.0,1.1960977754834905,1.432246443493964,LAS_DataFrame_33a310dd_Laser_True_20260922_151050_LAS.csv
45.0,0.7,11.0,80.0,2420.0,1,33a310dd,2026-09-22 15:49:13.723013,2026-09-22 15:49:13.723013,2026-09-22,0.701,,71.21,,8.8,,10.99862517185352,,51.2,,57.53333333333333,0.0942809041582076,1,12.5,0.0,1,45.03333333333333,0.0942809041582076,1,0.4661177870721702,0.0003822502723853,1,True,1087.019257362809,52.858169015710736,10.87019257362809,53.96431337727926,1,27877902252.115566,665839279.2893556,3405785254.846416,3470261538.8431225,1,1.6064632441281794,0.0235344191312968,1,0.0826622906594457,0.0011511441671248,1,3.0,1.1223505226579875,0.7840896237189451,LAS_DataFrame_33a310dd_Laser_True_20260922_151050_LAS.csv
50.0,0.7,1.0,80.0,2420.0,1,33a310dd,2026-09-22 15:14:10.282775,2026-09-22 15:14:10.282775,2026-09-22,0.708,,79.19,,0.803,,1.0038378358106337,,50.5,,67.66666666666667,0.1885618083164086,1,17.8,0.0816496580927723,1,49.86666666666667,0.1247219128924633,1,0.5128868092892197,0.0006610855048712,1,True,966.823545358116,41.09472865473969,9.66823545358116,42.21672062101185,1,99497523066.07455,2056315501.818463,12155405162.397482,12328110483.973537,1,1.515045875779748,0.0185870508230947,1,0.2950255402003434,0.0033112585441557,1,3.0,2.108636791350761,0.4415068824392866,LAS_DataFrame_33a310dd_Laser_True_20260922_151050_LAS.csv
50.0,0.7,3.0,80.0,2420.0,1,33a310dd,2026-09-22 15:19:56.108366,2026-09-22 15:19:56.108366,2026-09-22,0.7070000000000001,,77.62,,2.399,,2.998037965983079,,51.8,,62.333333333333336,0.1247219128924639,1,12.366666666666667,0.047140452079103,1,49.96666666666667,0.1699673171197596,1,0.4454170072646118,0.0012780505508673,1,True,1063.4291873529044,46.34438757232506,10.634291873529044,47.54882146915193,1,94008764482.25476,2088210336.883866,11484854958.04103,11673153636.370434,1,1.5889362104268565,0.0175979887052312,1,0.2787505223273321,0.0033131490539515,1,3.0,1.749841887458744,0.9398839560771888,LAS_DataFrame_33a310dd_Laser_True_20260922_151050_LAS.csv
50.0,0.7,5.0,80.0,2420.0,1,33a310dd,2026-09-22 15:25:33.067944,2026-09-22 15:25:33.067944,2026-09-22,0.705,,76.0,,3.998,,4.997624940623515,,52.4,,62.16666666666666,0.1699673171197586,1,12.133333333333333,0.047140452079103,1,50.03333333333333,0.1247219128924664,1,0.4417845808308045,0.0003077822983889,1,True,1013.5618539017066,39.997968577442734,10.135618539017068,41.26218915048695,1,63395722504.5817,1220837686.026427,7744923379.593763,7840553731.172337,1,1.55123395674814,0.0170884869602994,1,0.1879781194742376,0.0019066007699087,1,3.0,1.3402694192720344,0.5830983091861586,LAS_DataFrame_33a310dd_Laser_True_20260922_151050_LAS.csv
50.0,0.7,7.0,80.0,2420.0,1,33a310dd,2026-09-22 15:37:56.311930,2026-09-22 15:37:56.311930,2026-09-22,0.7040000000000001,,74.39,,5.589,,6.98808437214769,,50.4,,62.06666666666666,0.0942809041582076,1,12.166666666666666,0.047140452079103,1,49.9,0.1414213562373115,1,0.4427481877472137,0.001193858496051,1,True,1087.0693873976818,77.98046121386959,10.870693873976816,78.73451794752754,1,50169101197.72858,1772601762.8626337,6129054602.562689,6380237247.226673,1,1.6065002863100228,0.0458893290701888,1,0.1487591421989105,0.0041489475497281,1,3.0,1.4804427846568915,1.7131206491880373,LAS_DataFrame_33a310dd_Laser_True_20260922_151050_LAS.csv
50.0,0.7,9.0,80.0,2420.0,1,33a310dd,2026-09-22 15:43:51.194565,2026-09-22 15:43:51.194565,2026-09-22,0.703,,72.79,,7.206,,9.007950397519876,,52.2,,62.79999999999999,7.105427357601002e-15,1,12.766666666666666,0.0471404520791038,1,50.03333333333333,0.0471404520791004,1,0.4508771192335206,0.0008329705903418,1,True,1122.029012506623,59.07702977595729,11.220290125066231,60.133105338407425,1,39275281899.690186,952031150.6339996,4798179388.255452,4891716340.269227,1,1.6321280086259502,0.0308947684139252,1,0.1164572835776223,0.00185174518573,1,3.0,1.19518600193356,1.3806911821413543,LAS_DataFrame_33a310dd_Laser_True_20260922_151050_LAS.csv
50.0,0.7,11.0,80.0,2420.0,1,33a310dd,2026-09-22 15:49:32.157534,2026-09-22 15:49:32.157534,2026-09-22,0.701,,71.2,,8.8,,11.000000000000002,,51.5,,63.26666666666666,0.1247219128924633,1,13.333333333333334,0.047140452079103,1,49.93333333333334,0.1247219128924633,1,0.4590729499993462,0.0008501103757041,1,True,1018.2825540437134,57.42705995359907,10.182825540437134,58.32286987881547,1,29206276718.63225,810458044.2259876,3568069996.7205534,3658956920.0727167,1,1.5548422236991708,0.0248143411380716,1,0.0866011263459599,0.0013122485682956,1,3.0,1.1876160883895464,0.2791033763509555,LAS_DataFrame_33a310dd_Laser_True_20260922_151050_LAS.csv
55.0,0.7,1.0,80.0,2420.0,1,33a310dd,2026-09-22 15:14:28.773692,2026-09-22 15:14:28.773692,2026-09-22,0.708,,79.21,,0.791,,0.9887376407794904,,51.3,,69.3,0.4320493798938569,1,14.666666666666666,2.357022603955158,1,54.63333333333333,2.7824849006278933,1,0.4587444383732402,0.0375648060633276,1,True,930.6246682909348,46.98408720753043,9.306246682909348,47.89687545182865,1,104974338521.0124,2866153013.9894795,12824496299.573229,13140872818.704563,1,1.4864128615010488,0.0207527899681038,1,0.3112651448495727,0.0054197449916684,1,3.0,2.485900000916988,1.0305218460407504,LAS_DataFrame_33a310dd_Laser_True_20260922_151050_LAS.csv
55.0,0.7,3.0,80.0,2420.0,1,33a310dd,2026-09-22 15:20:14.591137,2026-09-22 15:20:14.591137,2026-09-22,0.7070000000000001,,77.59,,2.401,,3.0015876786138436,,52.2,,68.83333333333333,0.1247219128924639,1,13.966666666666669,0.047140452079103,1,54.86666666666667,0.1699673171197595,1,0.4504509695085936,0.0011532936087322,1,True,998.5210784776608,43.89668575887652,9.985210784776609,45.018034775298354,1,91206253897.15216,1966712126.5849411,11142478076.847645,11314714944.791435,1,1.5396811502758083,0.0189192027019893,1,0.2704406451182481,0.0031166300087458,1,3.0,1.8537978928011491,0.7996249841728142,LAS_DataFrame_33a310dd_Laser_True_20260922_151050_LAS.csv
55.0,0.7,5.0,80.0,2420.0,1,33a310dd,2026-09-22 15:25:51.157658,2026-09-22 15:25:51.157658,2026-09-22,0.705,,76.0,,4.001,,5.001187485156436,,52.8,,67.9,0.1632993161855417,1,12.833333333333334,0.047140452079103,1,55.06666666666667,0.1247219128924614,1,0.4347446349195389,0.0004329510694443,1,True,986.158082207536,46.24675255355651,9.86158082207536,47.286498052406145,1,66788610704.44395,1530829541.817272,8159425464.360787,8301786735.068525,1,1.5301198299899967,0.0257243821133681,1,0.198038557595285,0.0031821272813198,1,3.0,1.3712701562382723,1.644721570622328,LAS_DataFrame_33a310dd_Laser_True_20260922_151050_LAS.csv
55.0,0.7,7.0,80.0,2420.0,1,33a310dd,2026-09-22 15:38:14.695374,2026-09-22 15:38:14.695374,2026-09-22,0.7040000000000001,,74.4,,5.597,,6.996512369213846,,51.1,,68.46666666666667,0.0942809041582009,1,13.5,0.0,1,54.96666666666667,0.0942809041582009,1,0.4440456301671935,0.0003055099425906,1,True,1115.2733976411926,57.376369197444575,11.152733976411923,58.45024565756828,1,52478906417.28531,1308671257.1971366,6411238695.439929,6543439620.667422,1,1.6272071576960427,0.0288057730839005,1,0.1556080718170353,0.0025737357083064,1,3.0,1.6245956655326803,0.4741753143677569,LAS_DataFrame_33a310dd_Laser_True_20260922_151050_LAS.csv
55.0,0.7,9.0,80.0,2420.0,1,33a310dd,2026-09-22 15:44:09.482723,2026-09-22 15:44:09.482723,2026-09-22,0.703,,72.78,,7.202,,9.004526018354131,,52.7,,68.86666666666666,0.0471404520791071,1,13.800000000000002,1.7763568394002505e-15,1,55.06666666666667,0.0471404520791071,1,0.4476463918469708,0.0001532665977426,1,True,1099.4947509305384,58.57311459556854,10.994947509305383,59.596129271606095,1,41032017866.39028,1083309817.3913045,5012796162.427961,5128516893.460416,1,1.615655467059573,0.0339089393100605,1,0.1216662773454459,0.0025171433326558,1,3.0,1.2264135695054723,1.511817893717265,LAS_DataFrame_33a310dd_Laser_True_20260922_151050_LAS.csv
55.0,0.7,11.0,80.0,2420.0,1,33a310dd,2026-09-22 15:49:50.479787,2026-09-22 15:49:50.479787,2026-09-22,0.701,,71.2,,8.797,,10.996662374839056,,51.9,,68.93333333333334,0.1885618083164153,1,13.966666666666669,0.047140452079103,1,54.96666666666667,0.1699673171197619,1,0.4501236594359448,0.0006995689763359,1,True,1074.4823427454016,57.0326651677101,10.744823427454016,58.03598992538421,1,32522436442.250324,850145940.5093819,3973198323.352695,4063133401.312003,1,1.597172470249514,0.0238139691152221,1,0.0964340526711845,0.0013681231245542,1,3.0,1.1972832912381892,0.3194815588372753,LAS_DataFrame_33a310dd_Laser_True_20260922_151050_LAS.csv
60.0,0.7,1.0,80.0,2420.0,1,33a310dd,2026-09-22 15:14:47.057256,2026-09-22 15:14:47.057256,2026-09-22,0.708,,79.19,,0.801,,1.0013626532984963,,52.1,,76.23333333333333,0.124721912892469,1,16.133333333333333,0.0471404520791021,1,60.1,0.1414213562373132,1,0.4600337227985305,0.0008292739972203,1,True,957.9556319642336,36.74631841845736,9.579556319642334,37.97446268996914,1,110287727415.32834,2043757260.865852,13473621954.21794,13627744945.754068,1,1.508081706548955,0.0183326421344463,1,0.3270201644775392,0.0036315841933941,1,3.0,2.285119450986369,0.4843838606625096,LAS_DataFrame_33a310dd_Laser_True_20260922_151050_LAS.csv
60.0,0.7,3.0,80.0,2420.0,1,33a310dd,2026-09-22 15:20:32.947591,2026-09-22 15:20:32.947591,2026-09-22,0.7070000000000001,,77.61,,2.4,,2.999625046869141,,52.8,,76.89999999999999,0.1414213562373081,1,16.966666666666665,0.0471404520791038,1,59.93333333333334,0.0942809041582043,1,0.4697152606123023,0.0002209472334579,1,True,985.9678234419248,42.62184024809818,9.859678234419247,43.74739444836324,1,92959005478.33936,2154604857.631524,11356608086.940607,11559189821.648148,1,1.529972220413992,0.0212762095967843,1,0.2756378245669603,0.0044737498189003,1,3.0,1.944092562406552,1.1375495788885477,LAS_DataFrame_33a310dd_Laser_True_20260922_151050_LAS.csv
60.0,0.7,5.0,80.0,2420.0,1,33a310dd,2026-09-22 15:26:09.565575,2026-09-22 15:26:09.565575,2026-09-22,0.705,,76.0,,3.999,,4.998812485156066,,53.2,,73.83333333333333,0.0942809041582076,1,13.800000000000002,1.7763568394002505e-15,1,60.03333333333334,0.0942809041582076,1,0.4323282062950335,0.0002762162608748,1,True,1061.18783434638,39.06900309926728,10.6118783434638,40.484552179158804,1,73025111728.37936,1324937285.044151,8921325805.249672,9019174736.787943,1,1.5872608541748718,0.0160230375542802,1,0.2165307474191932,0.0020795320553845,1,3.0,1.3199824050698716,0.7224143006153045,LAS_DataFrame_33a310dd_Laser_True_20260922_151050_LAS.csv
60.0,0.7,7.0,80.0,2420.0,1,33a310dd,2026-09-22 15:38:33.213580,2026-09-22 15:38:33.213580,2026-09-22,0.7040000000000001,,74.4,,5.602,,7.002324941876453,,51.7,,74.33333333333333,0.0471404520791071,1,14.300000000000002,1.7763568394002505e-15,1,60.03333333333334,0.0471404520791071,1,0.4386077286371146,0.0001390306104501,1,True,1080.7406756930077,48.68530399846532,10.807406756930074,49.87042075451862,1,54307573365.70213,1180397326.260217,6634643127.832987,6738829815.445984,1,1.6018170902720503,0.0263709578957217,1,0.1610303520676192,0.002474480427069,1,3.0,1.5949158276030897,0.3922559826599048,LAS_DataFrame_33a310dd_Laser_True_20260922_151050_LAS.csv
60.0,0.7,9.0,80.0,2420.0,1,33a310dd,2026-09-22 15:44:27.932100,2026-09-22 15:44:27.932100,2026-09-22,0.703,,72.8,,7.197,,8.996587372026452,,53.3,,74.83333333333333,0.1247219128924639,1,14.9,0.0,1,59.93333333333334,0.1247219128924639,1,0.4462169270581984,0.0003716697362973,1,True,1095.2236931897642,60.48524976649832,10.952236931897644,61.46882895523639,1,42472134146.33713,1203799528.3716185,5188732168.91622,5326544360.582548,1,1.6125143550872334,0.0277917085924701,1,0.1259364447863025,0.0023149662428566,1,3.0,1.2994478599817274,1.1425236926643183,LAS_DataFrame_33a310dd_Laser_True_20260922_151050_LAS.csv
60.0,0.7,11.0,80.0,2420.0,1,33a310dd,2026-09-22 15:50:09.046603,2026-09-22 15:50:09.046603,2026-09-22,0.701,,71.21,,8.8,,10.99862517185352,,52.2,,75.03333333333333,0.0471404520791004,1,14.9,0.0,1,60.13333333333333,0.0471404520791004,1,0.4456214406419239,0.0001399364838373,1,True,1077.0337847043777,66.15458647586111,10.770337847043775,67.02558831619197,1,34183947396.83847,1136378479.1750731,4176181656.127409,4328030646.022198,1,1.599067651029123,0.028582121410586,1,0.1013606895544025,0.0022239236970636,1,3.0,1.1952818253046364,1.153613247309928,LAS_DataFrame_33a310dd_Laser_True_20260922_151050_LAS.csv
65.0,0.7,1.0,80.0,2420.0,1,33a310dd,2026-09-22 15:15:05.214835,2026-09-22 15:15:05.214835,2026-09-22,0.708,,79.21,,0.803,,1.0035869171259673,,53.1,,85.33333333333333,0.3091206165165192,1,20.4,0.2160246899469284,1,64.93333333333334,0.0942809041582009,1,0.4889310186278788,0.001710863048269,1,True,959.8011723231876,40.83324533561681,9.598011723231876,41.946105345764444,1,110499569946.96796,2630386784.9026165,13499502315.08881,13753381307.637714,1,1.5095336978268703,0.0238254668091351,1,0.3276483103389481,0.0062449585912287,1,3.0,2.517456157156115,1.1688723682949054,LAS_DataFrame_33a310dd_Laser_True_20260922_151050_LAS.csv
65.0,0.7,3.0,80.0,2420.0,1,33a310dd,2026-09-22 15:20:51.250163,2026-09-22 15:20:51.250163,2026-09-22,0.7070000000000001,,77.61,,2.398,,2.9972002799720032,,54.2,,88.86666666666667,0.1885618083164153,1,23.8,0.0816496580927723,1,65.06666666666666,0.2054804667656324,1,0.5175104562055601,0.0010438164902816,1,True,1048.2826023669772,53.84091187645928,10.482826023669771,54.85192278426693,1,81538744252.6051,2267841993.9344893,9961418558.784904,10216308874.18529,1,1.5775798969249717,0.0328305555011175,1,0.2417749842315902,0.00565547880652,1,3.0,1.611078032345373,1.745463309329519,LAS_DataFrame_33a310dd_Laser_True_20260922_151050_LAS.csv
65.0,0.7,5.0,80.0,2420.0,1,33a310dd,2026-09-22 15:26:27.996868,2026-09-22 15:26:27.996868,2026-09-22,0.705,,75.99,,3.997,,4.997062022578669,,53.7,,80.0,0.2160246899469273,1,15.1,0.0,1,64.89999999999999,0.2160246899469273,1,0.4344548663022848,0.0005858766476185,1,True,994.8865827930156,48.90477030700861,9.948865827930154,49.906477435734004,1,72326389052.98286,1805158957.8496785,8835964311.27601,9018473494.624702,1,1.536876469401366,0.0206833574575656,1,0.2144589266501256,0.0030326428522676,1,3.0,1.375804119487308,1.3395428490783596,LAS_DataFrame_33a310dd_Laser_True_20260922_151050_LAS.csv
65.0,0.7,7.0,80.0,2420.0,1,33a310dd,2026-09-22 15:38:51.512243,2026-09-22 15:38:51.512243,2026-09-22,0.7040000000000001,,74.39,,5.602,,7.003200320032003,,52.2,,79.43333333333334,0.2054804667656324,1,14.5,0.0,1,64.93333333333334,0.2054804667656324,1,0.4272515988089864,0.0005523596880678,1,True,1070.1103445243002,51.28886713643274,10.701103445243003,52.39333456733254,1,56995231538.763374,1384580769.3457017,6962988729.058588,7099315174.567112,1,1.593919763069808,0.0245336664592893,1,0.1689996741165177,0.0026869016589081,1,3.0,1.5433962404284036,0.93327503366785,LAS_DataFrame_33a310dd_Laser_True_20260922_151050_LAS.csv
65.0,0.7,9.0,80.0,2420.0,1,33a310dd,2026-09-22 15:44:46.372615,2026-09-22 15:44:46.372615,2026-09-22,0.703,,72.81,,7.2,,8.998875140607424,,53.9,,80.7,0.2449489742783155,1,15.633333333333333,0.047140452079103,1,65.06666666666668,0.205480466765627,1,0.4401383131529084,0.0003451138489931,1,True,1164.4751658918044,93.1575560234722,11.644751658918045,93.8825355721938,1,45604815007.43428,2042808846.8605647,5571445265.058688,5934144447.715835,1,1.66271299042268,0.0545851692928647,1,0.1352253279146463,0.005209658172725,1,3.0,1.2751325042968389,2.167760948114271,LAS_DataFrame_33a310dd_Laser_True_20260922_151050_LAS.csv
65.0,0.7,11.0,80.0,2420.0,1,33a310dd,2026-09-22 15:50:27.366316,2026-09-22 15:50:27.366316,2026-09-22,0.701,,71.21,,8.807,,11.006411137633254,,52.7,,81.1,0.0,1,16.1,0.0,1,65.0,0.0,1,0.4455562200808944,5.551115123125783e-17,1,True,1077.10112042369,59.00489295054904,10.7710112042369,59.97993059738857,1,35362245445.63162,1045653322.3834352,4320131874.6231165,4444876858.220727,1,1.5991176367812665,0.0247955413276665,1,0.1048545254575471,0.0020020208051417,1,3.0,1.271159813516758,0.925156751938806,LAS_DataFrame_33a310dd_Laser_True_20260922_151050_LAS.csv
70.0,0.7,1.0,80.0,2420.0,1,33a310dd,2026-09-22 15:15:23.636087,2026-09-22 15:15:23.636087,2026-09-22,0.708,,79.21,,0.797,,0.9961628357518718,,54.2,,94.86666666666667,0.1247219128924639,1,25.0,0.1632993161855446,1,69.86666666666667,0.0471404520791071,1,0.513346059995394,0.0013466935511271,1,True,948.6820470572832,38.47306458166036,9.486820470572832,39.62545218600651,1,109285429853.16296,2140455351.9983947,13351173348.604788,13521663318.482433,1,1.5007643868892693,0.0192839539382808,1,0.3240481972304455,0.0038005548063496,1,3.0,2.269914110279513,0.5632703786135584,LAS_DataFrame_33a310dd_Laser_True_20260922_151050_LAS.csv
70.0,0.7,3.0,80.0,2420.0,1,33a310dd,2026-09-22 15:21:09.699571,2026-09-22 15:21:09.699571,2026-09-22,0.7070000000000001,,77.6,,2.407,,3.008486757408727,,55.3,,96.03333333333336,0.0942809041582009,1,26.066666666666663,0.0471404520791038,1,69.96666666666667,0.1247219128924576,1,0.5209929220804339,0.0006388214086296,1,True,1035.1494079813667,41.28372395305293,10.351494079813667,42.56171158584078,1,81012875079.87894,1566162580.6719682,9897174217.218164,10020325479.497414,1,1.5676665560519112,0.0197314185495375,1,0.2402157008245528,0.0027860343304968,1,3.0,1.7264137420917631,0.3123553266112554,LAS_DataFrame_33a310dd_Laser_True_20260922_151050_LAS.csv
70.0,0.7,5.0,80.0,2420.0,1,33a310dd,2026-09-22 15:26:46.488745,2026-09-22 15:26:46.488745,2026-09-22,0.705,,76.0,,4.003,,5.00356236641126,,54.3,,87.36666666666667,0.1699673171197563,1,17.533333333333335,0.0942809041582076,1,69.83333333333333,0.1699673171197628,1,0.447979448170121,0.0011635037125655,1,True,1097.4084373258895,46.731747940738295,10.974084373258895,48.00298733858241,1,76098130711.19098,1593507830.3667023,9296750133.984043,9432328994.430395,1,1.614121869686482,0.0175895990666624,1,0.2256427238534994,0.002299992300877,1,3.0,1.4753238667345083,0.4030968107679801,LAS_DataFrame_33a310dd_Laser_True_20260922_151050_LAS.csv
70.0,0.7,7.0,80.0,2420.0,1,33a310dd,2026-09-22 15:39:09.953177,2026-09-22 15:39:09.953177,2026-09-22,0.7040000000000001,,74.4,,5.607,,7.008136788031047,,52.8,,85.53333333333335,0.3299831645537264,1,15.5,0.141421356237309,1,70.03333333333335,0.2054804667656385,1,0.4256890534094523,0.0012224866721943,1,True,1067.6385606236502,57.6539287965949,10.676385606236504,58.63412585939939,1,59709168742.73808,1595649051.2734294,7294544784.757676,7467026149.121564,1,1.5920778488445724,0.0276246249671205,1,0.1770469175553391,0.002995111134547,1,3.0,1.489763375689259,1.21272303091175,LAS_DataFrame_33a310dd_Laser_True_20260922_151050_LAS.csv
70.0,0.7,9.0,80.0,2420.0,1,33a310dd,2026-09-22 15:45:04.612346,2026-09-22 15:45:04.612346,2026-09-22,0.703,,72.79,,7.205,,9.006812925807862,,54.4,,85.8,0.1414213562373148,1,15.833333333333334,0.047140452079103,1,69.96666666666668,0.188561808316422,1,0.4295789861640212,0.0009938683078572,1,True,1108.455712726215,56.47996327490669,11.084557127262151,57.55739447058342,1,46696121116.98152,1207470988.451601,5704767859.521037,5831154475.65716,1,1.6222259612200691,0.0231165407858184,1,0.1384612192672311,0.0020659398063048,1,3.0,1.2779481253271925,0.9013373371179948,LAS_DataFrame_33a310dd_Laser_True_20260922_151050_LAS.csv
70.0,0.7,11.0,80.0,2420.0,1,33a310dd,2026-09-22 15:50:45.706250,2026-09-22 15:50:45.706250,2026-09-22,0.701,,71.2,,8.8,,11.000000000000002,,53.2,,86.89999999999999,0.2828427124746163,1,16.8,0.0,1,70.10000000000001,0.2828427124746163,1,0.4396898914943571,0.0007167922372791,1,True,1098.184334212856,61.2590348647221,10.98184334212856,62.2356026382672,1,36857905404.56398,1022887040.3867686,4502853536.688254,4617573807.775803,1,1.6146923823601995,0.0266259160164355,1,0.1092893884947607,0.0017763647882949,1,3.0,1.3127120277037578,0.7973699477846351,LAS_DataFrame_33a310dd_Laser_True_20260922_151050_LAS.csv
75.0,0.7,1.0,80.0,2420.0,1,33a310dd,2026-09-22 15:15:41.885037,2026-09-22 15:15:41.885037,2026-09-22,0.708,,79.2,,0.807,,1.0086617420975665,,55.5,,105.13333333333333,0.0471404520791071,1,30.266666666666666,0.0471404520791038,1,74.86666666666666,0.0471404520791038,1,0.5365521541607116,0.0003727220626885,1,True,997.7219290786217,52.00613933390864,9.977219290786216,52.9545411952021,1,112742460565.52689,2983298522.354557,13773511590.529957,14092895075.460752,1,1.5390648981102095,0.026921839631544,1,0.3342988278187772,0.0060444793765555,1,3.0,2.253032967355698,1.446390167549744,LAS_DataFrame_33a310dd_Laser_True_20260922_151050_LAS.csv
75.0,0.7,3.0,80.0,2420.0,1,33a310dd,2026-09-22 15:21:28.019673,2026-09-22 15:21:28.019673,2026-09-22,0.7070000000000001,,77.59,,2.402,,3.0028002800280027,,56.2,,102.5,0.1632993161855475,1,27.53333333333333,0.0471404520791038,1,74.96666666666667,0.1247219128924639,1,0.5182835939635858,0.0002237751891394,1,True,1035.3913111098304,42.92284167411755,10.353913111098304,44.153978915761776,1,85909469687.21252,1714134439.3892732,10495380981.909422,10634438341.150244,1,1.5678497186412277,0.0225801249722905,1,0.254734860946874,0.0033783623991481,1,3.0,2.0801909000593897,0.320968096945632,LAS_DataFrame_33a310dd_Laser_True_20260922_151050_LAS.csv
75.0,0.7,5.0,80.0,2420.0,1,33a310dd,2026-09-22 15:27:04.766042,2026-09-22 15:27:04.766042,2026-09-22,0.705,,76.01,,4.005,,5.005311504092982,,55.4,,98.56666666666666,0.1699673171197563,1,23.53333333333333,0.2054804667656325,1,75.03333333333335,0.0471404520791071,1,0.4886202116141693,0.0017178236916626,1,True,1059.1814422179195,48.702170456514736,10.591814422179196,49.84062539665107,1,71887288789.4796,1815153307.4647267,8782320346.629242,8967939127.827425,1,1.5857596239867473,0.0199806076603086,1,0.213156926475145,0.0034879702866569,1,3.0,1.380509410293105,1.178790223366369,LAS_DataFrame_33a310dd_Laser_True_20260922_151050_LAS.csv
75.0,0.7,7.0,80.0,2420.0,1,33a310dd,2026-09-22 15:39:28.304138,2026-09-22 15:39:28.304138,2026-09-22,0.7040000000000001,,74.41,,5.604,,7.003774339490589,,53.4,,92.16666666666669,0.2494438257849279,1,17.133333333333333,0.094280904158206,1,75.03333333333333,0.2494438257849266,1,0.4311548073285944,0.0012213224558401,1,True,1086.1001425378251,80.23969435346346,10.861001425378252,80.97141410336926,1,61692257858.72783,2578332137.278028,7536814651.73706,7965636930.262331,1,1.605783938577985,0.0461573501383558,1,0.182927083409536,0.0063589679981697,1,3.0,1.4585419632478898,2.107587459396849,LAS_DataFrame_33a310dd_Laser_True_20260922_151050_LAS.csv
75.0,0.7,9.0,80.0,2420.0,1,33a310dd,2026-09-22 15:45:22.963639,2026-09-22 15:45:22.963639,2026-09-22,0.703,,72.8,,7.204,,9.004549772511375,,54.9,,91.36666666666667,0.1247219128924639,1,16.333333333333332,0.0471404520791021,1,75.03333333333335,0.0942809041582043,1,0.4228078587517337,0.0004347001656311,1,True,1128.95115466052,48.90945396939557,11.2895115466052,50.19549540093569,1,49482815119.54611,1045519986.1853431,6045212461.76808,6134957681.144108,1,1.6371548174570243,0.0254998900951594,1,0.1467241978635294,0.0021753681415405,1,3.0,1.3862333456851197,0.744784214919998,LAS_DataFrame_33a310dd_Laser_True_20260922_151050_LAS.csv
75.0,0.7,11.0,80.0,2420.0,1,33a310dd,2026-09-22 15:51:04.265473,2026-09-22 15:51:04.265473,2026-09-22,0.701,,71.2,,8.793,,10.992211818534122,,53.7,,92.33333333333331,0.1247219128924639,1,17.4,0.0,1,74.93333333333334,0.1247219128924576,1,0.4341058755661534,0.0002930774642266,1,True,1169.1106641340425,58.19674852594724,11.691106641340426,59.35944333879435,1,39749615321.65717,926128589.09883,4856127714.489124,4943651539.396315,1,1.6660191356139606,0.0287877503074733,1,0.1178637555151996,0.0017559090870104,1,3.0,1.2837546804735414,1.1091116969959591,LAS_DataFrame_33a310dd_Laser_True_20260922_151050_LAS.csv
80.0,0.7,1.0,80.0,2420.0,1,33a310dd,2026-09-22 15:16:00.146709,2026-09-22 15:16:00.146709,2026-09-22,0.708,,79.2,,0.804,,1.0049497525123743,,56.4,,108.9,0.0816496580927737,1,28.899999999999995,3.552713678800501e-15,1,80.0,0.0816496580927679,1,0.5151516237489328,0.0001931219952734,1,True,988.7908937410632,49.34977846838779,9.887908937410632,50.33062067999436,1,110166425265.35014,2877699493.4624763,13458802723.19974,13763012937.459694,1,1.532160999652461,0.0248415089385982,1,0.3266604848471125,0.0058659704470023,1,3.0,2.278000385391266,1.2446486322623844,LAS_DataFrame_33a310dd_Laser_True_20260922_151050_LAS.csv
80.0,0.7,3.0,80.0,2420.0,1,33a310dd,2026-09-22 15:21:46.389582,2026-09-22 15:21:46.389582,2026-09-22,0.7070000000000001,,77.6,,2.401,,3.0012124848439394,,56.4,,100.93333333333334,0.5557777333511014,1,20.433333333333334,0.2624669291337274,1,80.50000000000001,0.2943920288775958,1,0.4499255705288225,0.0016479390599473,1,True,1030.4707529990242,47.17286826880795,10.304707529990242,48.28526170566901,1,94238174665.74796,2110535798.0397625,11512881522.349451,11704734183.33209,1,1.5641197842797872,0.0190160411069471,1,0.2794307589927975,0.0031300376279384,1,3.0,1.928551330990269,0.6401950254081036,LAS_DataFrame_33a310dd_Laser_True_20260922_151050_LAS.csv
80.0,0.7,5.0,80.0,2420.0,1,33a310dd,2026-09-22 15:27:23.191925,2026-09-22 15:27:23.191925,2026-09-22,0.705,,76.01,,3.998,,4.9970002999700025,,56.7,,108.4,0.1414213562373081,1,28.6,0.1414213562373098,1,79.8,0.1414213562373115,1,0.5136496215415164,0.0011415240236845,1,True,1061.0656512709304,46.653360689226886,10.610656512709305,47.84477082430013,1,68391469180.260414,1679753502.487343,8355243345.963664,8522421205.232031,1,1.5871694745014948,0.0242189691170349,1,0.2027912808100973,0.0038088862638759,1,3.0,1.5218551783301442,1.2080511885669902,LAS_DataFrame_33a310dd_Laser_True_20260922_151050_LAS.csv
80.0,0.7,7.0,80.0,2420.0,1,33a310dd,2026-09-22 15:39:46.785952,2026-09-22 15:39:46.785952,2026-09-22,0.7040000000000001,,74.41,,5.598,,6.996800319968003,,54.1,,99.23333333333332,0.0942809041582076,1,19.3,0.0816496580927723,1,79.93333333333334,0.0471404520791038,1,0.4410102278964409,0.0007586365131705,1,True,1101.3798932342766,71.02828672298367,11.013798932342766,71.87712627619757,1,62620044378.74976,2139360948.8879972,7650160398.521008,7943665362.584583,1,1.6170399375463942,0.0384227856147849,1,0.1856781138957752,0.0048845511521463,1,3.0,1.5026236625700082,1.7117783715500714,LAS_DataFrame_33a310dd_Laser_True_20260922_151050_LAS.csv
80.0,0.7,9.0,80.0,2420.0,1,33a310dd,2026-09-22 15:45:41.484833,2026-09-22 15:45:41.484833,2026-09-22,0.703,,72.79,,7.209,,9.011362642033024,,55.4,,97.5,0.2160246899469273,1,17.566666666666666,0.0471404520791038,1,79.93333333333334,0.1885618083164053,1,0.4244654607830003,0.000441614446084,1,True,1095.2714132545989,69.22101381180569,10.952714132545989,70.08217105657805,1,50601888035.82926,1583067689.1245446,6181927269.177446,6381404866.465522,1,1.6125494841900263,0.0234774616755908,1,0.1500424220913904,0.0020798651555819,1,3.0,1.3689092278917587,0.5698244924822029,LAS_DataFrame_33a310dd_Laser_True_20260922_151050_LAS.csv
80.0,0.7,11.0,80.0,2420.0,1,33a310dd,2026-09-22 15:51:22.758528,2026-09-22 15:51:22.758528,2026-09-22,0.701,,71.2,,8.798,,10.997774944373608,,54.1,,97.63333333333333,0.2054804667656331,1,17.6,0.0,1,80.03333333333335,0.2054804667656331,1,0.424578498158151,0.0004466196596519,1,True,1097.7498030282195,58.49892477448713,10.977498030282195,59.51999380692133,1,40324963085.96281,1057600780.7786918,4926416752.536536,5038660678.312872,1,1.6143728988311072,0.0245778517854257,1,0.1195697505966511,0.0017314221344152,1,3.0,1.2840550733031224,0.5530300276357865,LAS_DataFrame_33a310dd_Laser_True_20260922_151050_LAS.csv
85.0,0.7,1.0,80.0,2420.0,1,33a310dd,2026-09-22 15:16:18.427914,2026-09-22 15:16:18.427914,2026-09-22,0.708,,79.2,,0.802,,1.0024749381265468,,57.4,,119.9,0.1414213562373081,1,34.83333333333333,0.0471404520791038,1,85.06666666666668,0.1247219128924626,1,0.5389990093521607,0.0003435734312485,1,True,1043.9824192491135,51.18933963531796,10.439824192491136,52.24307055935799,1,109078942738.1998,2616924948.264862,13325947247.835176,13580470030.044504,1,1.5743408591841357,0.0198558334281694,1,0.3234359310075371,0.0037382670352902,1,3.0,2.245901869715053,0.6526224582738904,LAS_DataFrame_33a310dd_Laser_True_20260922_151050_LAS.csv
85.0,0.7,3.0,80.0,2420.0,1,33a310dd,2026-09-22 15:22:04.831458,2026-09-22 15:22:04.831458,2026-09-22,0.7070000000000001,,77.61,,2.404,,3.0044742170120227,,56.9,,109.16666666666669,0.1885618083164086,1,24.3,0.0,1,84.86666666666667,0.1885618083164086,1,0.47180071899351,0.0004078407923428,1,True,1062.2867982298912,43.89978116297039,10.622867982298912,45.16675890880418,1,94926162580.46117,1904894589.8624413,11596931572.968485,11752337865.573832,1,1.5880825234969198,0.0202990481008915,1,0.2814707495366303,0.0033198943955801,1,3.0,2.00489607121099,0.602796994654251,LAS_DataFrame_33a310dd_Laser_True_20260922_151050_LAS.csv
85.0,0.7,5.0,80.0,2420.0,1,33a310dd,2026-09-22 15:27:41.549981,2026-09-22 15:27:41.549981,2026-09-22,0.705,,75.99,,3.991,,4.989935109588528,,57.9,,116.43333333333334,0.2054804667656324,1,31.46666666666667,0.1247219128924649,1,84.96666666666667,0.188561808316412,1,0.5198595536600298,0.0009294449429141,1,True,1059.5575424511508,41.50962792432529,10.595575424511507,42.84058156692598,1,68194703826.23443,1301802873.0941176,8331204932.47954,8432298995.372941,1,1.586041139318478,0.0194170263036324,1,0.2022078411115464,0.002310744804484,1,3.0,1.47736781138289,0.7355905515613572,LAS_DataFrame_33a310dd_Laser_True_20260922_151050_LAS.csv
85.0,0.7,7.0,80.0,2420.0,1,33a310dd,2026-09-22 15:40:05.156232,2026-09-22 15:40:05.156232,2026-09-22,0.7040000000000001,,74.41,,5.592,,6.9898252543686406,,55.0,,107.66666666666669,0.0942809041582076,1,22.766666666666666,0.0471404520791038,1,84.89999999999999,0.1414213562373081,1,0.4598425760801247,0.0006773428206773,1,True,1079.9368424040902,53.17390239923281,10.7993684240409,54.25947156691915,1,63619406303.44164,1609493644.436624,7772250363.418287,7937149709.003704,1,1.6012212797137888,0.0247431345157428,1,0.1886413765238518,0.0031152613705589,1,3.0,1.4472651921088489,1.1830850641306467,LAS_DataFrame_33a310dd_Laser_True_20260922_151050_LAS.csv
85.0,0.7,9.0,80.0,2420.0,1,33a310dd,2026-09-22 15:45:59.946764,2026-09-22 15:45:59.946764,2026-09-22,0.703,,72.8,,7.204,,9.004549772511375,,55.9,,104.36666666666667,0.0942809041582076,1,19.5,0.0,1,84.86666666666666,0.0942809041582076,1,0.4322515229199437,0.0001951464026372,1,True,1131.1694514354003,73.77329154363454,11.311694514354004,74.63546729248881,1,52098780836.12708,1819922552.7498653,6364799544.904476,6619878499.249349,1,1.6387624658442046,0.0322676371413461,1,0.1544809406938746,0.0036050520977697,1,3.0,1.4141357376887154,1.3307909507733622,LAS_DataFrame_33a310dd_Laser_True_20260922_151050_LAS.csv
85.0,0.7,11.0,80.0,2420.0,1,33a310dd,2026-09-22 15:51:41.097366,2026-09-22 15:51:41.097366,2026-09-22,0.7019999999999998,,71.2,,8.797,,10.996662374839056,,54.6,,103.56666666666666,0.0471404520791004,1,18.466666666666665,0.0471404520791038,1,85.1,0.0816496580927679,1,0.4222639428126087,0.0005931080038811,1,True,1162.5059432323385,58.70472305125285,11.625059432323384,59.84468660899937,1,43460483880.71297,1119592322.6340976,5309476797.458461,5426235419.851499,1,1.661306503783239,0.0243485645891962,1,0.1288670545673868,0.0020002257255898,1,3.0,1.3118133810200217,0.6667909042172728,LAS_DataFrame_33a310dd_Laser_True_20260922_151050_LAS.csv
90.0,0.7,1.0,80.0,2420.0,1,33a310dd,2026-09-22 15:16:36.690559,2026-09-22 15:16:36.690559,2026-09-22,0.708,,79.2,,0.806,,1.0074244431667625,,58.7,,131.43333333333334,0.1885618083164019,1,41.43333333333333,0.0471404520791038,1,90.0,0.1414213562373014,1,0.5614644499729522,8.327370293360114e-05,1,True,948.9358529173236,48.928339547500535,9.489358529173238,49.84004751372833,1,102586748872.09566,2584546880.475172,12532809444.96825,12796530590.799185,1,1.5009651271290012,0.0201634944960771,1,0.304185572371365,0.0037323054534241,1,3.0,2.223223257345865,0.0286538008876657,LAS_DataFrame_33a310dd_Laser_True_20260922_151050_LAS.csv
90.0,0.7,3.0,80.0,2420.0,1,33a310dd,2026-09-22 15:22:23.210683,2026-09-22 15:22:23.210683,2026-09-22,0.706,,77.58,,2.387,,2.984981304788225,,57.6,,118.36666666666667,0.2494438257849329,1,28.46666666666667,0.0471404520791038,1,89.90000000000002,0.2449489742783212,1,0.4904041105803167,0.0005942328465643,1,True,1071.3771018879645,73.48590355545333,10.713771018879642,74.26279627650965,1,94550860073.6179,3446130033.0840416,11551081647.376732,12054181823.304615,1,1.5948628959082725,0.0448870173596377,1,0.2803579195745573,0.0086156403899601,1,3.0,2.202064972717316,1.9885072783130853,LAS_DataFrame_33a310dd_Laser_True_20260922_151050_LAS.csv
90.0,0.7,5.0,80.0,2420.0,1,33a310dd,2026-09-22 15:27:59.880943,2026-09-22 15:27:59.880943,2026-09-22,0.705,,75.99,,3.996,,4.9958742779986505,,58.9,,124.23333333333332,0.0471404520791004,1,34.2,0.0,1,90.03333333333335,0.0471404520791004,1,0.5246793930203468,9.952501422370924e-05,1,True,1087.00690451867,53.48288900221134,10.8700690451867,54.576348513527215,1,70821773555.30249,1696958649.7793825,8652148569.694366,8816991750.655397,1,1.6064541162096473,0.0294494877635763,1,0.2099975090558185,0.0036673356555904,1,3.0,1.6978139241008894,1.2592102815047248,LAS_DataFrame_33a310dd_Laser_True_20260922_151050_LAS.csv
90.0,0.7,7.0,80.0,2420.0,1,33a310dd,2026-09-22 15:40:23.495775,2026-09-22 15:40:23.495775,2026-09-22,0.7040000000000001,,74.41,,5.59,,6.9875,,56.1,,118.96666666666664,0.1247219128924639,1,28.866666666666664,0.0471404520791021,1,90.09999999999998,0.0816496580927679,1,0.4925899312838983,0.0001794920834065,1,True,1031.296967646603,57.67207179985005,10.31296967646603,58.586903052088076,1,58450385524.04071,1612454593.4516623,7140761860.686972,7320552558.8568125,1,1.5647467015117271,0.0227289956602668,1,0.1733144306788096,0.0023902822157045,1,3.0,1.5043462973313928,0.7740809024557352,LAS_DataFrame_33a310dd_Laser_True_20260922_151050_LAS.csv
90.0,0.7,9.0,80.0,2420.0,1,33a310dd,2026-09-22 15:46:18.334123,2026-09-22 15:46:18.334123,2026-09-22,0.703,,72.79,,7.2,,9.001125140642579,,56.4,,111.86666666666667,0.2624669291337253,1,21.83333333333333,0.094280904158206,1,90.03333333333335,0.1699673171197563,1,0.4417824597622807,0.0004500640505589,1,True,1108.6200361344688,59.438243798578206,11.08620036134469,60.46328360510285,1,51651847843.544495,1413500458.1008277,6310198672.05987,6466574891.387047,1,1.6223462004940192,0.0260302169227881,1,0.1531557152660771,0.0025977725642677,1,3.0,1.396573123076484,1.066515515645101,LAS_DataFrame_33a310dd_Laser_True_20260922_151050_LAS.csv
90.0,0.7,11.0,80.0,2420.0,1,33a310dd,2026-09-22 15:51:59.557499,2026-09-22 15:51:59.557499,2026-09-22,0.701,,71.19,,8.801,,11.002487779875237,,55.1,,109.86666666666667,0.1247219128924639,1,19.9,0.0,1,89.96666666666665,0.1247219128924576,1,0.4255923118505615,0.0002416473944076,1,True,1104.883117237424,67.81883891760933,11.04883117237424,68.71296516966991,1,43125567831.61344,1306124636.1324422,5268560801.293505,5428047022.828612,1,1.6196096029610092,0.0258168532240369,1,0.127873976697079,0.0019370146518918,1,3.0,1.3121849771674745,0.421709952674079,LAS_DataFrame_33a310dd_Laser_True_20260922_151050_LAS.csv
95.0,0.7,1.0,80.0,2420.0,1,33a310dd,2026-09-22 15:16:54.868067,2026-09-22 15:16:54.868067,2026-09-22,0.708,,79.2,,0.806,,1.0074244431667625,,60.1,,143.53333333333333,0.1885618083164153,1,48.56666666666666,0.1247219128924664,1,94.96666666666668,0.1247219128924626,1,0.5816910867088168,0.0005224342783363,1,True,1013.74798480012,46.66413601757371,10.1374798480012,47.7525924734485,1,104790775413.61482,2331608990.1948366,12802070777.062435,13012663703.64167,1,1.551376384817223,0.0225251634589769,1,0.3107208518536067,0.0041240916798011,1,3.0,2.5225816705292003,0.3888382314942278,LAS_DataFrame_33a310dd_Laser_True_20260922_151050_LAS.csv
95.0,0.7,3.0,80.0,2420.0,1,33a310dd,2026-09-22 15:22:41.611283,2026-09-22 15:22:41.611283,2026-09-22,0.7070000000000001,,77.62,,2.402,,3.001674539501637,,58.6,,128.63333333333333,0.0471404520791004,1,33.56666666666667,0.0471404520791038,1,95.06666666666666,0.0471404520791004,1,0.5108309859505556,0.0003223855987623,1,True,1089.9624048513867,52.62264922233089,10.899624048513868,53.73960379064423,1,97196742217.9821,2365503108.1078563,11874323558.186329,12107649025.263607,1,1.6086365553205226,0.0224451233789811,1,0.2882033692389586,0.0041190132268869,1,3.0,2.1934811740507154,1.0291444059045107,LAS_DataFrame_33a310dd_Laser_True_20260922_151050_LAS.csv
95.0,0.7,5.0,80.0,2420.0,1,33a310dd,2026-09-22 15:28:18.259941,2026-09-22 15:28:18.259941,2026-09-22,0.706,,75.99,,4.002,,5.003000300030004,,59.9,,130.70000000000002,0.1414213562373148,1,35.6,0.0,1,95.10000000000002,0.1414213562373148,1,0.5219001191357636,0.0002825180746245,1,True,1003.7807627740638,54.184654662356685,10.037807627740635,55.1065729550512,1,72245202585.76831,2028723754.25024,8826045929.669252,9056202671.301607,1,1.5437309398210153,0.0220306349735474,1,0.2142181962217809,0.0034788822279998,1,3.0,1.6463212742003797,1.0436107729797242,LAS_DataFrame_33a310dd_Laser_True_20260922_151050_LAS.csv
95.0,0.7,7.0,80.0,2420.0,1,33a310dd,2026-09-22 15:40:41.945168,2026-09-22 15:40:41.945168,2026-09-22,0.7040000000000001,,74.4,,5.603,,7.003487369223653,,57.5,,128.36666666666667,0.0471404520791004,1,33.333333333333336,0.0471404520791038,1,95.03333333333336,0.0471404520791038,1,0.5095808817470525,0.0003237213627772,1,True,1095.706381508891,52.58253033584415,10.95706381508891,53.712007446826085,1,58534295095.83212,1488198169.7932706,7151012918.308281,7304226143.157669,1,1.6128696505896112,0.0285034972688599,1,0.1735632355332711,0.0033965522097218,1,3.0,1.5185306825655431,1.2008339750394104,LAS_DataFrame_33a310dd_Laser_True_20260922_151050_LAS.csv
95.0,0.7,9.0,80.0,2420.0,1,33a310dd,2026-09-22 15:46:36.807288,2026-09-22 15:46:36.807288,2026-09-22,0.703,,72.81,,7.196,,8.99432542559308,,57.1,,120.23333333333332,0.1699673171197609,1,25.366666666666664,0.0471404520791021,1,94.86666666666667,0.2054804667656385,1,0.4593244811478674,0.0006927492247176,1,True,1102.5937272896683,71.03511002459476,11.025937272896684,71.88572980051141,1,52838368550.66711,1891320162.3761964,6455153435.597771,6726521971.548181,1,1.6179307644300405,0.0383613102333707,1,0.1566739326225562,0.004447309042385,1,3.0,1.4590457002283803,1.5705208404875726,LAS_DataFrame_33a310dd_Laser_True_20260922_151050_LAS.csv
95.0,0.7,11.0,80.0,2420.0,1,33a310dd,2026-09-22 15:52:17.958079,2026-09-22 15:52:17.958079,2026-09-22,0.701,,71.21,,8.793,,10.990837843580866,,55.6,,116.83333333333331,0.2054804667656324,1,21.83333333333333,0.0471404520791021,1,95.0,0.2160246899469273,1,0.4322917391098892,0.0006342123881142,1,True,1191.660855682429,58.5974793185848,11.91660855682429,59.79690746174548,1,45574411862.98998,1191515861.1138687,5567730976.224725,5693798228.853764,1,1.6820097586952445,0.0252717134686159,1,0.135135177890434,0.0023591720284357,1,3.0,1.3127685290913311,0.9159136342169272,LAS_DataFrame_33a310dd_Laser_True_20260922_151050_LAS.csv
100.0,0.7,1.0,80.0,2420.0,1,33a310dd,2026-09-22 15:17:13.079386,2026-09-22 15:17:13.079386,2026-09-22,0.708,,79.2,,0.805,,1.0061871133054183,,61.6,,153.70000000000002,0.2449489742783155,1,53.56666666666666,0.1699673171197586,1,100.13333333333333,0.0942809041582043,1,0.5903502039393614,0.0005012387209895,1,True,974.1458252393812,40.09481326218095,9.74145825239381,41.26124161258714,1,102451965987.99704,2035139807.9560823,12516343300.739843,12680719366.814434,1,1.5207721868048925,0.0213365549881123,1,0.3037859202798798,0.0039365795344707,1,3.0,2.454269162634601,0.8218485051185168,LAS_DataFrame_33a310dd_Laser_True_20260922_151050_LAS.csv
100.0,0.7,3.0,80.0,2420.0,1,33a310dd,2026-09-22 15:22:59.915966,2026-09-22 15:22:59.915966,2026-09-22,0.7070000000000001,,77.62,,2.401,,3.00046237862561,,59.8,,139.43333333333337,0.1247219128924576,1,39.33333333333333,0.0471404520791038,1,100.1,0.1414213562373048,1,0.531125491059189,0.0004314206125623,1,True,1042.2822312851893,57.86282593121123,10.422822312851892,58.79406304815933,1,95911195302.94876,2820700051.699116,11717270969.076918,12052003474.29539,1,1.573058382582804,0.0341242690427374,1,0.2843915238645895,0.0067599664200634,1,3.0,2.0381807396817093,1.6154922463635597,LAS_DataFrame_33a310dd_Laser_True_20260922_151050_LAS.csv
100.0,0.7,5.0,80.0,2420.0,1,33a310dd,2026-09-22 15:28:36.730863,2026-09-22 15:28:36.730863,2026-09-22,0.706,,76.01,,4.004,,5.004124278251305,,60.4,,133.83333333333334,1.307244770075179,1,33.166666666666664,3.0169889330626023,1,100.66666666666669,3.3309991827611687,1,0.497304723315446,0.0232767766487855,1,True,1069.0506755768038,66.87283932679222,10.690506755768038,67.72195784472042,1,80810806025.7336,2571977136.8395605,9872487861.736853,10202013672.435797,1,1.593130383904259,0.0347081918006743,1,0.2396165348350898,0.0054079565080593,1,3.0,1.6080452962172052,1.7542589205700667,LAS_DataFrame_33a310dd_Laser_True_20260922_151050_LAS.csv
100.0,0.7,7.0,80.0,2420.0,1,33a310dd,2026-09-22 15:41:00.259751,2026-09-22 15:41:00.259751,2026-09-22,0.7040000000000001,,74.42,,5.591,,6.98778917898789,,58.7,,136.20000000000002,0.1414213562373148,1,36.43333333333333,0.0942809041582076,1,99.76666666666664,0.124721912892469,1,0.5172024406024754,0.0005837955293648,1,True,1091.4479763870156,81.2444642597719,10.914479763870157,81.97431818181403,1,58616543512.22717,2390822948.1183667,7161061036.034623,7549624462.916197,1,1.609732433004904,0.0502797804563532,1,0.1738071148051346,0.0061548566482214,1,3.0,1.576518109331977,1.9361291814560115,LAS_DataFrame_33a310dd_Laser_True_20260922_151050_LAS.csv
100.0,0.7,9.0,80.0,2420.0,1,33a310dd,2026-09-22 15:46:55.151476,2026-09-22 15:46:55.151476,2026-09-22,0.703,,72.79,,7.198,,8.998849827474123,,58.0,,130.29999999999998,0.1414213562373148,1,30.3,0.0,1,100.0,0.1414213562373148,1,0.4822245296031722,0.0002615412063662,1,True,1143.0787803677574,48.62218824918543,11.430787803677577,49.94777372367991,1,53561133815.4459,1227838987.4576628,6543452162.64105,6657653849.810224,1,1.647366597019091,0.0237681553195157,1,0.1588170433866081,0.0026639057548129,1,3.0,1.3981783791008144,0.985872366716922,LAS_DataFrame_33a310dd_Laser_True_20260922_151050_LAS.csv
100.0,0.7,11.0,80.0,2420.0,1,33a310dd,2026-09-22 15:52:36.387601,2026-09-22 15:52:36.387601,2026-09-22,0.701,,71.2,,8.797,,10.996662374839056,,56.3,,124.33333333333331,0.1247219128924639,1,24.33333333333333,0.0471404520791021,1,100.0,0.1414213562373081,1,0.442391744665517,0.000518171562063,1,True,1179.1458562179405,57.71153140291322,11.791458562179406,58.90381440868692,1,45771744797.066414,1102891718.5063992,5591838729.781472,5699564064.26264,1,1.6731540881635791,0.0248190989650093,1,0.1357203005515937,0.001927821988513,1,3.0,1.317908377869263,0.8225180235898093,LAS_DataFrame_33a310dd_Laser_True_20260922_151050_LAS.csv
105.0,0.7,1.0,80.0,2420.0,1,33a310dd,2026-09-22 15:17:31.568667,2026-09-22 15:17:31.568667,2026-09-22,0.708,,79.2,,0.802,,1.0024749381265468,,63.2,,166.43333333333334,0.2867441755680944,1,61.43333333333334,0.3399346342395182,1,105.0,0.0816496580927737,1,0.6075467393885016,0.0011706568131684,1,True,1045.9948230132843,45.723694229772526,10.459948230132843,46.904868947634775,1,105752971403.29434,2435155597.4132614,12919620257.087397,13147112624.867718,1,1.5758574959132083,0.0244185798031797,1,0.3135739117377737,0.0053641660758795,1,3.0,2.308317993950658,1.1459207265660645,LAS_DataFrame_33a310dd_Laser_True_20260922_151050_LAS.csv
105.0,0.7,3.0,80.0,2420.0,1,33a310dd,2026-09-22 15:23:18.272744,2026-09-22 15:23:18.272744,2026-09-22,0.7070000000000001,,77.6,,2.395,,2.993937121070067,,61.2,,150.46666666666667,0.1699673171197498,1,45.5,0.0,1,104.96666666666664,0.1699673171197498,1,0.5499025784054309,0.0003104466022062,1,True,1136.0385605709807,62.5037372906769,11.360385605709807,63.52775406397092,1,101586929730.16156,3079451891.952576,12410663622.792768,12787008857.155064,1,1.6422856979263856,0.0319555390156506,1,0.3012209540234704,0.007004571030002,1,3.0,2.351897901835065,1.3868679679295617,LAS_DataFrame_33a310dd_Laser_True_20260922_151050_LAS.csv
105.0,0.7,5.0,80.0,2420.0,1,33a310dd,2026-09-22 15:28:55.142165,2026-09-22 15:28:55.142165,2026-09-22,0.706,,76.0,,3.989,,4.9869357036592525,,60.7,,134.1,0.2160246899469295,1,29.03333333333333,0.2624669291337264,1,105.06666666666666,0.0471404520791038,1,0.4652951036805532,0.0017249398590634,1,True,1088.3848089911917,54.62508977549148,10.883848089911917,55.698820294731405,1,82912807738.55278,2107780937.814532,10129285033.003143,10346262888.678007,1,1.6074719750973692,0.0300009372224434,1,0.2458492949251546,0.0046959590502603,1,3.0,1.6697885776859995,1.5628910445653594,LAS_DataFrame_33a310dd_Laser_True_20260922_151050_LAS.csv
105.0,0.7,7.0,80.0,2420.0,1,33a310dd,2026-09-22 15:41:18.705356,2026-09-22 15:41:18.705356,2026-09-22,0.7040000000000001,,74.39,,5.591,,6.990410222427827,,59.9,,143.56666666666666,0.2494438257849279,1,38.46666666666666,0.3091206165165224,1,105.1,0.0816496580927737,1,0.5176199190515188,0.0016381274864738,1,True,1156.319439153139,66.10414344843966,11.56319439153139,67.10786277023156,1,61750635584.0859,1743313984.0333543,7543946536.856605,7742756162.883925,1,1.6568801222663494,0.0248879605824275,1,0.183100182391588,0.0026255010349234,1,3.0,1.544429481631268,0.2314140159877907,LAS_DataFrame_33a310dd_Laser_True_20260922_151050_LAS.csv
105.0,0.7,9.0,80.0,2420.0,1,33a310dd,2026-09-22 15:47:13.532480,2026-09-22 15:47:13.532480,2026-09-22,0.703,,72.79,,7.206,,9.007950397519876,,59.3,,142.16666666666666,0.1247219128924677,1,37.0,0.0,1,105.16666666666669,0.1247219128924677,1,0.5101549406983393,0.0002238341734229,1,True,1164.4179137044837,61.24649145249245,11.644179137044835,62.34356119933975,1,50610083547.87455,1528198320.473165,6182928497.814642,6368986961.502232,1,1.6626721157314566,0.0274935204922609,1,0.150066723051795,0.0033338922531182,1,3.0,1.3901943702876356,1.062367824438606,LAS_DataFrame_33a310dd_Laser_True_20260922_151050_LAS.csv
105.0,0.7,11.0,80.0,2420.0,1,33a310dd,2026-09-22 15:52:54.711220,2026-09-22 15:52:54.711220,2026-09-22,0.701,,71.21,,8.799,,10.997512779812272,,57.1,,133.0,0.0816496580927679,1,28.0,0.0816496580927737,1,105.0,0.0,1,0.4588308395333431,0.0005281514638046,1,True,1225.13832620403,65.81881766662865,12.2513832620403,66.94933271412276,1,47524166058.902885,1261002739.1421013,5805928385.447335,5941290459.577531,1,1.7054725645683768,0.0247529263894871,1,0.1409165005523569,0.0019584074974181,1,3.0,1.346039643648364,0.3510527530963968,LAS_DataFrame_33a310dd_Laser_True_20260922_151050_LAS.csv
110.0,0.7,1.0,80.0,2420.0,1,33a310dd,2026-09-22 15:17:49.977976,2026-09-22 15:17:49.977976,2026-09-22,0.708,,79.2,,0.793,,0.9913367419649218,,65.1,,178.76666666666665,0.8178562764256883,1,68.8,0.7257180352359085,1,109.96666666666668,0.0942809041582076,1,0.6203590269663435,0.0018477139098228,1,True,1014.0694177550608,38.853599034135634,10.140694177550609,40.15514707117874,1,103155179044.84196,1888477222.2046611,12602253375.26262,12742964190.215084,1,1.5516223157492954,0.0216659104727757,1,0.3058710557242449,0.0039066224374586,1,3.0,2.440498928770912,0.4480126439521569,LAS_DataFrame_33a310dd_Laser_True_20260922_151050_LAS.csv
110.0,0.7,3.0,80.0,2420.0,1,33a310dd,2026-09-22 15:23:36.573330,2026-09-22 15:23:36.573330,2026-09-22,0.7070000000000001,,77.6,,2.405,,3.00606212111743,,62.6,,160.83333333333334,0.2054804667656316,1,50.76666666666667,0.1247219128924633,1,110.06666666666666,0.0942809041581976,1,0.5618247997869789,0.0003644751071813,1,True,1117.8168837920948,49.370295855417474,11.178168837920948,50.619932550533086,1,101904448790.61662,2176122746.774335,12449454265.08898,12638212757.64777,1,1.6290616006725702,0.024034233583798,1,0.3021624471325245,0.0041210049914013,1,3.0,2.451680954748585,0.0577863952643172,LAS_DataFrame_33a310dd_Laser_True_20260922_151050_LAS.csv
110.0,0.7,5.0,80.0,2420.0,1,33a310dd,2026-09-22 15:29:13.510971,2026-09-22 15:29:13.510971,2026-09-22,0.705,,75.99,,4.0,,5.000625078134767,,61.4,,143.4,0.0816496580927679,1,33.36666666666667,0.0471404520791038,1,110.03333333333336,0.0471404520790971,1,0.4823715710878122,0.0002323208387175,1,True,1086.458629363647,60.50490786210801,10.86458629363647,61.47262082207048,1,82144632393.34857,2280677540.7732515,10035438651.013103,10291332224.898544,1,1.6060489256041777,0.0336867554787749,1,0.2435715362513336,0.0050827251860145,1,3.0,1.7426779576980582,1.642691785308262,LAS_DataFrame_33a310dd_Laser_True_20260922_151050_LAS.csv
110.0,0.7,7.0,80.0,2420.0,1,33a310dd,2026-09-22 15:41:37.135479,2026-09-22 15:41:37.135479,2026-09-22,0.7040000000000001,,74.4,,5.6,,7.0,,61.0,,150.3,0.0816496580927795,1,40.333333333333336,0.0471404520791038,1,109.96666666666664,0.094280904158211,1,0.5180271733075902,0.0003337125184136,1,True,1130.7008816717705,56.84267107352259,11.307008816717705,57.956343079545775,1,62956811581.81805,1819036746.755128,7691302546.310798,7903482115.177616,1,1.6384230144574747,0.0254341144792745,1,0.1866766807238258,0.0039334722854453,1,3.0,1.5867518441681263,1.0681827891415216,LAS_DataFrame_33a310dd_Laser_True_20260922_151050_LAS.csv
110.0,0.7,9.0,80.0,2420.0,1,33a310dd,2026-09-22 15:47:31.957605,2026-09-22 15:47:31.957605,2026-09-22,0.703,,72.81,,7.198,,8.996600339966003,,60.4,,148.9,0.1632993161855475,1,38.833333333333336,0.2494438257849298,1,110.06666666666666,0.0942809041582009,1,0.5106839256054986,0.001367525286314,1,True,1181.869901885427,66.39217483487364,11.81869901885427,67.4359142134419,1,52156310399.14458,1448845796.8670127,6371827811.797402,6534473491.131024,1,1.675085621419678,0.0231878705750723,1,0.1546515247434439,0.0020421529783676,1,3.0,1.39908023618379,0.4825967968478997,LAS_DataFrame_33a310dd_Laser_True_20260922_151050_LAS.csv
110.0,0.7,11.0,80.0,2420.0,1,33a310dd,2026-09-22 15:53:13.109930,2026-09-22 15:53:13.109930,2026-09-22,0.701,,71.21,,8.796,,10.994175436842236,,58.0,,142.23333333333332,0.0471404520791138,1,32.266666666666666,0.0471404520791004,1,109.96666666666664,0.0471404520791071,1,0.476295230799864,0.0003160631506587,1,True,1172.5221785735127,55.00674157852265,11.725221785735128,56.242532348846545,1,47596949355.23546,1096766153.2671509,5814820169.169326,5917349879.357381,1,1.6684481221370804,0.0250534874885261,1,0.1411323142797381,0.0020268083640835,1,3.0,1.3577720608070318,0.8091810455475484,LAS_DataFrame_33a310dd_Laser_True_20260922_151050_LAS.csv
